Prev,Next,Count
32,9,1027
32,32,608660
32,33,3101
32,34,307132
32,35,5966
32,36,2997
32,37,1943
32,38,35918
32,39,245684
32,40,1598606
32,41,166210
32,42,8177
32,43,15362
32,44,44368
32,45,1131863
32,46,76056
32,47,108947
32,48,97043
32,49,3699201
32,50,2748411
32,51,804992
32,52,525258
32,53,453094
32,54,365374
32,55,333720
32,56,322308
32,57,310204
32,58,702246
32,59,3348
32,60,72668
32,61,27139
32,62,2547
32,63,24726
32,64,1552
32,65,301521
32,66,224377
32,67,315721
32,68,199678
32,69,147936
32,70,246949
32,71,153159
32,72,153362
32,73,170435
32,74,104340
32,75,195058
32,76,182166
32,77,329685
32,78,144447
32,79,113173
32,80,221929
32,81,15426
32,82,165472
32,83,416452
32,84,301716
32,85,118210
32,86,84574
32,87,129477
32,88,30701
32,89,46360
32,90,20428
32,91,36682
32,92,418
32,93,1233
32,94,388
32,95,812
32,96,2005
32,97,156404
32,98,61211
32,99,71884
32,100,77174
32,101,49370
32,102,65476
32,103,25222
32,104,32597
32,105,79937
32,106,6260
32,107,32879
32,108,40308
32,109,69337
32,110,30719
32,111,158881
32,112,67800
32,113,3932
32,114,37534
32,115,107265
32,116,158313
32,117,14993
32,118,37237
32,119,40343
32,120,7534
32,121,9246
32,122,4324
32,123,4109
32,124,143805
32,125,2119
32,126,360236
32,127,2
32,128,1
32,151,1
32,160,5968
32,161,92
32,162,4
32,163,644
32,164,3
32,165,37
32,166,10
32,167,196
32,168,12
32,169,76
32,170,1
32,171,1274
32,172,45
32,173,61
32,174,18
32,175,1
32,176,851
32,177,793
32,178,25
32,179,8
32,180,65
32,181,316
32,182,11
32,183,31814
32,184,1
32,185,17
32,186,2
32,187,246
32,188,59
32,189,1147
32,190,11
32,191,18
32,192,56
32,193,279
32,194,78
32,195,9
32,196,109
32,197,142
32,198,65
32,199,110
32,200,14
32,201,722
32,202,10
32,203,3
32,204,7
32,205,57
32,206,16
32,207,7
32,208,15
32,209,24
32,210,4
32,211,127
32,212,52
32,213,32
32,214,351
32,215,3348
32,216,118
32,217,4
32,218,34
32,219,2
32,220,200
32,221,13
32,222,40
32,223,32
32,224,876
32,225,112
32,226,60
32,227,11
32,228,96
32,229,32
32,230,45
32,231,31
32,232,102
32,233,761
32,234,36
32,235,15
32,236,10
32,237,44
32,238,51
32,239,13
32,240,22
32,241,53
32,242,10
32,243,59
32,244,44
32,245,9
32,246,132
32,247,171
32,248,21
32,249,9
32,250,65
32,251,5
32,252,343
32,253,9
32,254,69
32,255,10
32,256,31
32,257,66
32,258,3
32,259,13
32,260,3
32,261,7
32,262,18
32,263,11
32,264,24
32,265,77
32,266,1
32,267,6
32,268,229
32,269,76
32,270,10
32,271,1
32,272,1889
32,273,421
32,274,15
32,275,40
32,277,3
32,278,6
32,279,1
32,280,3
32,281,14
32,282,10
32,283,7
32,284,13
32,285,28
32,286,5
32,287,12
32,288,2
32,289,3
32,290,1
32,291,1
32,292,12
32,293,8
32,294,4
32,295,24
32,296,4
32,297,4
32,298,9
32,299,24
32,300,1
32,301,1
32,302,2
32,303,5
32,304,103
32,305,17
32,306,7
32,307,4
32,308,11
32,309,14
32,310,3
32,311,2
32,312,1
32,313,2
32,314,1
32,315,2
32,316,2
32,317,4
32,319,1
32,320,1
32,321,66
32,322,12
32,323,10
32,324,6
32,325,2
32,326,2
32,327,8
32,328,2
32,329,1
32,330,6
32,331,37
32,332,32
32,333,26
32,336,7
32,337,3
32,338,36
32,339,35
32,340,2
32,341,2
32,342,4
32,343,3
32,344,12
32,345,16
32,346,77
32,347,56
32,348,11
32,349,16
32,350,77
32,351,42
32,352,210
32,353,96
32,354,4
32,355,5
32,356,9
32,357,1
32,358,3
32,359,2
32,360,4
32,361,16
32,362,16
32,363,23
32,364,10
32,365,8
32,366,1
32,367,2
32,368,2
32,369,2
32,370,1
32,371,8
32,376,8
32,377,11
32,378,7
32,379,26
32,380,23
32,381,136
32,382,56
32,383,14
32,384,1
32,385,1
32,390,1
32,393,1
32,398,1
32,399,11
32,402,56
32,404,1
32,407,1
32,415,1
32,416,10
32,417,24
32,418,1
32,419,1
32,425,2
32,431,12
32,432,14
32,437,1
32,438,1
32,447,2
32,448,3
32,449,4
32,450,14
32,451,55
32,455,1
32,456,1
32,457,1
32,458,1
32,459,1
32,460,1
32,461,9
32,462,2
32,463,9
32,464,2
32,465,9
32,466,2
32,467,9
32,468,1
32,469,1
32,470,1
32,471,1
32,472,1
32,473,1
32,474,1
32,475,1
32,476,1
32,477,1
32,478,1
32,482,1
32,483,2
32,485,1
32,486,9
32,487,5
32,488,9
32,489,3
32,490,4
32,491,2
32,494,2
32,496,4
32,501,3
32,503,3
32,508,1
32,520,1
32,531,1
32,536,6
32,537,11
32,538,2
32,539,4
32,540,1
32,541,2
32,542,8
32,543,1
32,546,1
32,551,1
32,554,1
32,556,1
32,558,1
32,560,1
32,562,1
32,563,2
32,566,1
32,575,1
32,576,1
32,577,1
32,592,4
32,593,5
32,595,1
32,596,13
32,597,5
32,598,26
32,599,1
32,601,23
32,603,18
32,607,24
32,609,13
32,611,7
32,612,8
32,613,5
32,614,3
32,616,15
32,618,6
32,620,2
32,621,2
32,623,8
32,624,6
32,625,1
32,626,10
32,627,1
32,629,1
32,632,9
32,640,5
32,641,10
32,642,3
32,643,11
32,644,1
32,647,1
32,648,10
32,650,7
32,651,3
32,652,3
32,657,4
32,658,6
32,660,19
32,661,3
32,663,1
32,664,5
32,665,1
32,666,1
32,668,1
32,673,2
32,676,2
32,677,1
32,679,2
32,680,1
32,681,1
32,682,1
32,683,1
32,684,1
32,699,74
32,700,9
32,702,16
32,703,52
32,711,4
32,712,107
32,713,1
32,714,1
32,715,1
32,716,5
32,720,114
32,721,1
32,728,1
32,729,2
32,730,13
32,731,1
32,733,6
32,739,1
32,740,1
32,741,1
32,742,1
32,743,1
32,744,1
32,745,1
32,746,2
32,769,1
32,771,1
32,772,1
32,774,4
32,776,2
32,778,1
32,789,1
32,803,1
32,815,4
32,827,3
32,880,1
32,881,2
32,882,2
32,883,3
32,885,1
32,886,2
32,887,3
32,902,25
32,904,10
32,905,2
32,906,8
32,908,8
32,910,1
32,911,1
32,913,219
32,914,142
32,915,173
32,916,558
32,917,159
32,918,64
32,919,37
32,920,80
32,921,69
32,922,173
32,923,230
32,924,126
32,925,54
32,926,27
32,927,50
32,928,265
32,929,29
32,931,233
32,932,56
32,933,19
32,934,150
32,935,68
32,936,32
32,937,169
32,940,25
32,941,10
32,942,16
32,945,1865
32,946,1523
32,947,498
32,948,350
32,949,350
32,950,74
32,951,95
32,952,258
32,953,35
32,954,231
32,955,278
32,956,722
32,957,112
32,958,29
32,959,147
32,960,456
32,961,106
32,962,7
32,963,369
32,964,379
32,965,21
32,966,223
32,967,100
32,968,85
32,969,183
32,972,26
32,973,1
32,978,1
32,981,7
32,984,3
32,985,3
32,986,2
32,987,3
32,988,5
32,989,8
32,990,2
32,991,4
32,992,2
32,993,4
32,1015,3
32,1016,2
32,1018,1
32,1019,2
32,1025,31
32,1026,8
32,1027,6
32,1028,11
32,1029,8
32,1030,34
32,1031,2
32,1032,19
32,1033,5
32,1034,10
32,1035,6
32,1036,2
32,1038,9
32,1039,6
32,1040,591
32,1041,483
32,1042,568
32,1043,451
32,1044,314
32,1045,137
32,1046,104
32,1047,148
32,1048,552
32,1049,35
32,1050,666
32,1051,268
32,1052,645
32,1053,361
32,1054,285
32,1055,518
32,1056,426
32,1057,888
32,1058,524
32,1059,246
32,1060,154
32,1061,288
32,1062,100
32,1063,148
32,1064,139
32,1065,29
32,1066,24
32,1067,26
32,1068,20
32,1069,88
32,1070,78
32,1071,167
32,1072,243
32,1073,327
32,1074,810
32,1075,397
32,1076,538
32,1077,82
32,1078,99
32,1079,273
32,1080,624
32,1081,23
32,1082,475
32,1083,162
32,1084,370
32,1085,665
32,1086,479
32,1087,679
32,1088,640
32,1089,962
32,1090,373
32,1091,266
32,1092,103
32,1093,315
32,1094,68
32,1095,112
32,1096,85
32,1097,18
32,1098,10
32,1099,23
32,1100,15
32,1101,102
32,1102,19
32,1103,100
32,1105,41
32,1106,2
32,1107,4
32,1108,6
32,1109,8
32,1110,57
32,1111,3
32,1112,17
32,1113,6
32,1114,4
32,1115,3
32,1116,4
32,1118,9
32,1119,1
32,1120,3
32,1122,2
32,1123,2
32,1124,1
32,1126,5
32,1128,1
32,1132,1
32,1134,1
32,1135,1
32,1136,2
32,1137,1
32,1138,1
32,1140,3
32,1153,2
32,1163,1
32,1165,1
32,1167,1
32,1168,2
32,1169,7
32,1170,12
32,1171,6
32,1173,1
32,1174,3
32,1175,1
32,1177,1
32,1178,18
32,1179,15
32,1180,1
32,1181,1
32,1182,3
32,1183,1
32,1184,1
32,1186,7
32,1187,6
32,1188,1
32,1189,2
32,1191,1
32,1192,1
32,1193,2
32,1194,1
32,1195,2
32,1196,2
32,1197,1
32,1198,20
32,1199,15
32,1200,5
32,1201,3
32,1202,6
32,1203,5
32,1204,3
32,1205,1
32,1206,4
32,1207,1
32,1208,2
32,1209,1
32,1210,8
32,1211,1
32,1212,2
32,1213,2
32,1214,2
32,1216,2
32,1219,2
32,1220,7
32,1221,1
32,1222,1
32,1223,3
32,1224,7
32,1226,1
32,1228,1
32,1230,1
32,1231,1
32,1232,1
32,1233,1
32,1236,2
32,1237,1
32,1238,1
32,1240,9
32,1241,15
32,1242,1
32,1246,1
32,1247,1
32,1248,6
32,1249,3
32,1250,2
32,1251,1
32,1252,1
32,1253,1
32,1254,7
32,1255,3
32,1256,27
32,1257,22
32,1258,1
32,1259,1
32,1261,1
32,1262,2
32,1263,1
32,1265,2
32,1266,1
32,1267,2
32,1268,1
32,1269,1
32,1270,4
32,1271,2
32,1273,1
32,1274,1
32,1275,1
32,1276,1
32,1277,1
32,1279,1
32,1280,1
32,1281,1
32,1285,1
32,1287,1
32,1293,1
32,1297,1
32,1298,2
32,1299,2
32,1306,1
32,1307,1
32,1308,1
32,1309,1
32,1316,1
32,1317,1
32,1326,2
32,1327,1
32,1329,16
32,1330,7
32,1331,6
32,1332,4
32,1333,3
32,1334,1
32,1335,4
32,1336,1
32,1337,3
32,1338,2
32,1339,1
32,1340,4
32,1341,3
32,1342,1
32,1343,2
32,1344,16
32,1345,1
32,1346,3
32,1347,1
32,1348,8
32,1349,1
32,1350,3
32,1351,3
32,1352,1
32,1353,1
32,1354,4
32,1355,1
32,1356,2
32,1357,9
32,1358,2
32,1359,4
32,1360,1
32,1361,1
32,1362,1
32,1363,2
32,1364,4
32,1365,3
32,1366,3
32,1377,14
32,1378,10
32,1379,3
32,1380,4
32,1381,21
32,1383,1
32,1385,1
32,1388,6
32,1389,2
32,1390,1
32,1391,3
32,1392,11
32,1396,19
32,1398,2
32,1399,2
32,1400,6
32,1401,2
32,1405,9
32,1406,4
32,1407,6
32,1409,1
32,1412,2
32,1413,4
32,1414,1
32,1415,4
32,1418,1
32,1456,1
32,1460,1
32,1461,1
32,1462,1
32,1463,2
32,1464,2
32,1465,1
32,1467,1
32,1468,5
32,1471,1
32,1473,1
32,1474,1
32,1488,76
32,1489,42
32,1490,21
32,1491,31
32,1492,85
32,1493,10
32,1494,15
32,1495,23
32,1496,8
32,1497,59
32,1499,18
32,1500,20
32,1502,46
32,1504,17
32,1505,16
32,1506,30
32,1508,25
32,1510,8
32,1511,41
32,1512,19
32,1513,41
32,1514,10
32,1523,1
32,1524,1
32,1547,1
32,1548,12
32,1569,8
32,1570,39
32,1571,143
32,1572,6
32,1573,40
32,1574,11
32,1575,1145
32,1576,268
32,1577,1
32,1578,104
32,1579,15
32,1580,101
32,1581,73
32,1582,56
32,1583,127
32,1584,20
32,1585,68
32,1586,37
32,1587,126
32,1588,84
32,1589,44
32,1590,5
32,1591,23
32,1592,31
32,1593,166
32,1594,24
32,1600,11
32,1601,117
32,1602,96
32,1603,51
32,1604,164
32,1605,280
32,1606,114
32,1607,69
32,1608,188
32,1609,2
32,1610,91
32,1613,1
32,1617,1
32,1620,1
32,1648,2
32,1649,26
32,1657,1
32,1662,48
32,1665,1
32,1670,14
32,1673,1
32,1688,4
32,1700,7
32,1705,40
32,1706,2
32,1709,1
32,1711,16
32,1722,1
32,1729,3
32,1734,1
32,1735,1
32,1739,1
32,1740,11
32,1758,1
32,1808,28
32,1810,23
32,1811,3
32,1813,33
32,1814,1
32,1815,9
32,1816,13
32,1817,6
32,1818,8
32,1819,1
32,1821,8
32,1823,5
32,1824,11
32,1825,19
32,1826,6
32,1827,5
32,1829,9
32,1830,4
32,1832,3
32,1833,7
32,1834,8
32,1835,8
32,1836,2
32,1884,1
32,1920,6
32,1922,2
32,1923,2
32,1924,3
32,1925,1
32,1926,12
32,1927,9
32,1928,2
32,1929,7
32,1931,1
32,1932,4
32,1933,2
32,1934,2
32,1936,8
32,1945,1
32,1949,1
32,1954,1
32,2002,1
32,2003,2
32,2006,1
32,2223,1
32,2309,17
32,2310,6
32,2311,2
32,2312,1
32,2313,2
32,2319,6
32,2323,2
32,2324,12
32,2325,46
32,2326,4
32,2327,8
32,2330,7
32,2331,1
32,2332,23
32,2333,2
32,2336,1
32,2340,7
32,2342,10
32,2343,3
32,2344,29
32,2346,38
32,2347,10
32,2348,15
32,2349,22
32,2350,21
32,2351,8
32,2352,16
32,2354,11
32,2357,11
32,2358,12
32,2359,1
32,2360,28
32,2361,14
32,2367,1
32,2384,1
32,2404,4
32,2405,2
32,2407,1
32,2411,1
32,2416,1
32,2433,2
32,2434,2
32,2435,2
32,2437,3
32,2438,4
32,2439,2
32,2440,2
32,2441,4
32,2442,3
32,2443,2
32,2447,3
32,2448,2
32,2451,2
32,2452,2
32,2453,9
32,2454,5
32,2455,5
32,2456,2
32,2457,3
32,2458,3
32,2459,3
32,2460,8
32,2461,2
32,2462,2
32,2463,3
32,2464,2
32,2465,7
32,2466,5
32,2467,2
32,2468,6
32,2469,2
32,2470,4
32,2471,2
32,2472,4
32,2474,7
32,2475,2
32,2476,6
32,2477,6
32,2478,7
32,2479,4
32,2480,2
32,2482,4
32,2486,2
32,2487,3
32,2488,4
32,2489,5
32,2494,1
32,2495,1
32,2496,1
32,2497,1
32,2498,1
32,2499,1
32,2503,1
32,2504,1
32,2507,1
32,2508,1
32,2510,2
32,2535,1
32,2537,1
32,2544,1
32,2545,2
32,2581,2
32,2588,1
32,2602,1
32,2605,1
32,2606,1
32,2711,1
32,2716,2
32,2733,1
32,2736,1
32,2745,2
32,2835,1
32,2845,1
32,2861,1
32,2947,1
32,2949,8
32,2950,2
32,2951,3
32,2953,3
32,2954,1
32,2958,6
32,2959,1
32,2962,4
32,2965,10
32,2970,7
32,2975,1
32,2980,21
32,2984,31
32,2986,13
32,2990,17
32,2991,1
32,2992,2
32,2994,7
32,2997,13
32,3000,6
32,3047,1
32,3093,1
32,3108,1
32,3116,1
32,3117,1
32,3118,1
32,3120,1
32,3125,1
32,3128,1
32,3221,2
32,3240,4
32,3243,2
32,3245,1
32,3248,2
32,3253,1
32,3257,1
32,3349,1
32,3351,1
32,3356,1
32,3364,1
32,3370,2
32,3373,1
32,3374,2
32,3461,10
32,3462,1
32,3476,1
32,3482,5
32,3484,3
32,3490,6
32,3501,1
32,3503,4
32,3504,1
32,3505,18
32,3508,7
32,3510,3
32,3511,3
32,3512,14
32,3514,4
32,3515,4
32,3517,8
32,3520,12
32,3521,5
32,3523,12
32,3524,7
32,3585,22
32,3586,18
32,3588,30
32,3590,2
32,3591,3
32,3592,22
32,3593,4
32,3594,47
32,3595,5
32,3596,2
32,3597,1
32,3603,3
32,3604,13
32,3605,7
32,3606,5
32,3607,17
32,3608,7
32,3609,28
32,3610,23
32,3611,16
32,3612,15
32,3613,4
32,3614,26
32,3615,1
32,3616,9
32,3617,21
32,3618,27
32,3619,34
32,3620,1
32,3621,14
32,3623,14
32,3624,3
32,3626,61
32,3627,26
32,3628,2
32,3629,35
32,3630,1
32,3631,4
32,3633,1
32,3636,1
32,3647,1
32,3648,78
32,3649,32
32,3650,8
32,3651,7
32,3652,18
32,3654,3
32,3657,1
32,3665,1
32,3667,1
32,3669,1
32,3713,1
32,3714,1
32,3735,2
32,3737,3
32,3738,2
32,3739,3
32,3742,2
32,3743,1
32,3745,1
32,3746,1
32,3747,4
32,3749,3
32,3751,3
32,3754,2
32,3755,2
32,3757,2
32,3758,3
32,3760,1
32,3776,1
32,3777,3
32,3778,1
32,3780,4
32,3840,1
32,3844,1
32,3904,9
32,3905,4
32,3906,12
32,3908,4
32,3909,1
32,3911,1
32,3913,1
32,3919,1
32,3920,1
32,3921,13
32,3923,6
32,3924,8
32,3925,3
32,3926,13
32,3928,13
32,3929,2
32,3930,2
32,3931,2
32,3933,4
32,3934,1
32,3935,3
32,3936,12
32,3937,3
32,3938,34
32,3939,22
32,3942,32
32,3944,7
32,4096,5
32,4097,1
32,4098,1
32,4102,1
32,4112,1
32,4116,1
32,4117,2
32,4118,1
32,4121,4
32,4123,3
32,4124,2
32,4126,1
32,4129,4
32,4135,1
32,4136,1
32,4141,1
32,4147,1
32,4148,1
32,4222,1
32,4304,10
32,4305,4
32,4306,9
32,4307,8
32,4308,3
32,4309,5
32,4310,4
32,4311,2
32,4312,11
32,4313,7
32,4314,4
32,4315,15
32,4316,3
32,4317,7
32,4318,3
32,4319,1
32,4320,6
32,4321,21
32,4322,3
32,4323,3
32,4324,2
32,4325,11
32,4326,3
32,4327,4
32,4328,4
32,4329,4
32,4330,1
32,4331,2
32,4332,3
32,4333,1
32,4334,3
32,4335,1
32,4336,2
32,4352,778
32,4353,2
32,4354,168
32,4355,294
32,4356,2
32,4357,54
32,4358,295
32,4359,252
32,4360,2
32,4361,280
32,4362,5
32,4363,33
32,4364,230
32,4365,2
32,4366,92
32,4367,4
32,4368,16
32,4369,18
32,4370,1213
32,4371,3
32,4372,2
32,4373,2
32,4374,3
32,4375,2
32,4376,2
32,4377,4
32,4378,3
32,4379,2
32,4380,2
32,4381,2
32,4382,2
32,4383,2
32,4384,95
32,4385,294
32,4386,16
32,4387,9
32,4388,2
32,4389,2
32,4390,2
32,4391,14
32,4392,2
32,4393,5
32,4394,2
32,4395,5
32,4396,2
32,4397,49
32,4398,2
32,4399,204
32,4400,2
32,4401,2
32,4402,55
32,4403,2
32,4404,3
32,4405,2
32,4406,3
32,4407,2
32,4408,2
32,4409,2
32,4410,2
32,4411,3
32,4412,3
32,4413,3
32,4414,3
32,4415,3
32,4416,4
32,4417,2
32,4418,4
32,4419,2
32,4420,7
32,4421,3
32,4422,2
32,4423,3
32,4424,2
32,4425,2
32,4426,2
32,4427,9
32,4428,4
32,4429,2
32,4430,4
32,4431,3
32,4432,4
32,4433,3
32,4434,2
32,4435,2
32,4436,4
32,4437,4
32,4438,2
32,4439,2
32,4440,2
32,4441,2
32,4442,3
32,4443,3
32,4444,2
32,4445,2
32,4446,2
32,4447,3
32,4449,4
32,4450,2
32,4451,2
32,4452,2
32,4453,2
32,4454,2
32,4455,2
32,4456,2
32,4457,2
32,4458,2
32,4459,2
32,4460,2
32,4461,2
32,4462,2
32,4463,2
32,4464,2
32,4465,4
32,4466,3
32,4467,2
32,4468,2
32,4469,2
32,4470,2
32,4471,2
32,4472,2
32,4473,2
32,4474,2
32,4475,2
32,4476,2
32,4477,2
32,4478,2
32,4479,2
32,4480,2
32,4481,2
32,4482,4
32,4483,2
32,4484,2
32,4485,2
32,4486,3
32,4487,2
32,4488,2
32,4489,2
32,4490,2
32,4491,2
32,4492,2
32,4493,3
32,4494,2
32,4495,2
32,4496,2
32,4497,2
32,4498,2
32,4499,2
32,4500,2
32,4501,2
32,4502,7
32,4503,2
32,4504,2
32,4505,2
32,4506,2
32,4507,2
32,4508,4
32,4509,6
32,4510,4
32,4511,3
32,4512,3
32,4513,2
32,4514,12
32,4515,2
32,4516,2
32,4517,3
32,4518,2
32,4519,2
32,4520,2
32,4521,2
32,4522,2
32,4523,4
32,4524,2
32,4525,2
32,4526,2
32,4527,2
32,4528,3
32,4529,2
32,4530,2
32,4531,2
32,4532,2
32,4533,2
32,4534,2
32,4535,2
32,4536,2
32,4537,2
32,4538,2
32,4539,2
32,4540,2
32,4541,2
32,4542,2
32,4543,2
32,4544,2
32,4545,2
32,4546,3
32,4547,7
32,4548,3
32,4549,2
32,4550,2
32,4551,3
32,4552,2
32,4553,2
32,4554,3
32,4555,2
32,4556,2
32,4557,2
32,4558,2
32,4559,2
32,4560,2
32,4561,2
32,4562,2
32,4563,2
32,4564,2
32,4565,3
32,4566,2
32,4567,2
32,4568,3
32,4569,2
32,4570,3
32,4571,2
32,4572,2
32,4573,2
32,4574,2
32,4575,2
32,4576,2
32,4577,2
32,4578,2
32,4579,2
32,4580,2
32,4581,2
32,4582,2
32,4583,2
32,4584,2
32,4585,2
32,4586,2
32,4587,2
32,4588,4
32,4589,3
32,4590,3
32,4591,3
32,4592,6
32,4593,2
32,4594,2
32,4595,2
32,4596,2
32,4597,2
32,4598,2
32,4599,2
32,4600,2
32,4601,2
32,4602,3
32,4603,2
32,4604,2
32,4605,2
32,4606,2
32,4607,2
32,4608,1
32,4613,2
32,4614,1
32,4616,4
32,4618,2
32,4619,7
32,4621,1
32,4624,1
32,4627,2
32,4632,6
32,4634,1
32,4635,2
32,4637,1
32,4640,2
32,4645,2
32,4648,1
32,4656,3
32,4661,1
32,4669,2
32,4672,2
32,4674,1
32,4677,1
32,4678,1
32,4704,6
32,4706,1
32,4707,6
32,4709,1
32,4720,5
32,4736,1
32,4752,4
32,4753,2
32,4754,1
32,4755,1
32,4756,1
32,4757,1
32,4768,10
32,4770,7
32,4771,1
32,4772,7
32,4773,7
32,4776,2
32,4777,1
32,4778,1
32,4781,6
32,4784,1
32,4808,2
32,4809,1
32,4811,1
32,4813,2
32,4816,1
32,4819,2
32,4821,1
32,4824,3
32,4827,1
32,4840,5
32,4842,1
32,4843,3
32,4845,2
32,4846,1
32,4848,4
32,4850,1
32,4851,1
32,4867,1
32,4872,2
32,4874,1
32,4875,1
32,4876,1
32,4877,4
32,4878,1
32,4896,1
32,4904,2
32,4912,1
32,4920,2
32,4925,1
32,4928,3
32,4933,1
32,4936,1
32,4938,1
32,4944,1
32,5024,1
32,5030,1
32,5081,1
32,5093,1
32,5123,1
32,5125,3
32,5359,1
32,5584,2
32,5760,28
32,5761,1
32,5762,1
32,5763,1
32,5764,1
32,5765,1
32,5766,1
32,5767,1
32,5768,1
32,5769,1
32,5770,1
32,5771,1
32,5772,1
32,5773,1
32,5774,1
32,5775,1
32,5776,1
32,5777,1
32,5778,1
32,5779,1
32,5780,1
32,5781,1
32,5782,1
32,5783,1
32,5784,1
32,5785,1
32,5786,2
32,5787,1
32,5788,1
32,5792,1
32,5810,1
32,5812,1
32,5815,1
32,5827,2
32,5852,2
32,5862,1
32,5868,1
32,5898,2
32,6016,6
32,6017,2
32,6023,5
32,6026,1
32,6031,1
32,6034,1
32,6035,2
32,6036,1
32,6037,1
32,6038,1
32,6039,1
32,6040,1
32,6041,2
32,6042,4
32,6043,2
32,6044,4
32,6047,4
32,6050,2
32,6053,1
32,6062,1
32,6119,1
32,6176,7
32,6177,5
32,6180,6
32,6181,1
32,6182,1
32,6184,9
32,6186,7
32,6188,31
32,6189,5
32,6190,6
32,6192,4
32,6194,11
32,6195,1
32,6196,5
32,6197,7
32,6198,4
32,6202,1
32,6238,1
32,6243,1
32,6244,1
32,6245,1
32,6530,1
32,6540,1
32,6691,1
32,6917,1
32,7070,1
32,7269,1
32,7428,1
32,7431,1
32,7505,1
32,7547,1
32,7551,1
32,7565,1
32,7690,1
32,7692,1
32,7693,9
32,7695,5
32,7696,3
32,7699,1
32,7702,2
32,7710,1
32,7712,1
32,7713,1
32,7716,26
32,7717,25
32,7723,3
32,7729,2
32,7730,1
32,7732,2
32,7735,2
32,7737,1
32,7738,1
32,7739,1
32,7744,1
32,7749,1
32,7751,3
32,7752,1
32,7753,1
32,7755,1
32,7766,1
32,7769,1
32,7770,1
32,7771,2
32,7773,1
32,7774,1
32,7775,1
32,7776,1
32,7777,3
32,7778,9
32,7779,8
32,7786,1
32,7788,4
32,7789,7
32,7790,1
32,7791,1
32,7793,1
32,7804,5
32,7805,1
32,7811,1
32,7818,1
32,7819,4
32,7821,1
32,7824,1
32,7825,1
32,7826,3
32,7827,1
32,7831,1
32,7835,2
32,7838,3
32,7839,1
32,7842,8
32,7843,4
32,7844,13
32,7845,11
32,7846,1
32,7848,4
32,7849,1
32,7850,1
32,7852,1
32,7854,1
32,7856,1
32,7858,4
32,7860,1
32,7862,1
32,7868,4
32,7869,4
32,7879,2
32,7880,1
32,7882,1
32,7885,4
32,7888,3
32,7889,2
32,7892,1
32,7898,1
32,7902,7
32,7903,7
32,7910,2
32,7911,1
32,7912,5
32,7913,2
32,7928,1
32,7929,1
32,7936,78
32,7937,9
32,7938,2
32,7939,1
32,7940,28
32,7941,2
32,7942,1
32,7944,40
32,7945,3
32,7948,2
32,7949,5
32,7952,79
32,7953,9
32,7955,1
32,7956,10
32,7957,3
32,7960,17
32,7961,15
32,7964,8
32,7965,2
32,7968,1
32,7969,17
32,7970,9
32,7973,3
32,7976,6
32,7977,6
32,7980,1
32,7984,6
32,7985,6
32,7988,4
32,7989,4
32,7992,13
32,7993,4
32,7997,1
32,8000,7
32,8001,48
32,8004,3
32,8005,10
32,8008,3
32,8009,1
32,8012,1
32,8016,1
32,8017,11
32,8021,4
32,8025,1
32,8032,5
32,8033,3
32,8036,5
32,8038,1
32,8039,1
32,8040,1
32,8041,2
32,8048,1
32,8086,1
32,8112,1
32,8125,1
32,8165,6
32,8172,13
32,8194,3
32,8195,164
32,8200,1
32,8201,16
32,8202,3
32,8203,66
32,8204,1
32,8205,1
32,8206,4
32,8207,4
32,8208,76
32,8209,4
32,8210,2
32,8211,46981
32,8212,10283
32,8213,3671
32,8214,3
32,8216,86331
32,8217,921
32,8218,31
32,8219,1
32,8220,49925
32,8221,503
32,8222,304
32,8224,2909
32,8225,72
32,8226,1234
32,8227,1
32,8228,133
32,8229,6
32,8230,1657
32,8231,33
32,8232,1
32,8234,1
32,8236,4
32,8237,9
32,8240,18
32,8241,1
32,8242,39
32,8243,44
32,8249,101
32,8250,17
32,8251,6445
32,8252,3
32,8255,2
32,8259,1
32,8260,12
32,8288,2
32,8308,2
32,8310,1
32,8319,1
32,8321,1
32,8322,2
32,8323,1
32,8324,1
32,8355,1
32,8356,4
32,8358,1
32,8360,2
32,8361,28
32,8363,2
32,8364,1255
32,8366,1
32,8367,1
32,8369,1
32,8370,1
32,8376,5
32,8377,9
32,8378,1
32,8381,2
32,8450,1
32,8451,358
32,8457,3
32,8459,2
32,8460,1
32,8462,2
32,8465,1
32,8466,2
32,8467,35
32,8468,1
32,8469,9
32,8470,77
32,8471,2
32,8474,1
32,8475,3
32,8476,1
32,8477,20
32,8478,3
32,8480,1
32,8481,1
32,8482,18
32,8484,156
32,8487,1
32,8488,1
32,8493,1
32,8496,2
32,8498,1
32,8523,3
32,8531,66
32,8532,47
32,8534,1
32,8539,1
32,8540,1
32,8541,1
32,8542,1
32,8544,321
32,8545,1032
32,8546,227
32,8547,80
32,8548,50
32,8549,39
32,8550,22
32,8551,15
32,8552,15
32,8553,21
32,8560,8
32,8561,11
32,8562,9
32,8563,5
32,8564,3
32,8565,2
32,8566,1
32,8567,1
32,8568,1
32,8569,2
32,8576,8
32,8592,1375
32,8593,134
32,8594,21829
32,8595,79
32,8596,12909
32,8597,3
32,8598,4
32,8599,7
32,8600,10
32,8601,4
32,8608,1
32,8614,1
32,8624,1
32,8625,1
32,8629,1
32,8634,2
32,8644,108
32,8646,6
32,8652,36
32,8653,1
32,8655,5
32,8656,52
32,8657,10
32,8658,480
32,8659,25
32,8660,61
32,8661,3
32,8662,1
32,8663,12
32,8664,12
32,8665,1
32,8674,1
32,8680,9
32,8691,1
32,8702,1
32,8704,30
32,8706,8
32,8707,7
32,8709,14
32,8710,20
32,8711,13
32,8712,111
32,8713,3
32,8715,1
32,8718,122
32,8719,1
32,8721,15
32,8722,1256
32,8723,8
32,8726,5
32,8727,5
32,8728,7
32,8729,41
32,8730,38
32,8731,1
32,8733,3
32,8734,189
32,8736,30
32,8739,1
32,8740,1
32,8741,41
32,8743,48
32,8744,56
32,8745,54
32,8746,75
32,8747,6
32,8748,7
32,8749,1
32,8750,2
32,8751,1
32,8752,1
32,8753,1
32,8754,1
32,8755,1
32,8756,5
32,8757,2
32,8764,1537
32,8765,3
32,8771,1
32,8773,16
32,8776,175
32,8781,1
32,8786,53
32,8792,2
32,8799,1
32,8800,102
32,8801,44
32,8802,1
32,8804,206
32,8805,121
32,8806,5
32,8807,7
32,8810,3685
32,8811,11
32,8818,2
32,8834,55
32,8835,24
32,8838,120
32,8839,36
32,8842,102
32,8843,102
32,8853,18
32,8854,1
32,8855,3
32,8857,5
32,8862,1
32,8866,14
32,8868,2
32,8869,8
32,8872,1
32,8882,1
32,8891,2
32,8895,3
32,8896,1
32,8897,1
32,8898,1
32,8901,31
32,8904,2
32,8909,1
32,8942,12
32,8943,11
32,8960,5
32,8961,1
32,8963,1
32,8968,3
32,8970,4
32,8978,4
32,8984,2
32,8988,26
32,8997,1
32,9200,2
32,9242,1
32,9312,1227
32,9313,1142
32,9314,882
32,9315,593
32,9316,368
32,9317,250
32,9318,193
32,9319,140
32,9320,104
32,9321,79
32,9322,59
32,9323,31
32,9324,30
32,9325,29
32,9326,24
32,9327,19
32,9328,18
32,9329,18
32,9330,5
32,9331,4
32,9332,29
32,9333,35
32,9334,25
32,9335,17
32,9336,14
32,9337,10
32,9338,8
32,9339,7
32,9340,6
32,9341,5
32,9342,5
32,9343,4
32,9344,2
32,9345,2
32,9346,2
32,9347,1
32,9348,1
32,9349,1
32,9372,3
32,9373,3
32,9374,7
32,9375,3
32,9376,3
32,9377,2
32,9378,2
32,9379,2
32,9380,2
32,9381,1
32,9382,1
32,9383,1
32,9384,1
32,9385,1
32,9386,1
32,9387,1
32,9388,1
32,9389,1
32,9390,1
32,9391,1
32,9392,1
32,9393,1
32,9394,1
32,9395,1
32,9396,1
32,9397,1
32,9398,40
32,9403,3
32,9413,1
32,9421,1
32,9424,41
32,9425,16
32,9426,29
32,9427,5
32,9428,3
32,9429,2
32,9430,1
32,9431,2
32,9432,3
32,9433,1
32,9434,1
32,9435,4
32,9436,1
32,9437,6
32,9438,1
32,9439,8
32,9440,1
32,9441,1
32,9442,1
32,9443,1
32,9444,3
32,9445,1
32,9446,1
32,9447,2
32,9448,1
32,9449,1
32,9461,3
32,9462,2
32,9463,1
32,9464,1
32,9465,1
32,9472,271
32,9473,44
32,9474,258
32,9475,76
32,9484,25
32,9485,1
32,9486,1
32,9487,22
32,9488,1
32,9489,1
32,9490,1
32,9491,1
32,9492,121
32,9493,1
32,9494,1
32,9495,6
32,9496,1
32,9497,1
32,9498,1
32,9499,1
32,9500,100
32,9501,1
32,9502,1
32,9503,1
32,9504,3
32,9505,1
32,9506,1
32,9507,23
32,9508,1
32,9509,1
32,9510,1
32,9511,1
32,9512,1
32,9513,1
32,9514,1
32,9515,1
32,9516,51
32,9517,1
32,9518,1
32,9519,1
32,9520,1
32,9521,1
32,9522,1
32,9523,1
32,9524,1
32,9525,1
32,9526,1
32,9527,1
32,9528,1
32,9529,1
32,9530,1
32,9531,2
32,9532,1
32,9533,2
32,9534,1
32,9535,1
32,9536,1
32,9537,1
32,9538,1
32,9539,1
32,9540,1
32,9541,1
32,9542,1
32,9543,1
32,9544,1
32,9545,1
32,9546,1
32,9547,1
32,9552,21
32,9571,1
32,9581,4
32,9584,3
32,9585,26
32,9586,26
32,9587,3
32,9600,21
32,9604,10
32,9608,64
32,9618,1
32,9632,623
32,9633,187
32,9635,2
32,9636,1
32,9637,1
32,9638,1
32,9639,1
32,9640,9
32,9641,1
32,9642,2
32,9643,1
32,9646,2
32,9650,568
32,9651,540
32,9653,8
32,9654,137
32,9655,90
32,9660,94
32,9661,7
32,9664,2
32,9665,2
32,9670,61
32,9671,60
32,9672,1
32,9673,6
32,9675,1001
32,9676,19
32,9678,38
32,9679,2790
32,9680,2
32,9681,3
32,9685,1
32,9702,2
32,9711,59
32,9724,2
32,9726,281
32,9731,1
32,9733,250
32,9734,358
32,9738,2
32,9739,2
32,9740,1
32,9741,1
32,9742,4
32,9743,1
32,9744,2
32,9747,4
32,9752,4
32,9756,16
32,9758,35
32,9760,3
32,9761,1
32,9767,1
32,9776,4
32,9777,3
32,9778,4
32,9779,4
32,9780,4
32,9781,4
32,9782,4
32,9783,4
32,9788,1
32,9792,89
32,9794,295
32,9795,1
32,9799,1
32,9803,1
32,9806,1
32,9807,1
32,9809,1
32,9810,1
32,9813,4
32,9824,22
32,9825,67
32,9827,18
32,9828,1
32,9829,63
32,9830,27
32,9831,1
32,9832,4
32,9833,4
32,9834,47
32,9835,1
32,9836,5
32,9837,26
32,9838,8
32,9839,19
32,9842,1
32,9851,1
32,9866,3
32,9867,3
32,9889,3
32,9893,1
32,9895,1
32,9900,1
32,9901,1
32,9917,4
32,9934,2
32,9968,1
32,10005,1
32,10006,76
32,10007,1
32,10008,1
32,10009,1
32,10010,1
32,10011,2
32,10012,1
32,10013,3
32,10014,1
32,10015,1
32,10016,1
32,10018,1
32,10019,1
32,10020,1
32,10021,1
32,10024,2
32,10025,6
32,10031,1
32,10043,1
32,10047,1
32,10049,1
32,10060,6
32,10061,1
32,10070,1
32,10078,4
32,10084,6
32,10096,6
32,10097,4
32,10112,5
32,10113,6
32,10114,4
32,10115,2
32,10122,1
32,10123,1
32,10124,1
32,10125,1
32,10132,3
32,10140,1
32,10141,1
32,10145,13
32,10148,7
32,10194,1
32,10209,5
32,10216,126
32,10217,3
32,10218,379
32,10219,4
32,10230,6
32,10232,1
32,10233,4
32,10240,22
32,10249,1
32,10266,1
32,10267,1
32,10281,1
32,10299,1
32,10539,1
32,10540,1
32,10545,1
32,10546,1
32,10548,1
32,10625,1
32,10677,1
32,10764,1
32,10769,1
32,10812,1
32,10822,1
32,10998,1
32,11015,2
32,11088,1
32,11093,8
32,11266,2
32,11268,2
32,11280,8
32,11282,2
32,11283,1
32,11284,6
32,11286,1
32,11288,5
32,11292,5
32,11299,1
32,11377,1
32,11436,1
32,11497,1
32,11568,3
32,11569,2
32,11575,3
32,11593,1
32,11597,2
32,11598,2
32,11612,9
32,11613,1
32,11822,1
32,11964,1
32,11983,1
32,12244,1
32,12272,8
32,12273,1
32,12288,470
32,12289,86
32,12290,42
32,12291,8
32,12293,3
32,12295,8
32,12296,84628
32,12297,429
32,12298,541934
32,12299,1161
32,12300,39093
32,12301,322
32,12302,27502
32,12303,336
32,12304,508
32,12305,21
32,12306,29
32,12307,12
32,12308,129
32,12309,15
32,12310,2
32,12316,977
32,12317,1
32,12319,2
32,12320,1
32,12336,1
32,12347,1
32,12353,4
32,12354,584
32,12355,2
32,12356,304
32,12357,3
32,12358,149
32,12359,2
32,12360,125
32,12361,2
32,12362,421
32,12363,354
32,12364,60
32,12365,191
32,12366,14
32,12367,105
32,12368,32
32,12369,74
32,12370,44
32,12371,422
32,12372,60
32,12373,287
32,12374,16
32,12375,290
32,12376,94
32,12377,129
32,12378,25
32,12379,77
32,12380,10
32,12381,209
32,12382,14
32,12383,316
32,12384,61
32,12385,132
32,12386,8
32,12387,7
32,12388,125
32,12389,4
32,12390,89
32,12391,34
32,12392,168
32,12393,78
32,12394,332
32,12395,85
32,12396,20
32,12397,38
32,12398,171
32,12399,172
32,12400,20
32,12401,13
32,12402,259
32,12403,8
32,12404,16
32,12405,116
32,12406,30
32,12407,8
32,12408,28
32,12409,6
32,12410,7
32,12411,110
32,12412,19
32,12413,15
32,12414,287
32,12415,272
32,12416,56
32,12417,71
32,12418,191
32,12419,1
32,12420,186
32,12421,2
32,12422,166
32,12423,2
32,12424,159
32,12425,60
32,12426,86
32,12427,24
32,12428,27
32,12429,22
32,12430,1
32,12431,123
32,12432,6
32,12433,8
32,12434,25
32,12435,15
32,12436,2
32,12444,3
32,12445,1
32,12446,1
32,12449,2
32,12450,719
32,12451,5
32,12452,262
32,12453,2
32,12454,181
32,12455,3
32,12456,255
32,12457,3
32,12458,284
32,12459,282
32,12460,146
32,12461,294
32,12462,71
32,12463,164
32,12464,91
32,12465,52
32,12466,45
32,12467,217
32,12468,64
32,12469,357
32,12470,73
32,12471,266
32,12472,194
32,12473,403
32,12474,16
32,12475,72
32,12476,48
32,12477,87
32,12478,14
32,12479,181
32,12480,129
32,12481,138
32,12482,2
32,12483,3
32,12484,67
32,12485,6
32,12486,115
32,12487,149
32,12488,163
32,12489,201
32,12490,179
32,12491,70
32,12492,9
32,12493,38
32,12494,74
32,12495,395
32,12496,218
32,12497,197
32,12498,109
32,12499,70
32,12500,81
32,12501,325
32,12502,114
32,12503,153
32,12504,46
32,12505,90
32,12506,34
32,12507,65
32,12508,70
32,12509,111
32,12510,311
32,12511,257
32,12512,28
32,12513,187
32,12514,221
32,12515,3
32,12516,76
32,12517,1
32,12518,76
32,12519,1
32,12520,43
32,12521,276
32,12522,195
32,12523,67
32,12524,137
32,12525,160
32,12526,1
32,12527,124
32,12528,6
32,12529,7
32,12530,22
32,12531,7
32,12532,70
32,12533,2
32,12534,4
32,12535,1
32,12536,1
32,12537,1
32,12538,1
32,12539,2866
32,12540,13
32,12541,1
32,12542,1
32,12549,9
32,12550,1
32,12551,3
32,12552,2
32,12553,6
32,12554,4
32,12555,1
32,12556,1
32,12557,2
32,12558,1
32,12559,4
32,12560,8
32,12561,1
32,12562,5
32,12563,7
32,12564,1
32,12565,1
32,12566,1
32,12567,1
32,12568,1
32,12569,4
32,12570,1
32,12571,1
32,12572,1
32,12573,1
32,12574,2
32,12575,1
32,12576,1
32,12577,1
32,12578,2
32,12579,3
32,12580,1
32,12581,3
32,12582,1
32,12583,5
32,12584,3
32,12585,6
32,12586,1
32,12587,2
32,12588,2
32,12589,1
32,12593,387
32,12594,54
32,12595,19
32,12596,255
32,12597,15
32,12598,14
32,12599,265
32,12600,48
32,12601,217
32,12602,14
32,12603,19
32,12604,17
32,12605,15
32,12606,16
32,12607,18
32,12608,20
32,12609,264
32,12610,160
32,12611,45
32,12612,25
32,12613,212
32,12614,68
32,12615,264
32,12616,182
32,12617,46
32,12618,111
32,12619,132
32,12620,103
32,12621,104
32,12622,145
32,12623,94
32,12624,61
32,12625,52
32,12626,41
32,12627,64
32,12628,59
32,12629,58
32,12630,42
32,12631,109
32,12632,31
32,12633,22
32,12634,34
32,12635,49
32,12636,90
32,12637,23
32,12638,25
32,12639,39
32,12640,65
32,12641,211
32,12642,32
32,12643,229
32,12644,2
32,12645,3
32,12646,2
32,12647,2
32,12648,1
32,12649,1
32,12650,1
32,12651,1
32,12652,1
32,12653,5
32,12654,1
32,12655,1
32,12656,1
32,12657,13
32,12658,2
32,12659,3
32,12660,2
32,12661,4
32,12662,2
32,12663,1
32,12664,19
32,12665,6
32,12666,3
32,12667,1
32,12668,4
32,12669,3
32,12670,3
32,12671,35
32,12672,1
32,12673,52
32,12674,1
32,12675,1
32,12676,8
32,12677,5
32,12678,32
32,12679,1
32,12680,2
32,12681,1
32,12682,3
32,12683,4
32,12684,1
32,12685,191
32,12686,5
32,12690,1
32,12691,1
32,12800,24
32,12801,28
32,12802,8
32,12803,11
32,12804,4
32,12805,1
32,12806,1
32,12807,1
32,12808,2
32,12809,1
32,12810,1
32,12811,1
32,12812,1
32,12813,1
32,12814,11
32,12815,6
32,12816,4
32,12817,3
32,12818,2
32,12819,2
32,12820,14
32,12821,1
32,12822,1
32,12823,1
32,12824,1
32,12825,1
32,12826,1
32,12827,1
32,12828,1566
32,12896,8
32,12897,11
32,12898,8
32,12899,6
32,12900,4
32,12901,1
32,12902,1
32,12903,1
32,12904,1
32,12905,1
32,12906,1
32,12907,1
32,12908,1
32,12909,1
32,12910,52
32,12911,47
32,12912,40
32,12913,24
32,12914,10
32,12915,3
32,12916,3
32,12917,3
32,12918,2
32,12919,1
32,12920,1
32,12921,1
32,12922,1
32,12923,1
32,12926,3
32,12927,2
32,12988,1
32,13184,1
32,13185,1
32,13186,1
32,13187,1
32,13188,1
32,13192,1
32,13193,1
32,13194,1
32,13195,1
32,13196,1
32,13197,2
32,13198,1
32,13199,3
32,13200,1
32,13201,1
32,13202,2
32,13203,1
32,13204,1
32,13205,1
32,13206,1
32,13207,1
32,13208,2
32,13209,1
32,13210,11
32,13211,4
32,13212,8
32,13213,17
32,13214,23
32,13215,1
32,13216,1
32,13217,20
32,13218,35
32,13219,1
32,13220,1
32,13221,10
32,13222,1
32,13223,1
32,13224,1
32,13225,1
32,13226,1
32,13227,1
32,13228,1
32,13229,1
32,13230,1
32,13231,1
32,13232,1
32,13233,2
32,13234,1
32,13235,1
32,13236,1
32,13237,1
32,13238,1
32,13239,1
32,13240,1
32,13241,1
32,13242,1
32,13243,1
32,13244,1
32,13245,1
32,13246,8
32,13247,1
32,13248,1
32,13249,1
32,13250,2
32,13251,2
32,13252,1
32,13253,1
32,13254,1
32,13255,1
32,13256,2
32,13257,1
32,13258,5
32,13263,1
32,13264,1
32,13267,2
32,13270,1
32,13272,2
32,13275,1
32,13276,2
32,13277,1
32,13314,1
32,13315,1
32,13331,1
32,13336,1
32,13375,1
32,13376,1
32,13427,1
32,13480,1
32,13489,1
32,13590,1
32,13625,1
32,13656,1
32,13704,1
32,13721,1
32,13744,1
32,13756,3
32,13762,2
32,13842,1
32,13897,1
32,13931,2
32,13970,1
32,13971,1
32,14163,1
32,14527,1
32,14550,1
32,14618,2
32,14652,2
32,14680,1
32,14686,4
32,14720,2
32,15027,1
32,15043,1
32,15174,1
32,15184,1
32,15191,1
32,15206,1
32,15240,1
32,15293,1
32,15313,1
32,15571,1
32,15587,1
32,15602,1
32,15629,1
32,15661,1
32,15707,1
32,15793,1
32,15799,1
32,15874,1
32,15924,1
32,15984,1
32,16026,1
32,16066,1
32,16071,1
32,16081,3
32,16129,1
32,16133,2
32,16371,1
32,16388,1
32,16411,1
32,16441,1
32,16464,1
32,16482,1
32,16636,1
32,16644,1
32,16774,1
32,17093,1
32,17528,1
32,17938,1
32,18052,1
32,18188,1
32,18227,1
32,18575,1
32,18584,1
32,18809,1
32,18860,2
32,18937,1
32,18958,1
32,19003,1
32,19114,1
32,19279,1
32,19292,1
32,19325,1
32,19433,1
32,19507,1
32,19510,1
32,19561,1
32,19592,1
32,19730,1
32,19745,1
32,19968,1470
32,19969,174
32,19971,412
32,19975,170
32,19976,17
32,19977,1788
32,19978,1123
32,19979,1236
32,19981,722
32,19982,16
32,19984,11
32,19985,5
32,19987,5
32,19988,33
32,19989,2
32,19990,333
32,19992,21
32,19993,137
32,19994,3
32,19995,2
32,19996,731
32,19997,3
32,19998,9
32,20000,1
32,20001,6
32,20004,81
32,20005,13
32,20006,16
32,20008,3
32,20010,1
32,20011,2
32,20013,1658
32,20016,75
32,20018,7
32,20020,75
32,20022,1
32,20024,68
32,20025,106
32,20026,3
32,20027,131
32,20028,5
32,20029,7
32,20030,2
32,20031,1
32,20032,1
32,20033,2
32,20034,1
32,20035,106
32,20037,101
32,20040,3
32,20041,52
32,20043,54
32,20044,116
32,20045,2
32,20046,4
32,20047,2
32,20048,75
32,20050,1
32,20051,1
32,20052,33
32,20054,5
32,20055,7
32,20056,7
32,20057,252
32,20061,870
32,20062,20
32,20063,42
32,20064,8
32,20065,4
32,20070,10
32,20075,4
32,20077,3
32,20080,5
32,20081,14
32,20083,11
32,20086,3
32,20087,2
32,20094,148
32,20096,20
32,20098,43
32,20102,10
32,20103,1
32,20104,27
32,20105,4
32,20107,225
32,20108,493
32,20110,57
32,20113,99
32,20114,3
32,20116,729
32,20117,117
32,20120,13
32,20121,1
32,20122,31
32,20123,2
32,20124,36
32,20126,179
32,20127,2
32,20128,1
32,20129,31
32,20130,2
32,20132,97
32,20133,6
32,20134,79
32,20136,7
32,20139,19
32,20140,176
32,20141,26
32,20142,29
32,20146,4
32,20147,3
32,20150,2
32,20153,4
32,20154,425
32,20155,4
32,20157,1
32,20159,2
32,20160,13
32,20161,296
32,20163,1
32,20165,1
32,20166,1
32,20167,39
32,20169,1
32,20170,283
32,20171,16
32,20172,1
32,20173,11
32,20174,2
32,20175,5
32,20176,1
32,20179,13
32,20180,5
32,20181,12
32,20182,65
32,20183,2
32,20184,16
32,20185,196
32,20189,1
32,20190,1
32,20195,109
32,20196,98
32,20197,229
32,20202,3
32,20206,32
32,20208,16
32,20210,68
32,20213,2
32,20214,7
32,20215,2
32,20219,136
32,20223,5
32,20225,14
32,20234,256
32,20235,1
32,20237,29
32,20238,4
32,20239,42
32,20240,7
32,20241,31
32,20247,5
32,20248,5
32,20249,1
32,20250,70
32,20253,22
32,20255,2
32,20256,2
32,20262,3
32,20265,1
32,20271,58
32,20274,1
32,20276,4
32,20278,5
32,20280,12
32,20282,6
32,20284,14
32,20285,31
32,20291,6
32,20294,39
32,20301,32
32,20302,16
32,20303,34
32,20304,156
32,20305,2
32,20307,20
32,20308,2
32,20309,137
32,20310,2
32,20311,2
32,20312,6
32,20313,68
32,20314,4
32,20315,231
32,20316,3107
32,20318,1
32,20319,25
32,20320,24
32,20329,2
32,20336,3
32,20339,49
32,20342,1
32,20346,12
32,20350,2
32,20351,66
32,20355,3
32,20358,33
32,20363,8
32,20365,49
32,20367,1
32,20369,3
32,20374,1
32,20375,1
32,20379,23
32,20381,57
32,20385,1
32,20388,2
32,20391,1
32,20392,4
32,20398,1
32,20399,25
32,20405,7
32,20406,1
32,20409,4
32,20414,1
32,20415,24
32,20416,5
32,20417,1
32,20418,2
32,20419,2
32,20420,15
32,20421,1
32,20426,36
32,20428,3
32,20430,2
32,20436,1
32,20439,22
32,20441,1
32,20442,1
32,20445,190
32,20446,8
32,20447,2
32,20448,2
32,20449,149
32,20453,1
32,20461,1
32,20462,110
32,20463,2
32,20465,14
32,20467,5
32,20469,5
32,20470,1
32,20472,2
32,20474,27
32,20478,6
32,20480,1
32,20482,7
32,20489,39
32,20491,19
32,20493,7
32,20498,11
32,20500,1
32,20502,2
32,20504,2
32,20505,16
32,20506,8
32,20511,5
32,20513,3
32,20516,1
32,20519,3
32,20521,4
32,20522,5
32,20523,13
32,20525,27
32,20526,2
32,20532,1
32,20534,3
32,20539,1
32,20540,5
32,20542,1
32,20547,3
32,20551,33
32,20553,8
32,20559,19
32,20565,1
32,20568,1
32,20570,2
32,20572,12
32,20581,72
32,20582,1
32,20586,2
32,20592,5
32,20594,1
32,20596,13
32,20597,2
32,20598,20
32,20599,3
32,20600,1
32,20605,7
32,20608,3
32,20613,16
32,20620,1
32,20621,4
32,20625,5
32,20632,7
32,20633,15
32,20648,1
32,20652,2
32,20653,3
32,20658,3
32,20659,111
32,20661,8
32,20663,15
32,20667,2
32,20670,6
32,20677,2
32,20681,25
32,20682,2
32,20685,8
32,20687,15
32,20689,7
32,20693,205
32,20694,12
32,20698,3
32,20702,8
32,20707,2
32,20711,71
32,20718,2
32,20720,1
32,20729,3
32,20736,39
32,20737,2
32,20738,1
32,20740,17
32,20743,2
32,20745,9
32,20747,1
32,20754,36
32,20760,1
32,20762,11
32,20767,1
32,20778,66
32,20786,2
32,20791,1
32,20796,3
32,20799,7
32,20800,6
32,20801,43
32,20803,363
32,20804,71
32,20805,13
32,20806,15
32,20808,303
32,20809,465
32,20811,63
32,20812,2
32,20813,11
32,20814,7
32,20816,10
32,20817,1
32,20818,16
32,20820,5
32,20826,25
32,20828,23
32,20837,58
32,20839,212
32,20840,419
32,20841,47
32,20842,58
32,20843,464
32,20844,442
32,20845,306
32,20848,47
32,20849,165
32,20851,59
32,20852,184
32,20853,53
32,20854,210
32,20855,72
32,20856,69
32,20859,9
32,20860,112
32,20864,11
32,20866,1
32,20869,217
32,20870,14
32,20872,2
32,20873,7
32,20874,39
32,20876,4
32,20877,62
32,20879,2
32,20880,1
32,20882,15
32,20885,2
32,20887,1
32,20889,12
32,20891,17
32,20892,19
32,20896,48
32,20898,2
32,20900,2
32,20901,55
32,20904,9
32,20907,1
32,20908,58
32,20911,39
32,20912,8
32,20914,9
32,20915,1
32,20916,4
32,20917,3
32,20918,15
32,20919,41
32,20923,1
32,20924,3
32,20925,1
32,20928,5
32,20931,1
32,20932,2
32,20934,7
32,20937,34
32,20940,31
32,20941,3
32,20955,16
32,20956,4
32,20957,26
32,20960,8
32,20961,51
32,20962,1
32,20964,132
32,20966,2
32,20970,9
32,20971,3
32,20973,2
32,20975,10
32,20976,8
32,20977,8
32,20979,1
32,20982,17
32,20984,14
32,20985,6
32,20986,250
32,20988,1
32,20989,19
32,20992,18
32,20993,6
32,20994,1
32,20995,6
32,20998,131
32,20999,20
32,21000,2
32,21002,61
32,21009,58
32,21015,51
32,21016,136
32,21017,8
32,21018,1
32,21019,6
32,21021,235
32,21028,116
32,21029,87
32,21033,96
32,21034,2
32,21035,7
32,21038,4
32,21040,16
32,21043,1
32,21046,91
32,21047,2
32,21048,17
32,21049,7
32,21050,19
32,21051,29
32,21061,1
32,21063,150
32,21065,1
32,21066,5
32,21068,1
32,21069,4131
32,21073,7
32,21083,43
32,21085,8
32,21089,2
32,21091,6
32,21093,1
32,21097,5
32,21098,2
32,21103,104
32,21106,9
32,21109,41
32,21117,3
32,21123,1
32,21127,43
32,21129,827
32,21133,18
32,21137,2
32,21147,23
32,21149,2
32,21151,49
32,21152,182
32,21153,5
32,21155,2
32,21160,6
32,21161,14
32,21162,17
32,21163,1
32,21164,1
32,21169,1
32,21170,1
32,21171,7
32,21172,2
32,21177,1
32,21182,8
32,21185,5
32,21187,9
32,21189,9
32,21191,49
32,21193,9
32,21197,2
32,21200,47
32,21201,1
32,21202,17
32,21205,49
32,21207,2
32,21208,7
32,21209,18
32,21211,1
32,21213,150
32,21214,31
32,21215,5
32,21218,21
32,21219,4
32,21220,45
32,21234,2
32,21235,8
32,21237,2
32,21240,25
32,21241,1
32,21242,5
32,21243,1
32,21246,5
32,21247,28
32,21249,1
32,21250,2
32,21253,42
32,21254,1
32,21256,2
32,21263,1
32,21269,2
32,21270,123
32,21271,913
32,21273,1
32,21274,1
32,21276,1
32,21280,4
32,21281,19
32,21283,1
32,21290,6
32,21297,1
32,21304,1
32,21305,1
32,21306,4
32,21307,4
32,21311,2
32,21312,17
32,21313,383
32,21315,281
32,21317,3
32,21319,14
32,21320,28
32,21322,109
32,21324,2
32,21325,20
32,21326,93
32,21327,13
32,21328,2
32,21329,12
32,21330,32
32,21331,28
32,21332,73
32,21333,10
32,21334,1
32,21335,1277
32,21336,8
32,21338,195
32,21340,23
32,21342,24
32,21344,50
32,21345,40
32,21346,10
32,21348,1
32,21350,1
32,21351,29
32,21352,4
32,21353,1
32,21355,15
32,21359,10
32,21360,62
32,21361,28
32,21363,7
32,21364,4
32,21365,3
32,21367,380
32,21368,3
32,21369,1
32,21371,1
32,21373,33
32,21375,11
32,21378,6
32,21380,4
32,21382,6
32,21385,3
32,21389,1
32,21393,1
32,21400,1
32,21402,39
32,21407,192
32,21408,1
32,21410,1
32,21413,2
32,21414,13
32,21417,1
32,21421,3
32,21426,11
32,21427,9
32,21430,1
32,21435,24
32,21436,1
32,21439,9
32,21441,1
32,21442,13
32,21443,104
32,21445,15
32,21448,51
32,21449,4
32,21450,43
32,21451,111
32,21452,333
32,21453,115
32,21454,4
32,21457,13
32,21460,20
32,21462,37
32,21463,41
32,21465,2
32,21467,1
32,21472,3
32,21474,5
32,21475,83
32,21476,784
32,21477,12
32,21478,4
32,21481,1
32,21482,53
32,21483,3
32,21484,26
32,21486,1
32,21487,213
32,21488,98
32,21489,12
32,21490,133
32,21491,94
32,21493,1
32,21494,26
32,21495,8
32,21496,173
32,21507,3
32,21508,33
32,21512,177
32,21513,309
32,21514,3
32,21516,375
32,21517,127
32,21518,64
32,21519,49
32,21520,26
32,21521,152
32,21522,1
32,21524,1
32,21525,21
32,21531,425
32,21533,1
32,21534,2
32,21535,4
32,21536,5
32,21542,5
32,21543,1
32,21547,8
32,21551,5
32,21555,196
32,21556,71
32,21560,12
32,21561,17
32,21563,1
32,21564,1
32,21565,9
32,21566,114
32,21568,1
32,21570,49
32,21574,1
32,21576,64
32,21577,18
32,21578,56
32,21585,3
32,21592,1
32,21596,1
32,21608,284
32,21610,18
32,21619,16
32,21621,1
32,21623,7
32,21628,48
32,21629,83
32,21632,1
32,21638,4
32,21644,487
32,21645,1
32,21646,4
32,21647,1
32,21654,4
32,21658,1
32,21663,1
32,21672,3
32,21674,2
32,21675,1
32,21679,1
32,21681,1
32,21682,13
32,21688,123
32,21693,1
32,21696,45
32,21697,22
32,21703,3
32,21704,77
32,21705,3
32,21709,18
32,21710,1
32,21713,1
32,21723,2
32,21729,15
32,21733,5
32,21734,1
32,21736,8
32,21738,2
32,21741,18
32,21746,61
32,21754,3
32,21756,1
32,21764,2
32,21766,3
32,21767,9
32,21776,171
32,21788,1
32,21796,1
32,21807,50
32,21809,7
32,21813,3
32,21816,1
32,21822,2
32,21828,1
32,21830,51
32,21834,1
32,21839,41
32,21843,45
32,21867,5
32,21886,1
32,21888,32
32,21890,2
32,21891,2
32,21892,120
32,21894,4
32,21895,10
32,21897,5
32,21898,2
32,21899,2
32,21908,1
32,21913,1
32,21914,3
32,21916,68
32,21917,12
32,21927,1
32,21929,2
32,21930,17
32,21931,3
32,21932,16
32,21934,27
32,21941,1
32,21942,3
32,21947,5
32,21955,1
32,21957,1
32,21959,2
32,21972,4
32,21978,4
32,21980,1
32,21983,2
32,21986,1
32,21987,7
32,21992,1
32,22022,11
32,22025,205
32,22030,22
32,22039,16
32,22040,12
32,22063,1
32,22066,1
32,22068,1
32,22079,2
32,22114,1
32,22120,20
32,22121,1
32,22123,5
32,22130,2
32,22132,7
32,22135,1
32,22150,1
32,22182,1
32,22190,5
32,22196,61
32,22198,1
32,22209,2
32,22211,3
32,22218,4
32,22221,2
32,22225,1
32,22229,1
32,22231,2
32,22234,6
32,22235,478
32,22238,105
32,22240,58
32,22242,67
32,22243,7
32,22247,3
32,22253,8
32,22254,1
32,22255,1
32,22256,7
32,22258,2
32,22259,7
32,22260,4
32,22266,67
32,22269,207
32,22270,8
32,22272,1
32,22275,1
32,22280,7
32,22281,1
32,22283,394
32,22285,3
32,22287,3
32,22290,26
32,22291,103
32,22294,24
32,22296,21
32,22297,1
32,22300,6
32,22303,182
32,22307,13
32,22311,3
32,22312,106
32,22313,2
32,22314,5
32,22317,31
32,22320,387
32,22323,2
32,22330,3
32,22336,6
32,22338,64
32,22343,20
32,22346,25
32,22348,1
32,22350,13
32,22352,31
32,22353,6
32,22359,1
32,22362,1
32,22363,9
32,22365,22
32,22366,3
32,22367,1
32,22368,1
32,22369,71
32,22372,17
32,22374,19
32,22376,2
32,22378,65
32,22381,2
32,22384,2
32,22387,5
32,22402,17
32,22403,2
32,22404,1
32,22408,5
32,22411,5
32,22412,2
32,22413,1
32,22418,1
32,22421,1
32,22427,4
32,22430,1
32,22431,1
32,22434,2
32,22435,5
32,22436,1
32,22438,1
32,22445,3
32,22446,1
32,22452,1
32,22459,2
32,22467,3
32,22472,1
32,22475,10
32,22478,576
32,22479,1
32,22482,1
32,22484,5
32,22485,2
32,22493,3
32,22495,3
32,22496,10
32,22500,2
32,22509,2
32,22512,1
32,22516,3
32,22519,50
32,22521,15
32,22522,80
32,22524,9
32,22528,19
32,22530,99
32,22533,27
32,22534,16
32,22536,1
32,22539,1
32,22542,1
32,22549,3
32,22551,2
32,22560,2
32,22561,14
32,22564,13
32,22570,8
32,22575,7
32,22576,8
32,22577,36
32,22580,20
32,22581,4
32,22586,5
32,22602,8
32,22604,1
32,22607,1
32,22609,54
32,22612,128
32,22615,3
32,22616,63
32,22617,3
32,22618,2
32,22622,4
32,22623,1
32,22625,2
32,22626,1
32,22628,2
32,22633,18
32,22645,3
32,22648,6
32,22649,4
32,22652,3
32,22659,32
32,22665,3
32,22675,379
32,22679,17
32,22681,2
32,22684,3
32,22686,43
32,22687,1
32,22696,50
32,22697,14
32,22702,4
32,22704,2
32,22707,2
32,22715,2
32,22721,31
32,22725,1
32,22727,4
32,22730,10
32,22734,3
32,22739,8
32,22741,1
32,22750,4
32,22751,1
32,22752,1
32,22756,3
32,22757,1
32,22761,2
32,22763,57
32,22764,62
32,22766,6
32,22767,18
32,22768,44
32,22769,9
32,22770,9
32,22774,8
32,22775,2
32,22777,8
32,22778,27
32,22779,1
32,22781,89
32,22786,1
32,22788,1
32,22793,20
32,22797,26
32,22799,252
32,22805,83
32,22806,530
32,22809,10
32,22810,248
32,22812,106
32,22818,230
32,22823,3485
32,22825,890
32,22826,760
32,22827,153
32,22829,2
32,22830,8
32,22831,1
32,22833,60
32,22836,27
32,22839,18
32,22841,19
32,22842,3
32,22843,2
32,22846,3
32,22848,1
32,22852,4
32,22855,136
32,22856,38
32,22857,126
32,22859,11
32,22862,22
32,22863,27
32,22865,24
32,22867,1
32,22868,19
32,22869,17
32,22871,4
32,22874,6
32,22880,28
32,22882,3
32,22885,48
32,22887,11
32,22888,2
32,22890,3
32,22892,2
32,22893,7
32,22894,15
32,22899,432
32,22900,14
32,22902,3
32,22905,4
32,22907,1
32,22909,101
32,22914,164
32,22915,76
32,22916,30
32,22919,1
32,22920,5
32,22934,26
32,22937,96
32,22943,1
32,22947,5
32,22949,12
32,22952,3
32,22956,2
32,22963,1
32,22969,12
32,22971,56
32,22974,23
32,22982,2
32,22985,5
32,22986,5
32,22987,67
32,22992,3
32,22993,25
32,22994,1
32,22995,28
32,22996,33
32,23002,54
32,23004,200
32,23006,1
32,23013,1
32,23014,2
32,23016,2
32,23018,1
32,23019,15
32,23020,22
32,23030,6
32,23032,2
32,23035,2
32,23039,2
32,23041,60
32,23043,3
32,23044,6
32,23057,4
32,23064,20
32,23066,2
32,23067,5
32,23068,3
32,23073,1
32,23077,2
32,23089,3
32,23094,5
32,23100,5
32,23105,4
32,23110,8
32,23113,6
32,23130,19
32,23138,4
32,23142,35
32,23159,1
32,23186,2
32,23187,1
32,23195,4
32,23204,10
32,23228,1
32,23229,4
32,23233,9
32,23239,1
32,23241,1
32,23244,2
32,23265,7
32,23270,3
32,23273,3
32,23274,1
32,23290,1
32,23305,8
32,23338,13
32,23344,6
32,23348,4
32,23360,1
32,23363,1
32,23376,252
32,23380,115
32,23383,80
32,23384,21
32,23385,67
32,23386,3
32,23387,9
32,23388,1
32,23389,271
32,23391,112
32,23395,46
32,23396,70
32,23398,58
32,23401,2
32,23403,147
32,23408,2
32,23409,1
32,23416,153
32,23418,2
32,23420,2
32,23424,1
32,23425,46
32,23427,1
32,23429,11
32,23431,119
32,23432,109
32,23433,1294
32,23435,291
32,23436,143
32,23437,1
32,23439,34
32,23445,2
32,23447,248
32,23448,215
32,23449,20
32,23450,186
32,23451,7
32,23452,98
32,23453,122
32,23454,3
32,23455,69
32,23456,1
32,23457,2
32,23458,46
32,23459,214
32,23460,9
32,23462,5
32,23467,5
32,23470,137
32,23472,12
32,23475,14
32,23476,4
32,23477,5
32,23478,390
32,23480,1
32,23481,31
32,23485,11
32,23486,5
32,23487,23
32,23488,1
32,23490,57
32,23492,16
32,23493,47
32,23494,67
32,23495,5
32,23500,442
32,23504,2
32,23505,1
32,23506,54
32,23507,5
32,23508,1
32,23515,16
32,23517,4
32,23519,30
32,23521,6
32,23522,7
32,23525,1
32,23526,101
32,23527,122
32,23528,38
32,23529,9
32,23530,1
32,23531,17
32,23532,17
32,23534,5
32,23539,3
32,23541,12
32,23542,143
32,23544,11
32,23545,19
32,23546,92
32,23547,5
32,23548,2
32,23550,14
32,23551,37
32,23553,40
32,23554,3
32,23556,30
32,23558,26
32,23559,140
32,23560,29
32,23561,11
32,23562,32
32,23563,27
32,23565,163
32,23566,9
32,23567,810
32,23569,200
32,23570,3
32,23571,1
32,23572,8
32,23573,8
32,23574,16
32,23577,71
32,23578,89
32,23581,1
32,23583,1
32,23586,2
32,23588,22
32,23591,13
32,23592,1
32,23597,1
32,23601,13
32,23608,6
32,23609,495
32,23610,6
32,23611,2
32,23612,50
32,23613,2
32,23614,44
32,23615,1
32,23616,8
32,23618,2
32,23621,91
32,23624,14
32,23626,12
32,23627,17
32,23629,2
32,23630,3
32,23631,12
32,23633,1
32,23637,96
32,23643,34
32,23646,1
32,23648,4
32,23650,2
32,23652,2
32,23653,13
32,23660,10
32,23662,2
32,23663,29
32,23665,776
32,23667,1
32,23673,1
32,23674,1
32,23679,1
32,23681,3
32,23695,1
32,23696,14
32,23697,11
32,23700,23
32,23703,25
32,23704,2
32,23705,1
32,23706,12
32,23707,1
32,23708,4
32,23710,1
32,23712,1
32,23713,53
32,23715,3
32,23719,1
32,23721,175
32,23723,3
32,23724,5
32,23725,37
32,23729,11
32,23731,46
32,23733,1
32,23735,7
32,23736,19
32,23737,1
32,23738,1
32,23742,1
32,23743,1
32,23747,1
32,23748,1
32,23751,2
32,23754,1
32,23762,3
32,23769,4
32,23776,3
32,23777,13
32,23782,2
32,23784,40
32,23786,11
32,23791,8
32,23792,27
32,23796,1
32,23798,45
32,23803,4
32,23805,5
32,23808,1
32,23810,1
32,23814,4
32,23815,148
32,23819,1
32,23822,6
32,23824,1
32,23825,9
32,23828,423
32,23830,8
32,23831,4
32,23835,4
32,23838,2
32,23847,2
32,23849,12
32,23852,1
32,23854,3
32,23870,1
32,23882,1
32,23883,3
32,23884,2
32,23888,18
32,23891,1
32,23894,1
32,23913,15
32,23916,1
32,23919,4
32,23938,1
32,23947,4
32,23948,1
32,23968,1
32,23988,1
32,23994,19
32,23996,2
32,23997,4
32,24012,4
32,24013,4
32,24022,15
32,24024,1
32,24027,1
32,24029,141
32,24030,62
32,24033,19
32,24034,2
32,24035,5
32,24037,97
32,24038,186
32,24039,12
32,24040,72
32,24041,7
32,24042,2
32,24043,17
32,24045,1
32,24046,12
32,24049,66
32,24050,16
32,24051,10
32,24052,180
32,24055,7
32,24059,12
32,24061,6
32,24062,7
32,24066,135
32,24067,80
32,24070,1
32,24072,5
32,24076,48
32,24085,9
32,24086,6
32,24090,1
32,24091,2
32,24093,111
32,24101,10
32,24102,3
32,24107,76
32,24109,13
32,24110,5
32,24111,13
32,24112,22
32,24115,4
32,24118,17
32,24120,161
32,24125,7
32,24128,3
32,24132,1
32,24133,2
32,24140,3
32,24149,20
32,24158,5
32,24159,1
32,24161,8
32,24162,53
32,24163,1
32,24178,32
32,24179,923
32,24180,74
32,24182,2
32,24183,16
32,24184,143
32,24185,22
32,24186,5
32,24187,49
32,24188,27
32,24189,27
32,24190,8
32,24191,85
32,24193,1
32,24195,28
32,24196,31
32,24198,31
32,24199,2
32,24202,14
32,24207,36
32,24208,4
32,24211,25
32,24212,7
32,24213,27
32,24215,42
32,24217,53
32,24218,33
32,24220,53
32,24222,13
32,24224,1
32,24230,23
32,24231,18
32,24235,17
32,24237,12
32,24239,6
32,24245,8
32,24246,35
32,24247,250
32,24248,1
32,24254,24
32,24259,2
32,24264,2
32,24265,58
32,24266,13
32,24272,1
32,24275,1
32,24278,16
32,24282,1
32,24285,1
32,24287,19
32,24290,31
32,24291,307
32,24297,1
32,24300,7
32,24307,10
32,24310,126
32,24311,6
32,24312,1
32,24314,213
32,24315,5
32,24318,1
32,24319,12
32,24320,30
32,24321,3
32,24322,1
32,24324,9
32,24330,3
32,24331,6
32,24332,2
32,24335,19
32,24336,4
32,24339,17
32,24340,4
32,24341,15
32,24343,12
32,24344,185
32,24347,1
32,24351,31
32,24352,252
32,24357,25
32,24358,7
32,24359,6
32,24361,1
32,24369,10
32,24373,349
32,24374,1
32,24375,40
32,24377,1
32,24378,19
32,24380,9
32,24382,2
32,24392,7
32,24394,4
32,24396,73
32,24398,2
32,24400,1
32,24402,12
32,24403,24
32,24407,3
32,24409,1
32,24411,2
32,24413,1
32,24418,30
32,24422,34
32,24425,42
32,24426,1
32,24427,8
32,24428,9
32,24429,85
32,24432,28
32,24433,93
32,24439,2
32,24441,3844
32,24443,2
32,24444,36
32,24448,23
32,24449,13
32,24450,1
32,24452,5
32,24453,30
32,24456,4
32,24459,12
32,24460,193
32,24464,214
32,24465,1
32,24466,12
32,24467,13
32,24471,129
32,24472,2
32,24473,2
32,24478,88
32,24480,1
32,24481,113
32,24487,3
32,24489,61
32,24490,8
32,24494,40
32,24499,32
32,24501,6
32,24503,367
32,24505,21
32,24509,14
32,24515,201
32,24516,4
32,24517,112
32,24524,7
32,24525,37
32,24535,63
32,24536,33
32,24537,7
32,24540,13
32,24541,1
32,24544,232
32,24551,1
32,24555,38
32,24559,1
32,24561,9
32,24565,25
32,24571,5
32,24573,24
32,24575,5
32,24576,20
32,24590,4
32,24594,31
32,24597,3
32,24598,1
32,24604,4
32,24605,190
32,24608,3
32,24609,12
32,24612,1
32,24613,19
32,24615,94
32,24616,4
32,24618,37
32,24623,5
32,24629,1
32,24635,9
32,24638,1
32,24642,3
32,24643,1
32,24646,5
32,24651,272
32,24656,44
32,24658,30
32,24661,5
32,24666,1
32,24674,2
32,24675,3
32,24677,2
32,24680,18
32,24681,74
32,24682,2
32,24684,13
32,24685,66
32,24686,3
32,24687,15
32,24688,18
32,24693,31
32,24694,2
32,24700,2
32,24709,6
32,24713,12
32,24716,4
32,24717,1
32,24724,6
32,24726,2
32,24735,13
32,24736,26
32,24739,9
32,24740,1
32,24742,17
32,24745,1
32,24746,18
32,24752,3
32,24754,55
32,24755,1
32,24758,2
32,24764,14
32,24765,1
32,24773,96
32,24775,9
32,24785,15
32,24789,2
32,24796,5
32,24799,29
32,24800,95
32,24801,55
32,24803,8
32,24807,1
32,24808,1
32,24816,4
32,24818,1
32,24819,52
32,24826,5
32,24827,2
32,24833,4
32,24838,1
32,24840,1
32,24841,5
32,24845,6
32,24846,1
32,24847,57
32,24853,1
32,24858,15
32,24859,454
32,24863,29
32,24871,2
32,24892,65
32,24894,1
32,24900,1
32,24901,1
32,24902,1
32,24903,3
32,24904,80
32,24906,2
32,24907,3
32,24910,18
32,24917,47
32,24920,5
32,24921,4
32,24927,2
32,24930,5
32,24931,8
32,24935,32
32,24936,3
32,24942,2
32,24944,10
32,24949,1
32,24950,219
32,24951,2
32,24958,7
32,24962,11
32,24974,2
32,24976,3
32,24977,19
32,24984,8
32,24996,3
32,24999,3
32,25000,1
32,25001,2
32,25004,2
32,25010,59
32,25014,1
32,25022,1
32,25031,3
32,25033,107
32,25034,2
32,25040,6
32,25062,2
32,25074,8
32,25077,1
32,25078,1
32,25079,66
32,25080,27
32,25082,13
32,25084,1
32,25087,15
32,25088,22
32,25096,20
32,25097,3
32,25098,49
32,25100,3
32,25102,4
32,25103,2
32,25104,333
32,25105,175
32,25106,34
32,25110,82
32,25112,6
32,25114,8
32,25115,1
32,25126,41
32,25130,1
32,25134,1
32,25135,3
32,25136,137
32,25137,2
32,25138,3
32,25140,33
32,25142,40
32,25143,10
32,25144,28
32,25147,6
32,25150,1
32,25151,35
32,25152,212
32,25153,23
32,25155,1
32,25159,9
32,25160,26
32,25161,3
32,25163,92
32,25165,16
32,25166,42
32,25170,1
32,25171,55
32,25173,1
32,25176,32
32,25187,2
32,25193,1
32,25195,1
32,25196,11
32,25197,1
32,25198,28
32,25199,1
32,25201,1
32,25206,67
32,25209,9
32,25212,1
32,25214,3
32,25215,86
32,25216,9
32,25220,6
32,25222,1
32,25225,1
32,25226,22
32,25233,9
32,25234,1
32,25235,1
32,25237,15
32,25238,1
32,25239,23
32,25240,28
32,25242,12
32,25243,1
32,25244,2
32,25246,6
32,25250,1
32,25252,14
32,25253,3
32,25259,2
32,25260,1
32,25265,52
32,25269,7
32,25273,1
32,25276,8
32,25277,6
32,25282,6
32,25284,2
32,25285,5
32,25288,1
32,25289,66
32,25290,1
32,25292,1
32,25293,5
32,25295,1
32,25296,2
32,25298,4
32,25299,68
32,25300,10
32,25302,15
32,25303,1
32,25304,13
32,25305,2
32,25307,29
32,25308,31
32,25309,5
32,25312,2
32,25313,3
32,25317,4
32,25318,2
32,25319,1
32,25324,3
32,25325,1
32,25327,1
32,25329,18
32,25331,8
32,25334,1
32,25335,3
32,25342,6
32,25343,3
32,25345,54
32,25346,3
32,25351,45
32,25353,11
32,25361,11
32,25366,4
32,25369,2
32,25375,1
32,25384,9
32,25387,2
32,25391,58
32,25397,1
32,25401,3
32,25402,1
32,25403,1
32,25405,4
32,25406,3
32,25407,8
32,25417,3
32,25420,2
32,25423,1
32,25424,1
32,25429,5
32,25431,1
32,25438,2
32,25447,4
32,25448,30
32,25449,1
32,25451,1
32,25463,7
32,25467,1
32,25471,1
32,25475,3
32,25476,1
32,25479,1
32,25480,8
32,25481,1
32,25484,16
32,25487,1
32,25490,26
32,25494,1
32,25496,5
32,25499,46
32,25504,2
32,25505,8
32,25506,13
32,25507,2
32,25509,32
32,25511,16
32,25512,33
32,25514,14
32,25542,3
32,25545,1
32,25551,2
32,25552,37
32,25554,4
32,25558,7
32,25562,12
32,25563,3
32,25569,7
32,25571,1
32,25581,7
32,25582,3
32,25588,6
32,25591,3
32,25594,5
32,25613,17
32,25622,8
32,25628,9
32,25634,2
32,25644,3
32,25645,1
32,25654,2
32,25658,2
32,25661,1
32,25662,1
32,25666,6
32,25668,1
32,25670,9
32,25671,1
32,25691,2
32,25696,5
32,25705,39
32,25709,1
32,25711,2
32,25715,1
32,25720,2
32,25721,2
32,25722,2
32,25731,4
32,25736,1
32,25743,1
32,25745,1
32,25746,8
32,25758,4
32,25764,7
32,25765,3
32,25766,3
32,25771,12
32,25773,9
32,25774,5
32,25776,15
32,25778,2
32,25793,4
32,25794,2
32,25797,3
32,25799,6
32,25802,8
32,25803,1
32,25805,6
32,25812,3
32,25818,5
32,25830,2
32,25831,22
32,25836,6
32,25842,1
32,25844,3
32,25856,6
32,25884,2
32,25885,12
32,25899,1
32,25900,2
32,25903,134
32,25908,1
32,25909,1
32,25910,16
32,25912,5
32,25913,133
32,25915,10
32,25918,87
32,25919,130
32,25925,1729
32,25928,23
32,25933,10
32,25934,220
32,25935,27
32,25937,14
32,25942,19
32,25943,56
32,25945,68
32,25954,38
32,25955,23
32,25958,41
32,25964,121
32,25968,6
32,25970,1
32,25972,15
32,25973,17
32,25975,10
32,25976,39
32,25986,6
32,25991,845
32,25993,12
32,25995,2
32,25996,4
32,25998,14
32,26000,1
32,26001,22
32,26007,62
32,26009,234
32,26011,2
32,26012,22
32,26017,20
32,26020,4
32,26021,22
32,26023,3
32,26027,1
32,26028,19
32,26029,9
32,26031,28
32,26032,2366
32,26039,41
32,26041,185
32,26044,75
32,26045,47
32,26048,2
32,26049,5
32,26052,1
32,26053,60
32,26059,12
32,26060,147
32,26063,17
32,26071,22
32,26080,15
32,26081,1
32,26082,15
32,26083,32
32,26085,771
32,26086,25
32,26087,71
32,26088,3
32,26089,58
32,26092,8
32,26093,24
32,26097,1
32,26100,1
32,26102,11
32,26106,22
32,26107,5
32,26114,13
32,26116,1
32,26118,45
32,26119,21
32,26121,2
32,26124,121
32,26125,5
32,26126,515
32,26127,4
32,26129,1
32,26131,34
32,26132,43
32,26133,1
32,26134,1
32,26137,1
32,26141,4
32,26142,1
32,26143,210
32,26144,81
32,26149,410
32,26151,5
32,26152,12
32,26154,3
32,26157,198
32,26159,90
32,26161,4
32,26164,6
32,26167,1
32,26171,2
32,26172,5
32,26174,2
32,26177,6
32,26178,185
32,26179,7
32,26185,196
32,26187,73
32,26191,15
32,26194,4
32,26195,11
32,26202,6
32,26205,8
32,26206,1
32,26207,2
32,26214,5
32,26216,10
32,26217,39
32,26222,220
32,26223,170
32,26227,1
32,26228,45
32,26230,11
32,26234,115
32,26238,1
32,26241,18
32,26247,3
32,26249,3
32,26250,2
32,26257,4
32,26262,12
32,26263,36
32,26271,3
32,26274,6
32,26278,6
32,26280,1
32,26283,2
32,26286,6
32,26290,1
32,26291,1
32,26292,25
32,26299,1
32,26310,6
32,26311,6
32,26313,11
32,26326,2
32,26329,22
32,26332,5
32,26333,1
32,26336,2
32,26342,1
32,26345,1
32,26352,82
32,26354,106
32,26355,1
32,26356,38
32,26359,3
32,26360,151
32,26361,160
32,26362,70
32,26363,1
32,26364,6
32,26365,10
32,26366,114
32,26367,4
32,26368,140
32,26371,57
32,26376,331
32,26377,330
32,26379,23
32,26381,50
32,26384,3
32,26388,19
32,26389,5
32,26391,27
32,26395,141
32,26397,348
32,26399,19
32,26403,1
32,26406,2
32,26407,5
32,26408,751
32,26410,149
32,26411,34
32,26412,349
32,26413,6
32,26414,2
32,26417,254
32,26420,655
32,26421,6
32,26422,2
32,26426,7
32,26428,1
32,26429,1
32,26434,2
32,26435,4
32,26438,4
32,26440,3
32,26441,67
32,26446,4091
32,26447,64
32,26448,4
32,26449,58
32,26451,3
32,26454,3
32,26457,1
32,26460,103
32,26462,14
32,26463,7
32,26465,4
32,26469,29
32,26472,251
32,26477,25
32,26479,1
32,26480,5
32,26481,1004
32,26482,1
32,26485,2
32,26491,2
32,26494,547
32,26495,134
32,26497,1
32,26500,4
32,26503,2
32,26507,1
32,26511,1
32,26512,2
32,26517,10
32,26519,309
32,26521,1
32,26522,20
32,26524,64
32,26525,18
32,26526,1
32,26529,3
32,26530,1
32,26531,24
32,26535,7
32,26536,1
32,26539,28
32,26543,3
32,26547,1
32,26549,1
32,26550,16
32,26552,2
32,26553,1
32,26560,1
32,26564,1
32,26570,4
32,26575,79
32,26576,10
32,26577,17
32,26578,1
32,26579,11
32,26580,26
32,26584,19
32,26586,7
32,26590,5
32,26591,1
32,26597,30
32,26607,25
32,26608,2
32,26609,18
32,26611,449
32,26612,61
32,26613,2
32,26619,3
32,26623,14
32,26627,6
32,26628,10
32,26631,2
32,26635,1
32,26637,1
32,26638,2
32,26639,4
32,26641,15
32,26646,4
32,26647,109
32,26654,4
32,26655,1
32,26657,55
32,26658,16
32,26666,118
32,26671,1
32,26673,1
32,26674,1
32,26679,3
32,26680,13
32,26681,33
32,26684,55
32,26685,2
32,26686,5
32,26689,1
32,26690,117
32,26691,145
32,26696,5
32,26704,90
32,26705,62
32,26707,35
32,26708,5
32,26716,146
32,26720,1
32,26724,1
32,26725,83
32,26726,11
32,26727,1
32,26738,1
32,26740,1
32,26742,9
32,26753,169
32,26754,14
32,26757,198
32,26767,1
32,26771,20
32,26775,6
32,26781,49
32,26783,3
32,26786,5
32,26787,1
32,26790,9
32,26791,29
32,26792,60
32,26797,6
32,26799,1
32,26800,1
32,26803,2
32,26805,73
32,26806,10
32,26816,1
32,26820,7
32,26825,12
32,26827,14
32,26834,3
32,26837,3
32,26839,6
32,26840,2
32,26842,13
32,26847,6
32,26848,14
32,26849,1
32,26851,4
32,26857,1
32,26862,122
32,26865,1
32,26866,5
32,26874,2
32,26884,1
32,26885,5
32,26891,1
32,26893,23
32,26894,2
32,26895,1
32,26897,2
32,26898,4
32,26899,1
32,26905,1
32,26907,2
32,26908,3
32,26919,2
32,26928,5
32,26937,1
32,26941,7
32,26943,21
32,26954,181
32,26963,32
32,26964,8
32,26967,2
32,26970,22
32,26974,7
32,26976,14
32,26977,5
32,26978,2
32,26979,1
32,26984,1
32,26986,4
32,26989,27
32,26990,5
32,26991,3
32,26997,117
32,26999,3
32,27000,4
32,27004,20
32,27005,25
32,27010,1
32,27011,1
32,27012,1
32,27014,29
32,27017,1
32,27018,10
32,27020,1
32,27022,2
32,27025,1
32,27026,1
32,27028,4
32,27029,7
32,27035,4
32,27036,4
32,27045,1
32,27048,1
32,27054,40
32,27060,5
32,27075,2
32,27082,2
32,27083,16
32,27084,1
32,27085,4
32,27086,2
32,27088,33
32,27096,4
32,27097,1
32,27098,1
32,27103,2
32,27109,2
32,27114,3
32,27130,3
32,27133,2
32,27135,3
32,27138,135
32,27141,1
32,27146,21
32,27147,6
32,27153,3
32,27155,6
32,27159,1
32,27161,25
32,27166,9
32,27167,26
32,27169,22
32,27171,6
32,27177,11
32,27178,140
32,27185,1
32,27189,4
32,27192,2
32,27193,27
32,27194,4
32,27197,2
32,27204,1
32,27211,36
32,27216,2
32,27224,25
32,27231,47
32,27233,3
32,27243,34
32,27252,1
32,27253,1
32,27259,1
32,27264,26
32,27267,1
32,27268,1
32,27277,2
32,27280,1
32,27284,1
32,27292,16
32,27298,54
32,27308,4
32,27309,1
32,27320,8
32,27323,3
32,27330,2
32,27331,2
32,27347,3
32,27355,8
32,27356,3
32,27383,1
32,27387,8
32,27396,3
32,27397,13
32,27402,183
32,27404,2
32,27410,1
32,27421,1
32,27424,4
32,27425,113
32,27426,6
32,27427,5
32,27431,14
32,27442,54
32,27453,20
32,27454,2
32,27455,1
32,27463,7
32,27468,138
32,27470,2
32,27472,15
32,27475,1
32,27481,1
32,27483,1
32,27484,2
32,27489,4
32,27490,29
32,27491,388
32,27492,100
32,27493,29
32,27494,488
32,27495,6
32,27497,32
32,27498,4
32,27503,5
32,27506,27
32,27507,2
32,27508,28
32,27511,56
32,27512,56
32,27515,87
32,27529,26
32,27530,4
32,27531,15
32,27536,1
32,27542,6
32,27544,12
32,27556,8
32,27562,1
32,27563,1
32,27570,1
32,27571,1
32,27573,43
32,27575,28
32,27578,33
32,27579,2
32,27581,1
32,27583,25
32,27584,1
32,27585,2
32,27589,24
32,27593,1
32,27595,44
32,27596,2
32,27597,157
32,27598,12
32,27599,49
32,27602,15
32,27603,5
32,27604,100
32,27605,6
32,27607,5
32,27608,32
32,27611,107
32,27627,5
32,27628,3
32,27663,45
32,27665,256
32,27668,2
32,27671,65
32,27683,48
32,27700,553
32,27701,3
32,27703,39
32,27704,832
32,27709,2
32,27710,2
32,27712,9
32,27713,3
32,27714,57
32,27719,14
32,27721,40
32,27722,5
32,27726,7
32,27728,5
32,27733,2
32,27735,21
32,27737,1
32,27738,3
32,27739,2
32,27740,1
32,27741,37
32,27742,1
32,27743,411
32,27744,91
32,27748,94
32,27752,2
32,27754,50
32,27755,1
32,27757,1
32,27760,2
32,27762,21
32,27764,5
32,27766,12
32,27770,29
32,27773,4
32,27774,9
32,27777,5
32,27778,9
32,27779,20
32,27781,3
32,27782,2
32,27784,314
32,27785,4
32,27788,2
32,27792,10
32,27794,15
32,27796,9
32,27798,36
32,27801,370
32,27803,1
32,27807,14
32,27809,2
32,27810,11
32,27811,2
32,27813,2
32,27815,4
32,27817,1
32,27818,5
32,27819,2
32,27821,1
32,27822,2
32,27825,11
32,27827,503
32,27832,2
32,27833,39
32,27835,75
32,27836,10
32,27837,3
32,27838,2
32,27839,51
32,27841,6
32,27842,1
32,27843,1
32,27844,2
32,27849,86
32,27850,10
32,27852,1
32,27857,1
32,27859,2
32,27861,472
32,27862,1
32,27863,49
32,27865,2
32,27867,8
32,27869,1
32,27872,1
32,27873,13
32,27874,90
32,27875,32
32,27877,60
32,27880,45
32,27882,1
32,27883,1
32,27886,5
32,27887,4
32,27888,139
32,27891,6
32,27893,1
32,27895,1
32,27896,5
32,27898,1
32,27900,2
32,27901,14
32,27902,8
32,27908,1
32,27911,1
32,27912,1
32,27915,73
32,27918,1
32,27921,3
32,27922,8
32,27927,25
32,27929,11
32,27930,1
32,27931,106
32,27934,86
32,27939,1
32,27940,1
32,27941,90
32,27946,479
32,27950,7
32,27954,25
32,27957,3
32,27960,4
32,27961,1
32,27962,3
32,27963,39
32,27964,6
32,27965,9
32,27966,24
32,27969,121
32,27972,5
32,27973,45
32,27974,3
32,27975,1
32,27977,1
32,27978,1
32,27979,1
32,27980,1
32,27981,3
32,27982,16
32,27983,1
32,27985,3
32,27986,4
32,27987,5
32,27988,2
32,27993,22
32,27994,6
32,27995,1
32,27996,14
32,27998,1
32,28003,6
32,28006,51
32,28009,43
32,28010,40
32,28012,3
32,28014,114
32,28015,5
32,28016,1
32,28020,4
32,28023,546
32,28024,10
32,28031,1
32,28034,11
32,28037,8
32,28039,4
32,28040,56
32,28041,5
32,28044,12
32,28051,1
32,28052,2
32,28053,2
32,28057,83
32,28059,4
32,28061,3
32,28063,2
32,28064,1
32,28065,2
32,28070,5
32,28071,14
32,28072,1
32,28073,1
32,28074,4
32,28078,1
32,28079,3
32,28082,5
32,28084,1
32,28085,13
32,28092,22
32,28095,1
32,28096,3
32,28100,3
32,28101,1
32,28103,1
32,28107,6
32,28108,1
32,28110,3
32,28112,5
32,28113,47
32,28118,4
32,28120,1
32,28121,1
32,28122,4
32,28125,6
32,28126,1
32,28128,1
32,28129,26
32,28132,8
32,28134,2
32,28136,52
32,28139,10
32,28142,25
32,28143,1
32,28145,134
32,28147,45
32,28149,24
32,28150,2
32,28151,28
32,28152,374
32,28153,2
32,28154,5
32,28155,7
32,28163,1
32,28165,254
32,28168,4
32,28169,10
32,28170,1
32,28171,24
32,28172,3
32,28179,1
32,28180,22
32,28181,2
32,28183,1
32,28185,1
32,28186,15
32,28187,21
32,28192,20
32,28193,83
32,28195,7
32,28196,20
32,28197,5
32,28198,2
32,28201,66
32,28204,11
32,28205,26
32,28207,35
32,28212,3
32,28216,11
32,28218,1
32,28220,2
32,28222,8
32,28228,4
32,28234,2
32,28235,1
32,28237,4
32,28243,2
32,28244,2
32,28246,121
32,28248,19
32,28251,23
32,28252,6
32,28255,1
32,28258,1
32,28259,5
32,28263,3
32,28267,7
32,28271,27
32,28286,28
32,28288,27
32,28304,52
32,28310,13
32,28316,3
32,28317,4
32,28319,1
32,28322,7
32,28325,13
32,28327,4
32,28330,62
32,28331,67
32,28337,2
32,28342,7
32,28346,3
32,28353,1
32,28354,1
32,28356,7
32,28357,30
32,28359,2
32,28363,20
32,28364,2
32,28365,1
32,28369,5
32,28372,4
32,28373,6
32,28376,3
32,28378,2
32,28381,6
32,28384,1
32,28385,24
32,28389,2
32,28390,4
32,28392,28
32,28393,11
32,28396,2
32,28399,1
32,28402,1
32,28404,2
32,28408,1
32,28414,2
32,28415,33
32,28417,7
32,28418,9
32,28422,33
32,28431,7
32,28435,3
32,28436,122
32,28437,6
32,28448,8
32,28450,155
32,28451,5
32,28457,3
32,28459,22
32,28460,4
32,28461,1
32,28465,2
32,28467,9
32,28471,1
32,28472,5
32,28473,1
32,28478,1
32,28479,1
32,28481,1
32,28486,2
32,28487,3
32,28491,1
32,28493,1
32,28499,1
32,28500,7
32,28503,1
32,28504,86
32,28505,3
32,28506,5
32,28507,10
32,28508,4
32,28510,8
32,28511,2
32,28514,2
32,28516,19
32,28518,1
32,28525,37
32,28526,36
32,28528,2
32,28538,1
32,28540,7
32,28544,1
32,28545,1
32,28546,2
32,28548,42
32,28551,1
32,28552,5
32,28553,1
32,28556,1
32,28557,2
32,28561,1
32,28567,5
32,28572,1
32,28577,2
32,28580,8
32,28581,1
32,28583,9
32,28586,8
32,28590,1
32,28595,23
32,28596,1
32,28601,4
32,28608,22
32,28609,2
32,28610,5
32,28611,9
32,28617,2
32,28618,3
32,28625,1
32,28628,1
32,28629,6
32,28635,1
32,28639,42
32,28640,5
32,28641,7
32,28644,2
32,28651,1
32,28652,5
32,28654,3
32,28655,10
32,28656,14
32,28657,10
32,28665,1
32,28668,2
32,28670,4
32,28673,1
32,28681,1
32,28683,4
32,28685,2
32,28687,1
32,28689,7
32,28696,1
32,28698,3
32,28699,8
32,28701,7
32,28702,1
32,28707,2
32,28711,25
32,28712,2
32,28716,18
32,28732,2
32,28734,1
32,28742,2
32,28744,1
32,28748,22
32,28753,4
32,28760,2
32,28765,5
32,28766,3
32,28771,3
32,28772,2
32,28779,173
32,28780,2
32,28783,15
32,28784,28
32,28789,48
32,28790,1
32,28796,9
32,28797,14
32,28798,2
32,28809,11
32,28810,3
32,28814,29
32,28818,4
32,28821,1
32,28822,1
32,28825,2
32,28836,5
32,28843,3
32,28844,2
32,28845,16
32,28846,6
32,28847,6
32,28851,12
32,28856,3
32,28857,11
32,28858,19
32,28860,1
32,28866,2
32,28872,52
32,28879,79
32,28884,1
32,28888,1
32,28889,2
32,28893,3
32,28895,22
32,28900,1
32,28903,3
32,28909,29
32,28921,2
32,28925,44
32,28937,5
32,28948,2
32,28949,1
32,28953,1
32,28954,3
32,28956,2
32,28961,449
32,28966,32
32,28976,1
32,28977,1
32,28982,75
32,28988,4
32,28999,1
32,29001,9
32,29004,9
32,29006,8
32,29010,2
32,29013,1
32,29017,12
32,29028,7
32,29029,7
32,29030,1
32,29031,22
32,29032,1
32,29033,9
32,29036,10
32,29038,3
32,29053,1
32,29056,2
32,29066,63
32,29071,2
32,29074,2
32,29076,1
32,29081,16
32,29087,9
32,29090,3
32,29096,1
32,29105,40
32,29107,1
32,29113,1
32,29118,10
32,29121,1
32,29123,21
32,29128,12
32,29129,1
32,29134,7
32,29136,5
32,29138,2
32,29141,77
32,29146,1
32,29148,1
32,29151,12
32,29157,2
32,29158,1
32,29159,3
32,29165,6
32,29166,2
32,29172,1
32,29182,5
32,29183,1
32,29184,1
32,29190,25
32,29211,8
32,29224,1
32,29226,6
32,29227,1
32,29229,6
32,29233,37
32,29234,118
32,29237,6
32,29238,259
32,29239,1
32,29240,1
32,29243,1
32,29245,8
32,29246,16
32,29247,1
32,29248,1
32,29255,87
32,29256,28
32,29260,16
32,29266,1
32,29270,1
32,29273,28
32,29275,141
32,29277,1
32,29279,25
32,29281,13
32,29282,7
32,29286,2
32,29287,51
32,29289,58
32,29295,2
32,29305,138
32,29309,4
32,29312,4
32,29313,5
32,29325,1
32,29351,3
32,29356,21
32,29359,17
32,29366,2
32,29376,13
32,29378,16
32,29380,9
32,29390,4
32,29392,8
32,29394,1
32,29399,7
32,29401,6
32,29403,2
32,29408,2
32,29417,3
32,29420,33
32,29421,1
32,29422,26
32,29431,1
32,29432,4
32,29433,2
32,29436,19
32,29454,3
32,29458,1
32,29463,2
32,29467,22
32,29468,1
32,29471,3
32,29472,2
32,29477,1
32,29482,15
32,29483,48
32,29492,8
32,29494,30
32,29498,1
32,29503,9
32,29508,13
32,29509,27
32,29520,9
32,29522,4
32,29534,1
32,29536,1
32,29539,6
32,29540,1
32,29544,99
32,29547,2
32,29551,2
32,29554,3
32,29560,2
32,29563,30
32,29569,1
32,29572,132
32,29574,6
32,29575,21
32,29577,402
32,29579,1218
32,29582,2
32,29583,3
32,29586,2
32,29590,8
32,29595,15
32,29602,2
32,29609,7
32,29611,4
32,29615,22
32,29616,1
32,29618,22
32,29625,1
32,29627,3
32,29632,2
32,29634,1
32,29638,2
32,29640,2
32,29641,3
32,29642,10
32,29645,34
32,29650,1
32,29654,6
32,29656,4
32,29657,6
32,29661,5
32,29662,2
32,29664,50
32,29667,1
32,29669,1
32,29674,5
32,29677,29
32,29689,5
32,29694,563
32,29699,31
32,29700,2
32,29701,14
32,29702,126
32,29703,1
32,29705,20
32,29706,1
32,29709,1
32,29712,1
32,29723,3
32,29728,1
32,29730,3
32,29733,4
32,29734,3
32,29738,2
32,29742,6
32,29743,3
32,29744,1
32,29747,5
32,29748,39
32,29749,10
32,29750,1
32,29755,4
32,29756,7
32,29759,6
32,29760,1
32,29763,1
32,29765,6
32,29768,1
32,29771,2
32,29780,1
32,29781,4
32,29783,2
32,29786,2
32,29787,10
32,29788,13
32,29790,110
32,29792,18
32,29794,3
32,29795,1
32,29796,7
32,29801,2
32,29802,3
32,29805,4
32,29808,1
32,29810,2
32,29814,14
32,29827,3
32,29830,1
32,29833,1
32,29835,1
32,29844,4
32,29846,1
32,29852,6
32,29854,2
32,29855,6
32,29857,1
32,29861,3
32,29862,1
32,29863,3
32,29865,1
32,29866,1
32,29869,2
32,29872,34
32,29877,1
32,29885,2
32,29887,3
32,29898,67
32,29908,1
32,29912,1
32,29915,2
32,29916,25
32,29920,4
32,29922,9
32,29926,82
32,29934,3
32,29935,1
32,29942,2
32,29953,32
32,29956,36
32,29964,2
32,29969,9
32,29971,1
32,29973,9
32,29976,180
32,29978,27
32,29979,1
32,29980,10
32,29982,1
32,29983,289
32,29986,1
32,29987,44
32,29989,1
32,29992,37
32,29994,1
32,29995,13
32,29996,2
32,30000,309
32,30001,72
32,30002,374
32,30003,218
32,30005,13
32,30007,121
32,30008,7
32,30010,14
32,30011,8
32,30021,2
32,30028,49
32,30031,13
32,30033,9
32,30035,3
32,30041,67
32,30044,7
32,30045,2
32,30048,2
32,30050,6
32,30053,41
32,30056,1
32,30058,19
32,30059,1
32,30063,1
32,30064,69
32,30066,1
32,30067,1
32,30069,63
32,30070,56
32,30072,2
32,30073,1
32,30079,2
32,30083,1
32,30086,4
32,30087,2
32,30090,1
32,30091,2
32,30094,9
32,30095,15
32,30097,15
32,30098,1
32,30123,1
32,30130,1
32,30142,20
32,30149,36
32,30151,10
32,30165,4
32,30168,3
32,30171,7
32,30174,1
32,30185,2
32,30195,1
32,30196,10
32,30221,1
32,30240,1
32,30247,1
32,30274,4
32,30290,1
32,30296,1
32,30305,12
32,30306,1
32,30317,1
32,30318,1
32,30328,44
32,30330,45
32,30331,61
32,30332,69
32,30333,901
32,30334,211
32,30338,8
32,30340,17
32,30342,68
32,30343,304
32,30344,1
32,30347,4
32,30350,1
32,30352,4
32,30355,2
32,30372,1
32,30382,30
32,30399,1
32,30402,1
32,30403,1
32,30405,1
32,30406,5
32,30408,8
32,30410,62
32,30412,1
32,30413,1
32,30415,1
32,30416,35
32,30417,2
32,30418,4
32,30422,12
32,30423,11
32,30424,35
32,30427,111
32,30428,9
32,30430,3
32,30431,7
32,30433,16
32,30435,45
32,30436,33
32,30437,1
32,30439,115
32,30446,46
32,30449,1
32,30450,3
32,30452,143
32,30456,130
32,30460,2
32,30462,3
32,30465,37
32,30468,1
32,30472,1
32,30473,18
32,30475,22
32,30476,4
32,30492,1
32,30494,235
32,30495,336
32,30496,15
32,30505,5
32,30519,13
32,30524,18
32,30526,9
32,30528,14
32,30555,1
32,30556,1
32,30561,9
32,30562,2
32,30563,4
32,30566,24
32,30568,1
32,30571,1
32,30591,9
32,30603,7
32,30606,1
32,30609,2
32,30636,9
32,30637,1
32,30640,2
32,30643,17
32,30651,6
32,30653,1
32,30655,8
32,30663,1
32,30679,3
32,30683,7
32,30684,1
32,30690,45
32,30691,8
32,30693,187
32,30695,1
32,30697,2
32,30701,22
32,30702,3
32,30703,3
32,30707,1566
32,30710,1
32,30717,1
32,30718,4
32,30719,15
32,30720,1
32,30721,10
32,30722,36
32,30733,1
32,30738,1
32,30740,14
32,30741,1
32,30742,11
32,30746,6
32,30751,1
32,30755,1
32,30757,4
32,30758,2
32,30759,2
32,30768,1
32,30770,10
32,30772,46
32,30773,1
32,30787,1
32,30789,7
32,30791,1
32,30798,1
32,30799,96
32,30800,2
32,30805,4
32,30806,6
32,30807,1
32,30813,15
32,30827,3
32,30828,10
32,30830,1
32,30831,9
32,30835,1
32,30844,1
32,30849,5
32,30855,1
32,30860,2
32,30862,4
32,30865,48
32,30867,1
32,30871,9
32,30875,2
32,30883,4
32,30887,67
32,30889,14
32,30896,1
32,30897,5
32,30902,1
32,30906,27
32,30908,4
32,30910,9
32,30913,17
32,30922,2
32,30928,22
32,30937,2
32,30938,3
32,30951,7
32,30952,198
32,30959,13
32,30964,1
32,30967,1
32,30971,5
32,30990,3
32,30992,1
32,30994,1
32,31001,1
32,31018,12
32,31019,7
32,31034,12
32,31036,25
32,31038,279
32,31040,3
32,31041,24
32,31047,13
32,31048,29
32,31049,4
32,31056,20
32,31059,1
32,31060,6
32,31061,6
32,31062,60
32,31063,5
32,31066,6
32,31069,46
32,31070,573
32,31071,2
32,31072,37
32,31074,1
32,31077,55
32,31080,3
32,31084,1
32,31085,51
32,31087,3
32,31095,1
32,31098,1
32,31103,74
32,31105,47
32,31108,9
32,31109,4
32,31111,1
32,31114,3
32,31117,8
32,31118,7
32,31119,421
32,31121,4
32,31125,3
32,31126,1
32,31131,1
32,31142,4
32,31143,5
32,31146,88
32,31147,1
32,31150,163
32,31152,1
32,31153,2
32,31155,7
32,31158,2
32,31161,28
32,31165,3
32,31166,32
32,31167,17
32,31168,99
32,31169,144
32,31177,7
32,31179,130
32,31181,3
32,31185,55
32,31186,3
32,31192,50
32,31199,4
32,31203,4
32,31204,2
32,31206,82
32,31207,2
32,31209,10
32,31215,6
32,31216,3
32,31227,44
32,31232,5
32,31237,1
32,31243,56
32,31245,5
32,31246,3
32,31252,33
32,31255,1
32,31258,1
32,31260,3
32,31263,2
32,31264,3
32,31268,1
32,31271,4
32,31278,26
32,31281,11
32,31282,21
32,31283,1
32,31287,9
32,31291,7
32,31292,2
32,31293,5
32,31295,1
32,31296,5
32,31298,8
32,31302,52
32,31309,29
32,31310,3
32,31311,1
32,31312,1
32,31319,2
32,31327,1
32,31329,3
32,31330,3
32,31331,1
32,31337,1
32,31344,3
32,31348,7
32,31350,7
32,31351,1
32,31353,1
32,31354,164
32,31359,9
32,31361,9
32,31363,1
32,31368,3
32,31377,19
32,31378,1
32,31379,11
32,31383,1
32,31389,8
32,31391,4
32,31392,1
32,31398,3
32,31401,10
32,31402,4
32,31406,9
32,31407,41
32,31418,5
32,31431,16
32,31432,5
32,31434,7
32,31435,173
32,31446,1
32,31447,1
32,31449,38
32,31452,36
32,31453,8
32,31455,7
32,31456,65
32,31459,2
32,31461,45
32,31466,5
32,31469,1
32,31471,30
32,31476,1
32,31478,21
32,31481,217
32,31482,5
32,31487,1
32,31489,1
32,31491,2
32,31494,1
32,31499,1
32,31503,8
32,31505,54
32,31508,4
32,31509,1
32,31513,4
32,31515,4
32,31520,28
32,31526,20
32,31528,1
32,31530,1
32,31532,853
32,31534,1
32,31545,6
32,31558,70
32,31561,41
32,31563,7
32,31565,1
32,31567,4
32,31569,14
32,31570,8
32,31572,17
32,31574,10
32,31584,4
32,31591,1
32,31597,1
32,31599,1
32,31601,3
32,31602,1
32,31605,1
32,31607,1
32,31611,1
32,31616,4
32,31623,4
32,31627,5
32,31632,6
32,31634,1
32,31637,39
32,31639,7
32,31649,78
32,31660,3
32,31661,5
32,31665,7
32,31668,1
32,31672,2
32,31680,33
32,31681,5
32,31684,14
32,31686,6
32,31687,22
32,31689,9
32,31698,1
32,31705,1
32,31706,1
32,31712,18
32,31716,10
32,31717,1
32,31718,1
32,31722,1
32,31726,1
32,31729,1
32,31742,1
32,31751,2
32,31761,1
32,31765,1
32,31767,2
32,31769,1
32,31775,1
32,31776,2
32,31777,33
32,31786,5
32,31787,2
32,31792,1
32,31800,1
32,31805,2
32,31806,2
32,31807,2
32,31808,1
32,31811,2
32,31820,1
32,31821,5
32,31823,1
32,31833,1
32,31840,10
32,31844,2
32,31852,2
32,31859,70
32,31867,1
32,31881,22
32,31883,2
32,31890,4
32,31893,3
32,31895,4
32,31896,6
32,31899,1
32,31903,3
32,31908,8
32,31909,6
32,31911,4
32,31913,1
32,31918,2
32,31921,3
32,31925,7
32,31933,1
32,31934,49
32,31936,2
32,31946,1
32,31958,5
32,31964,3
32,31966,2
32,31967,2
32,31968,8
32,31975,2
32,31983,4
32,31992,4
32,31994,1
32,31995,22
32,31998,3
32,32000,54
32,32002,11
32,32004,30
32,32005,150
32,32006,2
32,32009,1
32,32011,4
32,32013,14
32,32016,4
32,32020,87
32,32023,14
32,32024,6
32,32025,23
32,32026,5
32,32027,8
32,32032,50
32,32033,4
32,32034,33
32,32037,1
32,32039,2
32,32043,100
32,32044,2
32,32047,9
32,32048,64
32,32051,10
32,32053,1
32,32057,41
32,32058,8
32,32066,64
32,32067,4
32,32068,11
32,32070,13
32,32076,15
32,32080,80
32,32083,1
32,32085,2
32,32094,3
32,32097,3
32,32102,13
32,32104,2
32,32106,3
32,32113,65
32,32114,6
32,32117,20
32,32118,55
32,32121,6
32,32129,1
32,32137,4
32,32143,21
32,32147,115
32,32150,1
32,32153,7
32,32154,14
32,32156,13
32,32160,34
32,32166,1
32,32167,3
32,32172,1
32,32173,29
32,32177,10
32,32178,10
32,32181,1
32,32186,8
32,32187,1
32,32189,4
32,32190,40
32,32191,10
32,32199,6
32,32202,7
32,32203,11
32,32205,1
32,32207,22
32,32209,14
32,32210,6
32,32214,4
32,32216,1
32,32218,29
32,32220,1
32,32221,1
32,32224,1
32,32225,1
32,32227,8
32,32230,2
32,32232,116
32,32233,1
32,32244,9
32,32251,2
32,32257,11
32,32260,2
32,32263,1
32,32265,1
32,32266,1
32,32282,1
32,32283,1
32,32286,2
32,32291,53
32,32294,3
32,32299,1
32,32302,9
32,32305,14
32,32317,64
32,32318,4
32,32321,34
32,32324,2
32,32326,8
32,32327,1
32,32331,1
32,32338,2
32,32340,45
32,32341,3
32,32346,1
32,32353,6
32,32361,2
32,32362,7
32,32363,2
32,32365,2
32,32368,1
32,32371,2
32,32377,1
32,32379,2
32,32380,22
32,32392,1
32,32396,14
32,32403,2
32,32404,2
32,32406,1
32,32411,2
32,32418,243
32,32420,1
32,32422,2
32,32423,1
32,32426,9
32,32428,3
32,32431,4
32,32433,2
32,32435,20
32,32437,1
32,32440,14
32,32442,3
32,32451,5
32,32454,6
32,32455,2
32,32456,4
32,32461,3
32,32463,16
32,32466,6
32,32467,8
32,32469,5
32,32473,1
32,32475,1
32,32477,1
32,32479,2
32,32483,3
32,32485,12
32,32487,1
32,32493,1
32,32494,1
32,32496,1
32,32499,1
32,32500,17
32,32501,7
32,32508,5
32,32511,12
32,32529,1
32,32531,1
32,32534,2
32,32536,2
32,32543,1
32,32544,1
32,32554,1
32,32566,2
32,32568,6
32,32570,11
32,32592,5
32,32593,4
32,32595,2
32,32596,1
32,32597,8
32,32599,131
32,32609,1
32,32618,32
32,32622,12
32,32624,8
32,32626,6
32,32629,1
32,32631,6
32,32637,1
32,32645,149
32,32650,127
32,32652,4
32,32654,836
32,32660,1
32,32663,1
32,32666,1
32,32670,2
32,32673,1
32,32675,3
32,32676,70
32,32680,2
32,32681,289
32,32687,1
32,32697,2
32,32701,53
32,32705,20
32,32714,7
32,32716,4
32,32722,13
32,32724,30
32,32735,16
32,32736,27
32,32737,3
32,32752,22
32,32755,1
32,32763,6
32,32764,52
32,32768,4
32,32769,213
32,32771,39
32,32773,47
32,32774,7
32,32776,1
32,32780,200
32,32784,2
32,32786,1
32,32789,22
32,32791,1
32,32792,2
32,32806,1
32,32808,1
32,32819,18
32,32822,29
32,32829,9
32,32831,22
32,32834,15
32,32835,2
32,32842,4
32,32844,2
32,32852,36
32,32854,236
32,32856,2
32,32858,12
32,32862,20
32,32865,11
32,32874,1
32,32879,38
32,32880,8
32,32881,1
32,32882,32
32,32883,3
32,32884,1
32,32886,7
32,32887,9
32,32893,22
32,32894,1
32,32895,3
32,32901,36
32,32902,3
32,32903,44
32,32905,33
32,32907,2
32,32908,2
32,32918,176
32,32920,1
32,32924,2
32,32925,10
32,32929,2
32,32933,15
32,32937,9
32,32943,2
32,32945,5
32,32946,25
32,32948,2
32,32954,1
32,32963,1
32,32964,4
32,32966,2
32,32972,46
32,32974,44
32,32985,1
32,32988,61
32,32993,151
32,32996,41
32,32997,9
32,33002,1
32,33005,5
32,33012,6
32,33014,5
32,33016,15
32,33021,137
32,33026,7
32,33029,3
32,33030,1
32,33031,6
32,33032,4
32,33033,2
32,33034,1
32,33041,1
32,33050,18
32,33051,1
32,33060,2
32,33063,1
32,33065,9
32,33067,28
32,33071,1
32,33073,8
32,33075,2
32,33081,1
32,33092,1
32,33098,8
32,33100,1
32,33102,1
32,33104,3
32,33109,4
32,33126,2
32,33131,1
32,33136,27
32,33144,6
32,33145,121
32,33146,1
32,33147,1
32,33150,7
32,33166,2
32,33167,1
32,33176,1
32,33178,1
32,33180,1
32,33181,2
32,33184,3
32,33187,1
32,33200,1
32,33203,7
32,33210,1
32,33213,3
32,33214,1
32,33222,1
32,33235,1
32,33251,51
32,33253,18
32,33255,10
32,33256,129
32,33258,295
32,33260,2
32,33261,4
32,33263,1
32,33267,90
32,33268,36
32,33274,55
32,33275,2
32,33276,7
32,33285,2
32,33287,57
32,33288,207
32,33290,233
32,33292,20
32,33293,75
32,33294,1
32,33298,27
32,33304,2
32,33305,1
32,33307,3
32,33308,18
32,33310,78
32,33311,25
32,33317,1
32,33321,4
32,33322,25
32,33324,19
32,33330,1
32,33333,1
32,33335,1
32,33337,63
32,33349,1
32,33351,3
32,33357,1
32,33382,1
32,33390,6
32,33391,163
32,33394,78
32,33395,2
32,33398,5
32,33399,4
32,33400,2
32,33402,2
32,33406,25
32,33410,1
32,33411,1
32,33418,1
32,33419,3
32,33421,1
32,33426,107
32,33431,1
32,33433,28
32,33436,1
32,33437,41
32,33445,2
32,33446,44
32,33451,1
32,33452,4
32,33453,11
32,33454,5
32,33455,1
32,33457,387
32,33459,76
32,33463,3
32,33464,5
32,33465,17
32,33469,21
32,33471,1
32,33477,4
32,33479,10
32,33484,2
32,33485,8
32,33487,88
32,33489,12
32,33492,8
32,33495,30
32,33499,2
32,33500,1
32,33502,3
32,33503,20
32,33505,1
32,33509,139
32,33510,18
32,33511,1
32,33513,2
32,33515,1
32,33521,174
32,33524,2
32,33526,1
32,33529,3
32,33530,3
32,33531,6
32,33537,1
32,33538,79
32,33539,70
32,33540,5
32,33541,48
32,33542,1
32,33544,2
32,33545,10
32,33548,1
32,33550,2
32,33559,1
32,33560,1
32,33564,23
32,33576,28
32,33579,10
32,33581,3
32,33585,1
32,33588,1
32,33589,1
32,33590,169
32,33592,5
32,33593,6
32,33600,8
32,33605,1
32,33606,17
32,33609,165
32,33610,8
32,33613,1
32,33615,1
32,33616,1
32,33618,55
32,33620,7
32,33624,1
32,33630,3
32,33635,24
32,33637,1
32,33643,3
32,33647,6
32,33651,1
32,33655,36
32,33656,1
32,33659,9
32,33660,1
32,33669,1
32,33670,3
32,33673,4
32,33674,54
32,33678,3
32,33682,5
32,33686,1
32,33688,15
32,33694,5
32,33706,2
32,33707,69
32,33713,5
32,33714,65
32,33719,2
32,33723,1
32,33724,1
32,33725,11
32,33728,1
32,33729,7
32,33733,10
32,33738,78
32,33740,1
32,33743,1
32,33747,2
32,33750,3
32,33756,29
32,33769,48
32,33771,1
32,33775,160
32,33777,13
32,33780,1
32,33789,1
32,33795,2
32,33796,1
32,33798,1
32,33799,2
32,33802,3
32,33804,22
32,33806,1
32,33821,2
32,33828,2
32,33829,38
32,33831,9
32,33832,25
32,33833,14
32,33836,257
32,33841,3
32,33853,47
32,33862,1
32,33865,46
32,33873,1
32,33879,136
32,33883,138
32,33889,8
32,33891,72
32,33894,7
32,33899,11
32,33900,9
32,33901,1
32,33909,27
32,33914,3
32,33931,34
32,33933,1
32,33936,1
32,33940,1
32,33945,50
32,33970,60
32,33976,10
32,33977,1
32,33980,48
32,33983,11
32,33984,2
32,33988,5
32,33991,1
32,33993,7
32,33995,17
32,33997,1
32,34001,1
32,34013,21
32,34021,1
32,34022,1
32,34028,20
32,34030,93
32,34036,1
32,34044,12
32,34045,1
32,34065,3
32,34067,3
32,34068,1
32,34071,2
32,34072,2
32,34074,16
32,34081,111
32,34083,18
32,34085,1
32,34092,1
32,34093,3
32,34101,5
32,34106,1
32,34109,5
32,34111,1
32,34115,5
32,34121,9
32,34122,3
32,34131,1
32,34137,2
32,34152,2
32,34153,1
32,34154,1
32,34155,1
32,34157,94
32,34162,2
32,34170,1
32,34174,10
32,34180,27
32,34183,3
32,34191,1
32,34193,3
32,34196,11
32,34199,1
32,34201,3
32,34203,68
32,34214,6
32,34216,2
32,34217,24
32,34218,6
32,34219,15
32,34220,3
32,34224,13
32,34227,4
32,34228,1
32,34234,1
32,34238,1
32,34249,2
32,34253,41
32,34255,23
32,34261,5
32,34268,1
32,34269,23
32,34276,109
32,34277,52
32,34281,8
32,34282,1
32,34295,1
32,34298,1
32,34299,2
32,34308,1
32,34310,19
32,34311,104
32,34314,1
32,34315,1
32,34321,1
32,34343,6
32,34345,1
32,34349,32
32,34367,2
32,34369,1
32,34372,1
32,34381,1
32,34382,89
32,34384,6
32,34386,1
32,34388,3
32,34389,32
32,34394,10
32,34395,27
32,34396,1
32,34398,17
32,34399,38
32,34402,2
32,34407,1
32,34411,5
32,34412,1
32,34415,1
32,34425,63
32,34427,1
32,34430,5
32,34433,2
32,34434,5
32,34442,3
32,34444,4
32,34453,3
32,34465,4
32,34467,1
32,34468,1
32,34473,2
32,34476,1
32,34479,1
32,34486,1
32,34490,1
32,34502,1
32,34503,16
32,34507,1
32,34509,9
32,34527,13
32,34532,3
32,34541,3
32,34542,5
32,34553,2
32,34560,10
32,34562,9
32,34563,11
32,34566,1
32,34584,6
32,34586,2
32,34588,11
32,34601,1
32,34615,1
32,34627,1
32,34633,2
32,34635,1
32,34636,1
32,34645,1
32,34649,1
32,34656,1
32,34662,2
32,34676,2
32,34678,18
32,34680,3
32,34693,1
32,34701,9
32,34718,1
32,34722,11
32,34726,1
32,34733,2
32,34739,2
32,34746,21
32,34770,3
32,34784,14
32,34802,6
32,34809,4
32,34811,4
32,34814,2
32,34831,1
32,34836,1
32,34847,4
32,34849,3
32,34865,2
32,34870,6
32,34875,4
32,34880,22
32,34885,1
32,34886,18
32,34889,1
32,34892,273
32,34893,1
32,34899,4
32,34903,40
32,34905,7
32,34907,68
32,34909,13
32,34910,1
32,34913,9
32,34914,1
32,34915,58
32,34916,4
32,34917,6
32,34920,91
32,34928,11
32,34942,2
32,34943,6
32,34945,44
32,34946,3
32,34952,7
32,34953,1
32,34955,1
32,34957,2
32,34962,2
32,34966,2
32,34974,8
32,34987,28
32,35008,1
32,35009,9
32,35010,5
32,35011,1
32,35013,1
32,35022,1
32,35023,14
32,35026,4
32,35028,1
32,35029,48
32,35032,1
32,35033,7
32,35036,16
32,35037,11
32,35041,1
32,35048,1
32,35059,7
32,35060,38
32,35061,33
32,35062,1
32,35064,21
32,35069,36
32,35070,1
32,35078,3
32,35079,9
32,35080,3
32,35088,1
32,35090,7
32,35091,1
32,35096,1
32,35097,1
32,35098,11
32,35105,1
32,35109,1
32,35131,1
32,35139,1
32,35140,36
32,35164,1
32,35167,2
32,35174,1
32,35176,1
32,35186,8
32,35198,1
32,35199,1058
32,35201,28
32,35203,8
32,35206,6
32,35207,6
32,35211,74
32,35215,14
32,35219,1
32,35220,2
32,35222,21
32,35226,10
32,35239,1
32,35242,235
32,35251,13
32,35258,53
32,35261,7
32,35264,141
32,35266,66
32,35269,2
32,35270,1
32,35273,9
32,35280,1
32,35282,68
32,35299,143
32,35313,1
32,35316,1
32,35320,5
32,35328,106
32,35330,3
32,35331,2
32,35336,25
32,35338,1
32,35342,10
32,35347,28
32,35348,1
32,35351,5
32,35352,66
32,35359,3
32,35362,1
32,35363,1
32,35365,1
32,35370,13
32,35373,26
32,35377,144
32,35379,20
32,35380,10
32,35387,14
32,35388,3
32,35390,1
32,35408,6
32,35412,9
32,35413,29
32,35419,2
32,35422,3
32,35424,3
32,35426,3
32,35427,2
32,35430,21
32,35433,134
32,35437,1
32,35438,2
32,35440,1
32,35441,19
32,35442,10
32,35443,4
32,35449,7
32,35460,1
32,35463,3
32,35465,5
32,35468,13
32,35469,13
32,35475,17
32,35477,12
32,35480,14
32,35486,25
32,35488,43
32,35489,1
32,35491,1
32,35492,16
32,35494,5
32,35496,1
32,35498,29
32,35500,1
32,35501,14
32,35504,41
32,35506,9
32,35513,2
32,35516,1
32,35518,2
32,35519,29
32,35524,1
32,35527,12
32,35531,47
32,35533,2
32,35535,2
32,35538,3
32,35542,105
32,35553,18
32,35558,1
32,35559,3
32,35563,20
32,35565,7
32,35566,2
32,35569,83
32,35571,2
32,35573,1
32,35574,1
32,35576,119
32,35578,6
32,35582,7
32,35584,5
32,35585,2
32,35586,21
32,35588,3
32,35598,4
32,35607,1
32,35609,14
32,35611,92
32,35612,1
32,35613,54
32,35617,1
32,35622,1
32,35627,2
32,35628,1
32,35641,23
32,35657,39
32,35662,1
32,35663,1
32,35667,1
32,35672,11
32,35673,2
32,35674,9
32,35676,10
32,35681,1
32,35686,41
32,35692,4
32,35695,43
32,35696,61
32,35698,7
32,35703,20
32,35709,1
32,35712,18
32,35715,5
32,35722,37
32,35731,13
32,35734,2
32,35738,12
32,35744,1
32,35745,1
32,35753,2
32,35758,2
32,35762,3
32,35767,1
32,35768,38
32,35774,1
32,35779,1
32,35782,1
32,35793,1
32,35797,2
32,35799,4
32,35803,2
32,35805,1
32,35821,1
32,35825,1
32,35828,2
32,35832,11
32,35834,3
32,35841,1
32,35843,5
32,35848,1
32,35851,1
32,35852,1
32,35855,1
32,35874,34
32,35878,1
32,35885,23
32,35887,2
32,35895,107
32,35903,1
32,35905,1
32,35910,53
32,35912,27
32,35913,2
32,35914,142
32,35916,1
32,35920,38
32,35925,2
32,35930,3
32,35937,114
32,35938,2
32,35946,23
32,35947,31
32,35948,1
32,35960,1
32,35961,6
32,35962,3
32,35970,1
32,35977,1
32,35980,2
32,35987,4
32,35997,36
32,35998,155
32,36000,24
32,36001,44
32,36002,10
32,36007,10
32,36008,11
32,36010,26
32,36011,16
32,36012,16
32,36015,4
32,36019,2
32,36020,82
32,36023,13
32,36024,4
32,36027,16
32,36028,2
32,36029,1
32,36031,7
32,36032,32
32,36033,1
32,36034,1
32,36035,7
32,36036,2
32,36039,60
32,36040,41
32,36042,9
32,36049,1
32,36051,47
32,36057,1
32,36059,3
32,36060,25
32,36062,23
32,36065,1
32,36066,59
32,36067,9
32,36068,10
32,36070,2
32,36074,20
32,36077,10
32,36084,7
32,36093,5
32,36094,2
32,36103,1
32,36104,199
32,36106,38
32,36115,2
32,36118,5
32,36125,8
32,36126,2
32,36129,14
32,36130,7
32,36132,4
32,36141,1
32,36143,6
32,36146,1
32,36149,11
32,36152,1
32,36153,1
32,36154,24
32,36156,1
32,36158,40
32,36164,9
32,36170,2
32,36171,1
32,36182,3
32,36187,25
32,36190,4
32,36192,1
32,36195,2
32,36196,178
32,36198,5
32,36199,3
32,36203,25
32,36205,2
32,36208,46
32,36211,1
32,36213,93
32,36214,1
32,36215,60
32,36229,77
32,36233,1
32,36234,87
32,36249,336
32,36259,3
32,36264,3
32,36273,1
32,36275,51
32,36277,1
32,36286,3
32,36291,7
32,36294,2
32,36299,8
32,36303,1
32,36305,2
32,36315,1
32,36317,7
32,36319,1
32,36321,4
32,36328,2
32,36330,1
32,36335,64
32,36339,4
32,36357,1
32,36362,14
32,36367,9
32,36374,1
32,36386,1
32,36391,1
32,36394,1
32,36400,5
32,36405,2
32,36423,2
32,36424,1
32,36425,2
32,36447,2
32,36454,1
32,36466,1
32,36468,12
32,36481,2
32,36493,4
32,36523,49
32,36524,3
32,36542,1
32,36550,6
32,36552,1
32,36554,71
32,36555,2
32,36556,13
32,36557,133
32,36562,6
32,36575,5
32,36578,13
32,36587,2
32,36600,5
32,36605,15
32,36606,8
32,36613,1
32,36617,31
32,36626,11
32,36627,2
32,36628,9
32,36629,19
32,36637,32
32,36639,1
32,36646,6
32,36649,1
32,36650,18
32,36655,4
32,36664,6
32,36667,2
32,36671,5
32,36676,3
32,36677,2
32,36681,44
32,36691,1
32,36701,1
32,36702,1
32,36703,6
32,36706,1
32,36710,55
32,36713,4
32,36716,7
32,36718,4
32,36725,1
32,36728,1
32,36731,2
32,36735,1
32,36741,1
32,36745,9
32,36747,2
32,36753,1
32,36755,2
32,36757,1
32,36758,1
32,36763,178
32,36766,1
32,36767,6
32,36771,4
32,36776,7
32,36781,12
32,36782,1
32,36783,9
32,36784,25
32,36785,6
32,36786,68
32,36789,1
32,36790,2
32,36793,18
32,36794,4
32,36795,18
32,36797,17
32,36798,62
32,36801,2
32,36802,3
32,36805,2
32,36807,9
32,36808,1
32,36814,52
32,36816,10
32,36817,108
32,36819,1
32,36820,7
32,36823,1
32,36824,1
32,36825,4
32,36827,15
32,36828,6
32,36830,31
32,36831,1
32,36836,3
32,36838,19
32,36842,9
32,36843,7
32,36845,2
32,36848,15
32,36850,1
32,36851,2
32,36852,3
32,36855,41
32,36857,1
32,36861,62
32,36864,30
32,36865,9
32,36866,3
32,36867,9
32,36870,28
32,36872,2
32,36873,2
32,36874,3
32,36875,1
32,36877,7
32,36879,26
32,36880,4
32,36882,1
32,36884,2
32,36887,1
32,36889,9
32,36890,328
32,36893,2
32,36894,2
32,36895,28
32,36896,33
32,36898,22
32,36899,92
32,36905,6
32,36911,1
32,36913,17
32,36914,87
32,36920,18
32,36921,2
32,36923,4
32,36924,4
32,36929,3
32,36930,40
32,36935,12
32,36938,91
32,36939,76
32,36941,3
32,36942,34
32,36944,1
32,36947,367
32,36948,89
32,36949,8
32,36953,15
32,36956,2
32,36958,1
32,36960,73
32,36961,2
32,36963,9
32,36964,2
32,36965,19
32,36969,10
32,36973,4
32,36974,5
32,36975,9
32,36978,5
32,36981,15
32,36982,1
32,36983,7
32,36984,37
32,36986,240
32,36988,30
32,36989,1
32,36991,14
32,36992,2
32,36993,1
32,36994,1
32,36996,12
32,36999,2
32,37001,8
32,37002,31
32,37009,24
32,37011,23
32,37013,9
32,37015,1
32,37017,4
32,37019,2
32,37026,19
32,37027,125
32,37030,21
32,37034,34
32,37036,1
32,37038,2
32,37039,2
32,37040,2
32,37041,17
32,37043,2
32,37044,1
32,37045,26
32,37048,2
32,37049,6
32,37051,2
32,37054,2
32,37057,30
32,37060,1
32,37063,3
32,37066,4
32,37070,16
32,37073,45
32,37075,1
32,37084,3
32,37085,24
32,37086,10
32,37087,2
32,37089,50
32,37090,3
32,37092,1
32,37094,1
32,37096,41
32,37098,1
32,37099,1
32,37101,164
32,37103,2
32,37108,1
32,37109,5
32,37111,11
32,37117,210
32,37118,1
32,37119,1
32,37122,18
32,37124,1
32,37129,1
32,37132,1
32,37138,10
32,37141,57
32,37145,2
32,37150,1
32,37154,6
32,37155,2
32,37159,19
32,37165,438
32,37167,2
32,37168,2
32,37169,1
32,37174,2
32,37177,1
32,37186,3
32,37187,1
32,37190,1
32,37193,10
32,37196,3
32,37197,89
32,37198,2
32,37202,51
32,37218,2
32,37225,1
32,37228,1
32,37239,1
32,37240,13
32,37247,1
32,37257,14
32,37261,1
32,37266,4
32,37276,9
32,37282,1
32,37284,1
32,37290,2
32,37291,31
32,37292,4
32,37294,1
32,37300,8
32,37304,1
32,37318,1
32,37319,15
32,37321,6
32,37323,57
32,37324,90
32,37325,152
32,37326,197
32,37327,17
32,37328,6
32,37329,2984
32,37336,3
32,37340,52
32,37341,4
32,37347,5
32,37351,1
32,37365,3
32,37389,1
32,37390,1
32,37393,1
32,37394,1
32,37396,1
32,37397,20
32,37406,2
32,37411,1
32,37428,97
32,37434,4
32,37444,73
32,37445,3
32,37449,5
32,37451,1
32,37455,1
32,37467,2
32,37474,20
32,37476,4
32,37478,2
32,37484,1
32,37489,3
32,37492,2
32,37504,114
32,37507,6
32,37509,113
32,37521,1
32,37523,6
32,37526,2
32,37528,21
32,37529,3
32,37532,1
32,37549,6
32,37559,1
32,37561,2
32,37571,1
32,37586,1
32,37604,1
32,37605,1
32,37613,2
32,37617,1
32,37624,1
32,37628,19
32,37636,11
32,37648,2
32,37656,1
32,37664,1
32,37666,25
32,37670,169
32,37675,14
32,37676,3
32,37678,1
32,37679,8
32,37682,2
32,37698,3
32,37703,1
32,37704,2
32,37706,3
32,37707,3
32,37709,4
32,37716,1
32,37723,2
32,37735,1
32,37738,2
32,37740,1
32,37742,4
32,37749,5
32,37756,3
32,37758,36
32,37772,14
32,37780,4
32,37782,3
32,37799,1
32,37804,5
32,37805,72
32,37806,11
32,37808,7
32,37813,1
32,37841,1
32,37847,1
32,37854,4
32,37857,48
32,37883,1
32,37902,2
32,37912,14
32,37913,2
32,37925,1
32,37931,1
32,37941,151
32,37944,1
32,37956,4
32,37969,6
32,37971,1
32,37979,2
32,37980,1
32,37995,1
32,38012,1
32,38013,2
32,38014,1
32,38015,4
32,38021,3
32,38025,1
32,38035,7
32,38044,2
32,38047,28
32,38050,9
32,38052,1
32,38054,2
32,38055,1
32,38062,2
32,38065,21
32,38067,3
32,38069,2
32,38081,125
32,38083,1
32,38085,2
32,38089,1
32,38094,1
32,38108,41
32,38119,3
32,38125,2
32,38134,48
32,38138,7
32,38145,7
32,38149,2
32,38169,3
32,38177,13
32,38179,2
32,38182,38
32,38201,1
32,38215,48
32,38236,3
32,38241,1
32,38256,1
32,38262,1
32,38263,470
32,38271,313
32,38272,125
32,38274,1
32,38275,8
32,38276,1
32,38278,1
32,38281,21
32,38283,171
32,38287,2
32,38289,15
32,38290,4
32,38291,31
32,38292,148
32,38296,1
32,38306,52
32,38307,6
32,38308,2
32,38309,1
32,38312,3
32,38313,2
32,38314,1
32,38315,2
32,38317,3
32,38320,4
32,38321,1
32,38322,3
32,38331,19
32,38332,2
32,38333,1
32,38343,17
32,38346,6
32,38347,1
32,38351,1
32,38356,2
32,38357,12
32,38360,4
32,38364,104
32,38369,1
32,38370,2
32,38376,11
32,38378,4
32,38379,7
32,38382,2
32,38383,1
32,38386,1
32,38389,5
32,38392,12
32,38393,3
32,38395,6
32,38397,1
32,38398,2
32,38401,5
32,38405,1
32,38414,14
32,38420,6
32,38425,2
32,38426,2
32,38428,23
32,38429,4
32,38433,1
32,38442,49
32,38446,102
32,38450,58
32,38451,70
32,38452,4
32,38459,1
32,38463,417
32,38464,4
32,38466,6
32,38468,89
32,38470,19
32,38471,12
32,38472,135
32,38475,1
32,38476,3
32,38477,18
32,38480,13
32,38485,3
32,38491,4
32,38492,9
32,38493,21
32,38494,4
32,38495,1
32,38497,13
32,38498,42
32,38499,7
32,38500,15
32,38506,4
32,38508,1
32,38512,64
32,38515,212
32,38517,30
32,38518,91
32,38519,4
32,38520,99
32,38522,1
32,38525,135
32,38532,1
32,38533,8
32,38534,264
32,38538,7
32,38539,6
32,38541,2
32,38542,10
32,38543,2
32,38544,3
32,38548,8
32,38549,3
32,38552,5
32,38553,2
32,38555,3
32,38556,7
32,38560,4
32,38563,16
32,38567,5
32,38568,33
32,38570,1
32,38577,26
32,38580,12
32,38582,2
32,38583,1
32,38584,5
32,38585,1
32,38587,2
32,38588,7
32,38592,12
32,38593,28
32,38596,86
32,38597,93
32,38598,65
32,38599,3
32,38601,6
32,38603,1
32,38604,3
32,38605,55
32,38609,7
32,38610,12
32,38613,9
32,38614,63
32,38617,149
32,38619,7
32,38620,13
32,38622,4
32,38626,24
32,38627,21
32,38632,112
32,38633,1
32,38634,111
32,38635,10
32,38639,1
32,38642,205
32,38646,34
32,38647,76
32,38649,1
32,38651,86
32,38654,3
32,38657,1
32,38660,2
32,38663,25
32,38666,7
32,38669,22
32,38670,1
32,38673,1
32,38675,2
32,38678,3
32,38684,9
32,38686,35
32,38695,34
32,38698,1
32,38704,1
32,38705,1
32,38706,20
32,38712,7
32,38713,4
32,38717,4
32,38728,213
32,38737,415
32,38738,479
32,38742,53
32,38745,37
32,38747,2
32,38748,38
32,38750,171
32,38752,5
32,38753,2
32,38754,21
32,38758,1
32,38761,53
32,38763,1
32,38771,4
32,38772,2
32,38778,1
32,38790,2
32,38797,8
32,38799,2
32,38808,7
32,38816,8
32,38822,1
32,38829,2
32,38851,3
32,38859,32
32,38867,684
32,38876,2
32,38886,8
32,38889,58
32,38893,7
32,38896,1
32,38899,103
32,38901,1
32,38902,9
32,38907,6
32,38911,17
32,38913,2
32,38914,13
32,38915,13
32,38917,4
32,38918,220
32,38920,39
32,38922,3
32,38924,7
32,38926,1
32,38928,15
32,38929,4
32,38930,4
32,38931,17
32,38935,3
32,38936,96
32,38945,1
32,38948,2
32,38955,1
32,38956,2
32,38957,38
32,38960,1
32,38967,1
32,38968,3
32,38969,2
32,38972,24
32,38982,2
32,38988,20
32,38989,12
32,38990,2
32,38991,4
32,38995,1
32,38996,27
32,38997,11
32,39000,38
32,39002,2
32,39006,32
32,39015,22
32,39019,1
32,39023,47
32,39030,5
32,39033,6
32,39034,32
32,39035,1
32,39038,9
32,39039,4
32,39047,1
32,39049,1
32,39053,5
32,39057,1
32,39063,1
32,39068,7
32,39069,13
32,39076,1
32,39080,196
32,39087,4
32,39089,4
32,39108,1
32,39118,19
32,39131,90
32,39132,8
32,39134,17
32,39135,55
32,39138,1
32,39150,17
32,39151,49
32,39154,2
32,39164,5
32,39165,2
32,39166,1
32,39173,2
32,39178,40
32,39180,1
32,39184,1
32,39187,11
32,39192,16
32,39197,1
32,39198,1
32,39200,6
32,39208,14
32,39243,1
32,39244,2
32,39249,1
32,39250,2
32,39253,1
32,39255,2
32,39277,1
32,39278,3
32,39280,1
32,39286,10
32,39302,1
32,39307,1
32,39314,1
32,39318,67
32,39321,260
32,39336,5
32,39340,191
32,39342,50
32,39345,2
32,39347,1
32,39348,1
32,39361,2
32,39365,8
32,39366,10
32,39376,45
32,39378,11
32,39381,6
32,39385,4
32,39391,4
32,39405,1
32,39409,8
32,39423,19
32,39425,1
32,39432,3
32,39434,2
32,39438,16
32,39443,2
32,39472,1
32,39478,2
32,39479,2
32,39488,1
32,39491,1
32,39493,8
32,39496,1
32,39501,1
32,39509,3
32,39511,4
32,39514,8
32,39515,10
32,39519,1
32,39525,1
32,39530,48
32,39532,396
32,39534,2
32,39535,2
32,39543,2
32,39548,6
32,39550,5
32,39551,8
32,39557,3
32,39558,12
32,39562,1
32,39567,1
32,39569,7
32,39581,1
32,39588,1
32,39589,1
32,39592,15
32,39608,2
32,39633,19
32,39636,46
32,39640,1203
32,39641,12
32,39647,1
32,39649,2
32,39658,6
32,39661,2
32,39662,1
32,39683,1
32,39686,1
32,39696,1
32,39706,2
32,39717,2
32,39719,2
32,39722,7
32,39727,1
32,39729,13
32,39730,1
32,39740,53
32,39745,7
32,39746,44
32,39749,6
32,39759,84
32,39764,88
32,39770,75
32,39791,43
32,39808,2
32,39809,1
32,39822,5
32,39825,4
32,39851,4
32,39853,1
32,39854,20
32,39881,8
32,39894,1
32,39912,2
32,39920,2
32,39921,1
32,39925,1
32,39957,1
32,39973,1
32,39975,1
32,39986,13
32,40059,1
32,40060,27
32,40065,37
32,40071,3
32,40074,1
32,40077,7
32,40088,2
32,40092,2
32,40095,1
32,40100,3
32,40119,1
32,40120,1
32,40140,6
32,40161,1
32,40165,50
32,40167,1
32,40169,12
32,40179,158
32,40180,30
32,40182,6
32,40198,3
32,40200,1
32,40201,1
32,40204,2
32,40220,1
32,40223,1
32,40232,16
32,40251,69
32,40281,2
32,40284,5
32,40285,8
32,40288,2
32,40300,1
32,40306,6
32,40314,1
32,40335,3
32,40361,2
32,40372,64
32,40378,1
32,40388,29
32,40407,1
32,40432,8
32,40434,5
32,40441,32
32,40442,6
32,40469,4
32,40474,8
32,40478,1
32,40479,2
32,40480,2
32,40481,29
32,40483,10
32,40485,2
32,40486,3
32,40492,4
32,40493,19
32,40499,4
32,40509,1
32,40510,2
32,40511,6
32,40516,1
32,40517,13
32,40522,1
32,40527,2
32,40548,22
32,40550,4
32,40557,1
32,40560,3
32,40565,3
32,40569,1
32,40573,9
32,40575,79
32,40577,1
32,40586,3
32,40587,1
32,40594,15
32,40595,1
32,40599,46
32,40607,21
32,40612,1
32,40613,8
32,40614,28
32,40618,1
32,40628,1
32,40633,1
32,40634,3
32,40635,205
32,40637,2
32,40643,306
32,40644,475
32,40653,2
32,40654,96
32,40655,2
32,40656,1
32,40657,147
32,40658,79
32,40660,21
32,40664,12
32,40665,2
32,40667,3
32,40668,1
32,40670,15
32,40672,1
32,40680,10
32,40687,13
32,40697,1
32,40701,2
32,40703,1
32,40706,1
32,40711,3
32,40712,2
32,40714,1
32,40718,19
32,40723,33
32,40736,3
32,40756,3
32,40763,12
32,40766,1
32,40769,1
32,40778,47
32,40779,31
32,40782,1
32,40784,31
32,40786,23
32,40830,1
32,40831,1
32,40845,400
32,40846,1
32,40848,18
32,40852,1
32,40853,4
32,40854,2
32,40856,1
32,40857,506
32,40858,8
32,40860,81
32,40861,1
32,40863,3
32,40864,2
32,40899,1
32,40981,1
32,41259,1
32,42564,1
32,42571,1
32,42575,1
32,42579,1
32,42582,2
32,42593,1
32,42601,2
32,42602,1
32,42603,1
32,42605,2
32,42627,1
32,42633,1
32,42649,2
32,42793,1
32,42794,1
32,42795,2
32,42796,1
32,42797,2
32,42798,1
32,42799,1
32,42802,1
32,42894,1
32,43008,1
32,43074,1
32,43075,1
32,43078,1
32,43082,1
32,43086,1
32,43090,2
32,43092,5
32,43097,1
32,43099,1
32,43360,2
32,43361,2
32,43362,2
32,43363,2
32,43364,2
32,43365,2
32,43366,2
32,43367,2
32,43368,2
32,43369,2
32,43370,2
32,43371,5
32,43372,2
32,43373,2
32,43374,3
32,43375,3
32,43376,2
32,43377,2
32,43378,2
32,43379,2
32,43380,2
32,43381,2
32,43382,2
32,43383,2
32,43384,3
32,43385,2
32,43386,2
32,43387,2
32,43388,2
32,43532,1
32,44032,1066199
32,44033,144203
32,44034,1
32,44036,140834
32,44039,2721
32,44040,51933
32,44041,216
32,44042,2
32,44048,236758
32,44049,23880
32,44050,13242
32,44051,4227
32,44052,11358
32,44053,281294
32,44054,57496
32,44055,18
32,44057,279778
32,44058,1499
32,44059,1
32,44060,569362
32,44061,12324
32,44064,739
32,44068,11648
32,44076,533
32,44077,331
32,44079,1258
32,44080,1
32,44081,4984
32,44088,604
32,44089,41
32,44092,5
32,44096,30
32,44104,1
32,44107,1
32,44109,33
32,44113,2
32,44116,34
32,44120,9
32,44144,301208
32,44145,3422
32,44146,6
32,44148,196359
32,44151,4450
32,44152,70164
32,44154,4
32,44160,72979
32,44161,2185
32,44162,1
32,44163,637294
32,44164,2
32,44165,104
32,44167,5
32,44169,4673
32,44170,1
32,44172,215651
32,44173,16
32,44176,10775
32,44180,1918
32,44188,296
32,44189,4
32,44191,996
32,44192,49
32,44193,45
32,44200,18604
32,44201,35576
32,44202,13718
32,44204,26598
32,44207,16
32,44208,308393
32,44216,34046
32,44217,5468
32,44219,4
32,44220,14
32,44221,713166
32,44225,3852
32,44226,4
32,44228,246548
32,44236,1
32,44247,18
32,44249,1
32,44256,518803
32,44257,55370
32,44260,15418
32,44263,20214
32,44264,57679
32,44266,38
32,44268,1
32,44271,19
32,44272,4329
32,44273,5280
32,44274,1
32,44275,60529
32,44277,738190
32,44278,898
32,44279,5
32,44281,2
32,44282,1
32,44284,169674
32,44285,8306
32,44288,423129
32,44289,1
32,44292,1393
32,44300,1455
32,44305,123238
32,44309,1
32,44312,976
32,44316,2172
32,44318,2
32,44333,261
32,44340,21504
32,44341,160
32,44344,58
32,44348,34
32,44356,36
32,44359,2
32,44361,3549
32,44368,391533
32,44369,1
32,44372,1
32,44376,7
32,44384,1
32,44387,2
32,44389,3
32,44396,506141
32,44397,539658
32,44400,210674
32,44403,5099
32,44404,12994
32,44405,4253
32,44406,1326
32,44407,1
32,44411,5
32,44412,195
32,44413,3675
32,44415,5723
32,44417,25738
32,44418,99
32,44419,9
32,44421,2
32,44424,600
32,44425,40
32,44428,91857
32,44430,1
32,44432,952
32,44445,15
32,44448,1
32,44452,14899
32,44453,1
32,44456,12
32,44460,155
32,44468,1
32,44471,1
32,44480,59876
32,44481,7
32,44484,697
32,44488,182
32,44496,20
32,44497,1
32,44499,352
32,44508,78053
32,44509,2
32,44512,10767
32,44516,613
32,44524,45
32,44527,2
32,44536,1335835
32,44537,63722
32,44540,98917
32,44543,10
32,44544,60054
32,44545,644
32,44551,1
32,44552,123925
32,44553,46638
32,44555,399
32,44557,6428
32,44561,13
32,44564,74
32,44568,1
32,44572,1
32,44592,1077546
32,44593,300
32,44596,29815
32,44599,19
32,44600,72835
32,44602,5
32,44606,1
32,44608,332100
32,44609,1638
32,44610,1
32,44611,5805
32,44612,1
32,44613,187
32,44614,2
32,44617,2
32,44618,18578
32,44620,10274
32,44621,452
32,44622,2081
32,44624,449
32,44627,1
32,44628,3204
32,44630,1
32,44636,1928
32,44637,51
32,44639,210
32,44640,11
32,44641,999
32,44648,16867
32,44649,3
32,44652,413
32,44656,147
32,44664,12
32,44665,4
32,44667,88
32,44668,534
32,44669,94
32,44676,35
32,44677,15
32,44697,1
32,44704,4
32,44732,4391
32,44733,268
32,44734,6822
32,44736,192
32,44740,190
32,44748,458
32,44749,2904
32,44751,3
32,44752,73
32,44753,37
32,44760,73
32,44761,1
32,44764,3
32,44776,1
32,44777,31
32,44780,1
32,44781,8
32,44788,397
32,44790,4
32,44808,32
32,44844,13818
32,44845,7797
32,44848,388
32,44852,2567
32,44860,952
32,44861,5847
32,44863,79
32,44865,591
32,44866,1325
32,44867,18265
32,44869,2
32,44870,4
32,44872,162
32,44873,663
32,44876,50
32,44880,5
32,44891,2
32,44893,994
32,44900,3029
32,44901,31
32,44904,1
32,44921,94
32,44928,2802
32,44932,9
32,44936,1
32,44944,54
32,44949,2
32,44956,1
32,44984,13011
32,44985,142
32,44988,292
32,44991,2
32,44992,2085
32,44994,1
32,44999,657
32,45000,15827
32,45001,10
32,45003,251
32,45005,69
32,45007,1
32,45012,57
32,45016,6
32,45032,44
32,45033,365
32,45040,1286
32,45041,2
32,45044,45
32,45048,4
32,45056,3
32,45068,63
32,45069,6
32,45072,9
32,45076,3
32,45096,5
32,45124,2187
32,45126,1
32,45128,4037
32,45130,10367
32,45132,17041
32,45133,1
32,45134,8
32,45139,2717
32,45140,1117
32,45141,2
32,45143,66
32,45145,36
32,45149,68783
32,45180,10831
32,45181,45
32,45184,590
32,45188,66
32,45196,228
32,45199,3
32,45201,33
32,45208,550663
32,45209,23776
32,45210,2067
32,45211,1
32,45212,47832
32,45215,94
32,45216,63845
32,45217,1138
32,45218,11
32,45219,1
32,45224,463553
32,45225,13158
32,45227,2673
32,45228,2473
32,45229,9659
32,45230,30173
32,45231,1542
32,45232,1
32,45233,4435
32,45234,1
32,45235,12520
32,45236,310847
32,45237,47
32,45240,7388
32,45244,2521
32,45252,2557
32,45253,222
32,45255,439
32,45256,5372
32,45257,11483
32,45264,612
32,45265,10
32,45268,41
32,45272,12
32,45280,79
32,45281,1
32,45283,6
32,45285,479
32,45320,28791
32,45321,850
32,45323,407
32,45324,914
32,45326,1
32,45327,1
32,45328,16881
32,45329,2
32,45330,50
32,45331,22386
32,45334,3
32,45335,5
32,45336,44611
32,45337,702
32,45338,2
32,45339,267
32,45341,187
32,45342,1
32,45346,5
32,45347,20851
32,45348,107320
32,45349,5525
32,45352,186
32,45355,3
32,45356,3196
32,45364,198
32,45365,666
32,45366,1
32,45367,6147
32,45369,15
32,45376,2000
32,45377,7
32,45380,14266
32,45384,6
32,45387,1
32,45392,59
32,45393,1
32,45395,36
32,45397,164
32,45400,23
32,45401,1
32,45404,114
32,45408,16
32,45411,3
32,45412,1
32,45420,12
32,45423,30
32,45432,334885
32,45433,39493
32,45436,69282
32,45440,16534
32,45442,2
32,45443,1
32,45448,1782
32,45449,113
32,45451,269
32,45453,73575
32,45458,88236
32,45459,26117
32,45460,414
32,45464,10
32,45479,2
32,45480,75
32,45488,1
32,45516,14950
32,45517,1
32,45524,1
32,45544,646
32,45548,4
32,45552,1
32,45560,4
32,45563,3
32,45565,64
32,45572,58575
32,45573,108
32,45576,38838
32,45579,2
32,45580,2247
32,45588,57
32,45589,525
32,45591,22
32,45593,62
32,45597,3
32,45598,8
32,45600,14
32,45620,1
32,45628,3
32,45656,2322
32,45657,6
32,45660,2
32,45664,8
32,45672,3
32,45675,1
32,45684,85085
32,45685,6
32,45688,10
32,45692,28
32,45700,1
32,45701,1
32,45705,7
32,45712,30802
32,45713,4724
32,45716,15864
32,45719,1
32,45720,21424
32,45721,1776
32,45722,1
32,45728,141
32,45729,8
32,45731,4
32,45733,39100
32,45734,7043
32,45735,1
32,45738,1514
32,45740,65
32,45748,6
32,45761,1
32,45768,64836
32,45769,5731
32,45772,9889
32,45775,2
32,45776,4268
32,45777,20
32,45784,1612
32,45785,229
32,45787,9909
32,45788,1
32,45789,1040
32,45794,45
32,45796,840489
32,45797,11089
32,45798,2110
32,45800,247114
32,45803,6310
32,45804,144874
32,45805,3210
32,45806,4805
32,45807,19
32,45811,298
32,45812,62811
32,45813,9349
32,45815,1594
32,45816,3
32,45817,255865
32,45818,1
32,45819,273
32,45821,2
32,45823,3596
32,45824,1689175
32,45825,369
32,45828,12944
32,45832,1729
32,45840,2722
32,45841,37
32,45843,2227
32,45844,178
32,45845,353
32,45851,2
32,45852,236
32,45856,2
32,45860,1
32,45871,1
32,45873,6
32,45880,2
32,45908,211109
32,45909,23912
32,45910,23
32,45912,13500
32,45915,18
32,45916,5468
32,45924,2717
32,45925,659
32,45927,6216
32,45929,5186
32,45930,5
32,45931,502
32,45934,9296
32,45935,2
32,45936,230609
32,45937,1392
32,45940,21303
32,45944,14277
32,45952,557
32,45953,401
32,45955,184
32,45957,196
32,45964,19
32,45968,9
32,45972,2
32,45980,7
32,45985,6
32,45990,4
32,45991,1
32,45992,38
32,45996,59
32,46020,523556
32,46021,193024
32,46024,21256
32,46027,2230
32,46028,95872
32,46029,1
32,46030,4
32,46032,2
32,46036,6355
32,46037,6514
32,46039,1896
32,46041,652598
32,46042,2
32,46043,764
32,46045,21
32,46047,1
32,46048,16
32,46052,198
32,46064,3
32,46076,6593
32,46077,2
32,46080,4
32,46084,1
32,46095,4
32,46096,11706
32,46104,389912
32,46105,2
32,46108,150862
32,46112,24724
32,46114,1
32,46120,8613
32,46121,376
32,46123,5
32,46124,3
32,46125,174
32,46126,1
32,46132,100
32,46160,227444
32,46161,686
32,46164,13854
32,46167,6
32,46168,38437
32,46170,3
32,46176,1177
32,46177,112
32,46179,6
32,46181,9208
32,46188,170
32,46192,1
32,46194,2
32,46196,2
32,46207,2
32,46208,311
32,46209,3
32,46216,4
32,46237,1
32,46244,105723
32,46245,6
32,46248,15
32,46252,59
32,46260,3
32,46261,1
32,46263,11353
32,46264,1
32,46265,74
32,46272,13498
32,46273,4
32,46276,358
32,46280,44
32,46288,1
32,46293,7
32,46300,206489
32,46301,25589
32,46304,4394
32,46307,12699
32,46308,139303
32,46309,1
32,46310,42
32,46315,2
32,46316,289
32,46317,22
32,46319,9294
32,46321,569702
32,46328,8
32,46344,1
32,46356,138074
32,46357,2922
32,46360,3446
32,46363,392
32,46364,6088
32,46372,523
32,46373,2000
32,46375,64
32,46377,1106
32,46378,2
32,46382,1
32,46383,1
32,46384,234829
32,46385,3898
32,46388,3753
32,46391,2
32,46392,43181
32,46393,1
32,46400,1180
32,46401,8
32,46403,578
32,46404,1725
32,46405,20378
32,46411,159
32,46412,374878
32,46413,1
32,46416,704
32,46420,175
32,46428,161
32,46429,29
32,46431,14
32,46432,13
32,46433,614
32,46440,5
32,46461,1
32,46468,9
32,46472,1
32,46496,38952
32,46497,1888
32,46498,1
32,46500,865
32,46504,38582
32,46506,2
32,46507,79
32,46511,1
32,46512,12
32,46513,2
32,46515,134
32,46516,715
32,46517,31
32,46523,3
32,46524,3104
32,46525,2
32,46528,229
32,46532,174
32,46540,5
32,46543,218
32,46544,77
32,46545,4
32,46552,3
32,46572,3
32,46580,2
32,46584,2
32,46588,2
32,46608,295523
32,46609,5703
32,46612,56
32,46616,514
32,46624,62
32,46627,8
32,46629,694
32,46635,1
32,46636,18
32,46664,4
32,46689,1
32,46692,7
32,46741,1
32,46748,5745
32,46749,943
32,46752,7
32,46756,31
32,46759,11
32,46763,3667
32,46764,2
32,46765,1
32,46767,3
32,46769,940
32,46776,1
32,46780,5
32,46832,31177
32,46836,996
32,46840,621
32,46848,129
32,46849,4
32,46860,1
32,46881,2
32,46888,6508
32,46889,8
32,46892,1237
32,46895,1045
32,46896,746
32,46903,17
32,46904,345
32,46905,1
32,46907,86133
32,46909,3
32,46913,1
32,46916,6322
32,46917,1
32,46920,1013
32,46924,85
32,46932,13
32,46933,1
32,46944,8588
32,46945,1
32,46948,3315
32,46952,59
32,46960,12
32,46961,1
32,46963,3
32,46965,127
32,46972,238952
32,46973,5155
32,46976,7221
32,46980,1981
32,46988,4346
32,46989,1126
32,46991,295
32,46993,5007
32,47000,14110
32,47001,750
32,47004,11561
32,47008,1338
32,47016,4492
32,47017,5697
32,47019,220
32,47021,9484
32,47026,1
32,47028,1962
32,47029,11
32,47032,8
32,47036,3
32,47044,1
32,47045,7
32,47049,1197
32,47056,1
32,47084,81757
32,47085,4683
32,47088,22702
32,47092,71
32,47100,1210
32,47101,64
32,47103,172
32,47104,1
32,47105,197
32,47107,1
32,47111,2
32,47112,215830
32,47113,2728
32,47116,9811
32,47120,460
32,47127,1
32,47128,950
32,47129,715
32,47131,691
32,47133,271
32,47136,1
32,47140,517
32,47141,146
32,47144,192
32,47148,24
32,47156,36
32,47157,8
32,47160,10
32,47161,584
32,47168,244
32,47172,309
32,47176,1
32,47196,251269
32,47197,23045
32,47200,6011
32,47204,11298
32,47212,3209
32,47213,1703
32,47215,13441
32,47217,5947
32,47224,36
32,47225,7
32,47228,59
32,47245,2
32,47280,1610
32,47281,5
32,47284,206
32,47288,32
32,47296,252
32,47301,6
32,47308,8308
32,47329,717
32,47332,1
32,47336,103169
32,47337,3475
32,47340,1543
32,47344,2523
32,47352,2382
32,47353,149
32,47355,202
32,47357,1346
32,47364,862
32,47392,11
32,47393,1
32,47420,3943
32,47421,509
32,47424,34
32,47428,169
32,47436,83
32,47437,10
32,47439,3
32,47441,36
32,47448,22277
32,47449,66
32,47452,52
32,47456,42
32,47464,1
32,47465,3
32,47467,5
32,47469,47
32,47473,1
32,47476,15897
32,47477,6
32,47480,19
32,47484,7984
32,47492,37
32,47495,5
32,47497,119
32,47502,1
32,47504,2
32,47505,1
32,47531,1
32,47532,325328
32,47533,2815
32,47536,15978
32,47540,8755
32,47548,3941
32,47549,1692
32,47551,780
32,47553,282429
32,47555,1
32,47558,3
32,47560,609862
32,47561,58632
32,47562,1
32,47564,314151
32,47566,167449
32,47567,2297
32,47568,230315
32,47569,2605
32,47572,1
32,47575,1
32,47576,2354
32,47577,136
32,47579,9309
32,47580,1
32,47581,28181
32,47582,63879
32,47583,52
32,47584,1
32,47585,62254
32,47586,1
32,47587,8
32,47588,183404
32,47589,38144
32,47592,21365
32,47596,1538
32,47604,449
32,47605,2637
32,47607,2479
32,47608,21
32,47609,12496
32,47610,18303
32,47611,9
32,47613,5
32,47616,692
32,47620,6
32,47624,1
32,47637,2
32,47639,1
32,47672,53361
32,47673,32890
32,47674,1
32,47675,1
32,47676,22935
32,47679,2
32,47680,17729
32,47682,7
32,47688,5183
32,47689,2
32,47691,3571
32,47693,1841
32,47694,144
32,47695,2
32,47700,171123
32,47701,15566
32,47704,6961
32,47708,16095
32,47716,28025
32,47717,130
32,47719,1230
32,47720,4
32,47721,520
32,47722,1
32,47723,1
32,47728,6390
32,47729,1007
32,47732,58855
32,47736,16095
32,47744,2
32,47747,3
32,47748,1
32,47749,241595
32,47750,20
32,47751,40008
32,47756,21
32,47760,110
32,47764,1
32,47784,533018
32,47785,194393
32,47786,1
32,47787,2162
32,47788,19481
32,47791,292
32,47792,34975
32,47796,2
32,47800,36516
32,47801,1333
32,47803,102118
32,47805,22926
32,47808,1
32,47810,1
32,47812,1
32,47816,1
32,47828,2
32,47833,1
32,47868,1059
32,47872,657
32,47876,301
32,47884,1
32,47887,22
32,47889,21
32,47896,35955
32,47897,1
32,47904,88
32,47912,1
32,47915,14
32,47917,1
32,47919,1
32,47924,340179
32,47925,5849
32,47926,6347
32,47928,350430
32,47930,1
32,47931,9504
32,47932,139275
32,47933,220
32,47934,1
32,47940,695
32,47941,3
32,47943,189
32,47945,2215
32,47947,1
32,47949,168
32,47952,2472
32,47956,1225
32,47960,356
32,47969,24
32,47971,46
32,47973,1
32,47980,1
32,47984,4
32,47988,1
32,48008,862
32,48009,3
32,48012,6261
32,48016,1567
32,48029,2
32,48036,39886
32,48037,1
32,48040,15
32,48044,687
32,48046,1
32,48052,2
32,48057,1
32,48064,1817
32,48065,1
32,48068,84
32,48072,656
32,48080,7
32,48083,2
32,48085,10
32,48092,9
32,48111,2
32,48120,689226
32,48121,5383
32,48124,144463
32,48126,3
32,48127,18854
32,48128,66396
32,48130,75
32,48136,1005
32,48137,170
32,48139,976
32,48140,1
32,48141,1041
32,48142,37
32,48143,253600
32,48144,1
32,48145,11586
32,48146,5
32,48148,341862
32,48149,183777
32,48150,22366
32,48152,250465
32,48154,1
32,48155,218889
32,48156,507706
32,48157,55318
32,48158,12
32,48159,2822
32,48160,1
32,48161,1
32,48163,6
32,48164,23862
32,48165,7068
32,48167,1073
32,48168,1
32,48169,376276
32,48170,13
32,48171,1
32,48173,1734
32,48176,414666
32,48177,102333
32,48180,38127
32,48184,4508
32,48192,5239
32,48193,110
32,48195,1392
32,48196,4
32,48197,4555
32,48198,1
32,48201,402
32,48204,509
32,48205,2
32,48208,2
32,48212,15
32,48213,1
32,48220,4
32,48223,39
32,48225,17
32,48232,1
32,48260,120079
32,48261,1674
32,48264,157434
32,48267,65
32,48268,44535
32,48271,2
32,48276,56690
32,48277,120910
32,48279,12633
32,48281,961
32,48282,1397
32,48283,24
32,48288,192718
32,48289,7904
32,48292,19016
32,48295,105
32,48296,33326
32,48304,196
32,48305,50
32,48307,1095
32,48308,6
32,48309,2482
32,48313,1
32,48315,1
32,48316,6478
32,48317,13981
32,48320,181656
32,48323,1
32,48324,64585
32,48333,55
32,48335,304
32,48337,90779
32,48339,6
32,48341,79
32,48344,13
32,48348,11
32,48352,4
32,48372,767598
32,48373,117614
32,48374,1184
32,48376,167596
32,48379,3
32,48380,61240
32,48383,1
32,48388,12588
32,48389,989
32,48391,572
32,48393,53506
32,48400,3008
32,48404,5
32,48419,2
32,48420,2352
32,48421,1
32,48428,10
32,48456,891
32,48457,2
32,48460,25
32,48464,241
32,48472,133
32,48473,143
32,48475,1
32,48476,1
32,48477,1
32,48484,168
32,48488,2
32,48492,4
32,48505,5
32,48512,606551
32,48513,154498
32,48516,270818
32,48519,25
32,48520,267274
32,48521,9903
32,48522,5
32,48528,2404
32,48529,31
32,48531,2656
32,48532,1
32,48533,13832
32,48534,2
32,48536,1
32,48537,33387
32,48540,2
32,48564,1
32,48568,17
32,48576,3
32,48577,7
32,48587,2
32,48596,2008
32,48600,71
32,48604,378
32,48612,3
32,48615,82
32,48617,1
32,48624,5455
32,48628,5
32,48632,45
32,48645,1
32,48652,147858
32,48653,6
32,48656,27
32,48659,21
32,48660,75222
32,48661,1
32,48665,1
32,48668,1
32,48671,1
32,48673,39
32,48677,1
32,48680,10
32,48684,1
32,48688,1
32,48708,468281
32,48709,19625
32,48712,30063
32,48715,11
32,48716,43333
32,48717,1
32,48718,2
32,48724,2745
32,48725,157
32,48727,3922
32,48729,8191
32,48730,5040
32,48731,18681
32,48733,2
32,48734,2
32,48736,39489
32,48737,203
32,48740,110
32,48744,13620
32,48745,1
32,48752,50
32,48753,1
32,48755,68
32,48757,4215
32,48763,185
32,48764,11767
32,48765,735
32,48768,784
32,48772,277
32,48780,13
32,48783,991
32,48784,130
32,48785,301
32,48792,3
32,48793,4
32,48808,682
32,48812,1
32,48820,9
32,48821,2
32,48824,1
32,48828,1
32,48839,1
32,48841,1
32,48848,462
32,48849,68
32,48852,2016
32,48855,4344
32,48856,144
32,48867,192
32,48868,1
32,48869,128
32,48873,4
32,48876,113
32,48880,5
32,48884,4
32,48897,3
32,48903,1
32,48904,4972
32,48905,2
32,48908,1
32,48920,48
32,48923,147
32,48932,5
32,48960,1137
32,48961,26
32,48964,12
32,48968,79
32,48976,463
32,48977,8197
32,48979,3
32,48981,570
32,48988,2
32,48989,1
32,49072,1662
32,49093,79
32,49100,9020
32,49101,9
32,49104,27222
32,49108,2922
32,49116,937
32,49121,122
32,49212,33
32,49240,696
32,49244,1
32,49248,119
32,49256,1
32,49261,1
32,49269,1
32,49296,1745
32,49297,21
32,49300,48
32,49304,25
32,49312,4
32,49313,1
32,49315,1
32,49317,35
32,49319,1
32,49324,1760277
32,49325,8535
32,49327,54
32,49328,173344
32,49331,5
32,49332,105842
32,49333,75
32,49334,15810
32,49339,3
32,49340,109490
32,49341,8370
32,49343,3898
32,49344,1643
32,49345,448873
32,49349,207
32,49350,1
32,49351,2
32,49352,134123
32,49353,31154
32,49356,13024
32,49360,2725
32,49368,8929
32,49369,39
32,49371,659
32,49372,13
32,49373,286206
32,49374,1
32,49380,34276
32,49381,91
32,49384,821
32,49388,3999
32,49396,1230
32,49397,649
32,49399,1155
32,49401,3377
32,49405,1
32,49406,19
32,49408,2593
32,49409,4
32,49412,66
32,49416,22
32,49424,74
32,49427,3
32,49429,127
32,49436,477047
32,49437,64349
32,49438,5994
32,49440,886618
32,49443,272
32,49444,280516
32,49445,9
32,49446,1
32,49447,1
32,49452,44105
32,49453,10777
32,49455,74
32,49456,1389
32,49457,428598
32,49458,1
32,49461,2
32,49462,58
32,49464,474812
32,49465,5706
32,49468,43365
32,49471,3
32,49472,13442
32,49478,1
32,49480,2676
32,49481,436
32,49483,8299
32,49484,30
32,49485,274
32,49491,1
32,49492,4966
32,49493,15
32,49494,2
32,49496,836
32,49500,1639
32,49508,113
32,49509,2
32,49511,310
32,49512,1
32,49513,74
32,49520,13131
32,49521,21
32,49524,354
32,49528,2668
32,49536,60
32,49537,90
32,49539,20
32,49541,449
32,49548,573773
32,49549,138379
32,49550,48
32,49552,90559
32,49555,7
32,49556,25680
32,49564,2173
32,49565,80
32,49567,2340
32,49569,66675
32,49571,1
32,49572,1
32,49573,402
32,49574,4
32,49575,6
32,49576,23
32,49580,3
32,49584,1
32,49595,1
32,49597,238
32,49604,2315
32,49624,3
32,49632,9975
32,49636,636
32,49640,65
32,49648,2
32,49651,120
32,49653,4
32,49660,50346
32,49661,21
32,49664,2492
32,49668,708
32,49676,40
32,49677,427
32,49679,544
32,49681,21
32,49684,1
32,49688,1155508
32,49689,24183
32,49692,93157
32,49695,303
32,49696,16522
32,49704,15265
32,49705,23
32,49707,10466
32,49709,8564
32,49710,2
32,49711,488
32,49712,2
32,49713,365
32,49714,11149
32,49715,1
32,49716,34
32,49720,1
32,49733,1
32,49737,1
32,49744,4031
32,49745,27
32,49748,198
32,49752,1178
32,49760,1
32,49761,1
32,49763,3
32,49765,96
32,49772,12015
32,49773,22
32,49776,905
32,49780,1894
32,49788,782
32,49789,15767
32,49791,140
32,49793,2
32,49800,67102
32,49801,15
32,49804,2779
32,49808,3448
32,49816,166
32,49817,7
32,49819,1675
32,49821,261
32,49823,2
32,49828,589436
32,49829,11
32,49832,415
32,49836,33023
32,49837,4
32,49839,3
32,49844,114
32,49845,16444
32,49847,51
32,49849,167394
32,49852,1
32,49854,8
32,49856,36
32,49857,11
32,49860,2
32,49864,3
32,49884,1144740
32,49885,85485
32,49888,456108
32,49889,1
32,49891,2176
32,49892,235006
32,49893,2
32,49894,1
32,49895,1
32,49898,1
32,49899,5852
32,49900,112592
32,49901,15693
32,49903,909
32,49904,1
32,49905,67746
32,49906,3
32,49908,1
32,49909,1
32,49910,16736
32,49912,28438
32,49913,1280
32,49915,2
32,49916,1490
32,49918,1
32,49920,4921
32,49922,3
32,49927,1
32,49928,410
32,49929,57
32,49931,5
32,49932,63
32,49933,20769
32,49939,11240
32,49940,64
32,49941,36
32,49944,27
32,49956,72
32,49957,1
32,49961,100
32,49968,2
32,49972,4
32,49989,2
32,49997,3
32,50024,8296
32,50025,1209
32,50026,2
32,50028,3063
32,50032,1288
32,50040,1938
32,50041,1
32,50043,29
32,50044,11335
32,50045,34
32,50051,1
32,50052,353
32,50053,3
32,50056,85
32,50060,9
32,50068,3
32,50072,1
32,50073,4
32,50100,1
32,50108,1
32,50136,4961
32,50137,241
32,50140,1281
32,50143,3200
32,50144,1040
32,50152,68
32,50153,5
32,50155,11
32,50157,130
32,50161,9
32,50163,2
32,50164,752
32,50168,21
32,50183,1
32,50184,164
32,50185,2
32,50192,883
32,50193,1
32,50220,61
32,50224,2
32,50228,1
32,50236,1
32,50248,37
32,50269,3
32,50276,1623
32,50277,516
32,50280,1434
32,50284,4
32,50297,1001
32,50304,16
32,50360,11
32,50364,1
32,50388,2
32,50392,1
32,50409,3
32,50416,90442
32,50417,19
32,50420,17046
32,50424,6977
32,50431,3
32,50432,346
32,50433,183
32,50435,3
32,50441,2
32,50444,1817
32,50448,10
32,50452,1
32,50472,20094
32,50473,763
32,50476,1151
32,50480,254
32,50488,4
32,50489,657
32,50491,1450
32,50492,7
32,50493,759
32,50499,2
32,50500,1109198
32,50501,48187
32,50504,249397
32,50505,5693
32,50506,312938
32,50507,3
32,50508,268077
32,50510,448
32,50511,29
32,50515,2688
32,50516,56193
32,50517,32017
32,50518,2
32,50519,1592
32,50520,38
32,50521,16928
32,50522,3
32,50523,1
32,50525,14
32,50526,67959
32,50527,5
32,50528,137074
32,50529,24992
32,50532,34877
32,50535,4
32,50536,60683
32,50544,2123
32,50545,4617
32,50547,1939
32,50548,2
32,50549,7312
32,50553,1
32,50554,1
32,50556,152605
32,50557,135606
32,50560,3601
32,50562,1
32,50564,830
32,50565,3
32,50566,8
32,50567,3379
32,50569,85
32,50570,1
32,50572,714
32,50573,156
32,50575,158
32,50577,182522
32,50581,1920
32,50582,2
32,50584,3033
32,50588,16
32,50592,17
32,50600,9
32,50601,2
32,50603,2
32,50605,2
32,50612,306777
32,50613,14672
32,50614,7
32,50616,111058
32,50617,2028
32,50618,4
32,50619,51613
32,50620,38196
32,50621,2263
32,50622,6
32,50628,35826
32,50629,46631
32,50630,240682
32,50631,1770
32,50632,109
32,50633,3776
32,50634,10
32,50636,1
32,50638,932
32,50640,270299
32,50641,14441
32,50644,66618
32,50647,1
32,50648,46697
32,50656,9493
32,50657,1218
32,50659,1467
32,50660,4
32,50661,1525
32,50668,515352
32,50669,698928
32,50670,2081
32,50671,1
32,50672,581412
32,50675,17
32,50676,161545
32,50677,3
32,50678,16
32,50679,542
32,50681,11
32,50684,25498
32,50685,3224
32,50687,2128
32,50688,328
32,50689,797183
32,50691,2
32,50693,722
32,50694,11669
32,50696,233595
32,50697,7
32,50700,2718
32,50704,3437
32,50712,70
32,50713,112
32,50715,21880
32,50716,7
32,50717,45
32,50724,588329
32,50725,27599
32,50728,76397
32,50731,3
32,50732,206668
32,50733,61
32,50734,24471
32,50735,23
32,50736,4
32,50738,2
32,50739,2030
32,50740,2762
32,50741,5584
32,50743,9085
32,50745,10703
32,50746,1
32,50747,281
32,50750,1
32,50751,1
32,50752,65141
32,50753,693
32,50756,100404
32,50760,2783
32,50768,128
32,50769,18
32,50771,3506
32,50772,20854
32,50773,165483
32,50776,3
32,50780,18693
32,50781,47
32,50784,317
32,50788,1
32,50796,36
32,50797,1
32,50799,5
32,50800,1
32,50801,1
32,50808,200300
32,50809,7
32,50812,12599
32,50815,1
32,50816,135
32,50824,5
32,50827,12
32,50828,1
32,50829,6
32,50836,233135
32,50837,10330
32,50840,663
32,50844,413
32,50852,224
32,50853,186
32,50855,384
32,50857,97934
32,50859,1
32,50864,349779
32,50865,1558
32,50868,194840
32,50871,5
32,50872,41291
32,50874,8
32,50880,19569
32,50881,504
32,50882,1
32,50883,6516
32,50885,6472
32,50892,39656
32,50893,539
32,50896,288114
32,50900,104475
32,50908,889
32,50909,1
32,50911,19
32,50912,5
32,50913,827
32,50914,1
32,50916,2
32,50919,1
32,50920,35805
32,50921,195
32,50924,3086
32,50928,5308
32,50936,547
32,50937,38329
32,50939,145
32,50941,81
32,50945,4
32,50948,647279
32,50949,404
32,50952,23146
32,50955,2
32,50956,30655
32,50964,983
32,50965,60
32,50967,4640
32,50968,1
32,50969,4840
32,50975,3
32,50976,701041
32,50977,75716
32,50980,68055
32,50984,9676
32,50992,67
32,50993,10
32,50995,28
32,50997,9114
32,50999,176
32,51004,3957
32,51005,45
32,51006,12
32,51008,91989
32,51010,1
32,51011,1
32,51012,15042
32,51013,1
32,51014,8
32,51015,2
32,51018,685
32,51019,2
32,51020,280344
32,51021,5526
32,51022,1
32,51023,81
32,51025,34431
32,51030,3
32,51032,517208
32,51036,3
32,51040,1
32,51051,2
32,51053,3
32,51059,1
32,51060,2662560
32,51061,21826
32,51062,4
32,51064,743554
32,51065,2
32,51066,11
32,51067,8
32,51068,810592
32,51069,15145
32,51070,1
32,51071,1
32,51075,19508
32,51076,159434
32,51077,179633
32,51078,1
32,51079,16297
32,51080,1730865
32,51081,33758
32,51082,4372
32,51085,3
32,51086,8171
32,51087,6
32,51088,724855
32,51089,394701
32,51092,22666
32,51094,8
32,51095,5
32,51096,60886
32,51097,2
32,51099,12
32,51104,40235
32,51105,47447
32,51107,545
32,51108,167
32,51109,358459
32,51110,2585
32,51111,2
32,51113,2
32,51116,235527
32,51117,15018
32,51120,512
32,51124,141
32,51132,1295
32,51133,107
32,51135,425
32,51136,35
32,51137,3283
32,51138,4
32,51139,2
32,51142,1
32,51144,2505
32,51145,33
32,51148,185
32,51152,7
32,51160,4
32,51161,3
32,51163,5
32,51165,548
32,51172,21
32,51176,3
32,51180,1
32,51200,133538
32,51201,160160
32,51204,1018577
32,51205,3
32,51207,1
32,51208,53883
32,51209,5
32,51210,13465
32,51211,130
32,51215,1
32,51216,114033
32,51217,64414
32,51219,658
32,51220,3
32,51221,838966
32,51222,3453
32,51223,1
32,51228,1034049
32,51229,580
32,51232,5981
32,51235,1
32,51236,4238
32,51244,930
32,51245,220
32,51247,300
32,51249,399
32,51250,1
32,51256,1125
32,51257,43
32,51260,35
32,51263,2
32,51264,17
32,51272,50
32,51273,5
32,51275,1
32,51276,1218
32,51277,49
32,51284,44
32,51288,5
32,51292,6
32,51312,578360
32,51313,9240
32,51316,129758
32,51319,3
32,51320,77077
32,51328,10573
32,51329,7051
32,51331,11
32,51333,211582
32,51334,37
32,51335,411
32,51338,2
32,51339,59827
32,51340,40022
32,51341,1
32,51344,6
32,51348,7
32,51356,1
32,51357,1
32,51361,822
32,51368,51
32,51389,1
32,51396,13750
32,51400,38
32,51404,11
32,51412,11
32,51415,37
32,51417,1
32,51424,3129
32,51425,11
32,51428,36
32,51432,5
32,51445,14
32,51452,719132
32,51453,87179
32,51456,92853
32,51459,1
32,51460,56258
32,51462,1
32,51468,1289
32,51469,296
32,51471,57
32,51473,763237
32,51480,829
32,51484,1
32,51499,3
32,51500,974
32,51508,17
32,51536,7710
32,51540,432
32,51544,1046
32,51552,14
32,51555,10
32,51556,1
32,51564,4840
32,51565,1
32,51568,1388
32,51572,161
32,51583,5
32,51585,8
32,51592,5843
32,51593,64176
32,51596,28
32,51600,13510
32,51608,65
32,51609,498
32,51611,12
32,51613,113700
32,51614,1
32,51648,1075676
32,51649,135290
32,51650,1
32,51651,1
32,51652,306041
32,51655,3
32,51656,53966
32,51658,403
32,51659,2
32,51664,10218
32,51665,131571
32,51667,9306
32,51669,20551
32,51670,324
32,51671,1
32,51673,3002
32,51674,952
32,51676,5258
32,51677,5875
32,51680,870
32,51684,554
32,51685,1
32,51686,56
32,51687,15349
32,51690,1
32,51691,9
32,51692,253
32,51693,143
32,51694,1
32,51695,8
32,51696,165
32,51697,2403
32,51704,793
32,51705,41
32,51708,26
32,51712,2
32,51720,2
32,51721,2
32,51724,2
32,51725,64
32,51732,7
32,51736,2
32,51753,43
32,51788,303
32,51789,45
32,51792,1501
32,51796,92
32,51798,1
32,51804,21
32,51805,2
32,51807,2
32,51808,1
32,51809,189
32,51816,87
32,51820,2
32,51824,4
32,51835,3
32,51837,1
32,51844,227
32,51864,25
32,51872,1
32,51900,1426
32,51901,14722
32,51902,1
32,51904,41
32,51908,264
32,51916,18
32,51917,2
32,51919,5
32,51921,151
32,51922,116
32,51923,7862
32,51928,6
32,51929,25
32,51984,179
32,51988,13
32,51992,11
32,52000,4
32,52012,3
32,52034,1
32,52040,288
32,52041,590
32,52044,79
32,52048,82
32,52056,5
32,52057,2
32,52061,202
32,52068,95
32,52124,7
32,52152,38
32,52180,1613
32,52181,22
32,52184,4
32,52188,1
32,52196,568
32,52199,9
32,52201,123
32,52236,2929
32,52237,8896
32,52238,1
32,52240,1535
32,52244,1666
32,52252,429
32,52253,27
32,52255,32
32,52257,118
32,52258,1650
32,52259,3
32,52263,151
32,52264,234844
32,52265,26525
32,52268,19183
32,52270,1
32,52271,1
32,52272,13702
32,52273,3
32,52280,236251
32,52281,489
32,52283,919
32,52284,306
32,52285,108883
32,52286,45467
32,52287,24
32,52292,88331
32,52293,56900
32,52296,1306
32,52300,4716
32,52308,35933
32,52309,589
32,52311,300
32,52312,8
32,52313,1672
32,52320,714
32,52321,1
32,52324,46
32,52328,26
32,52336,18
32,52337,5
32,52339,1
32,52341,37
32,52376,133597
32,52377,11861
32,52380,126273
32,52383,1
32,52384,162917
32,52392,9420
32,52393,4972
32,52395,101409
32,52396,2
32,52397,127731
32,52398,3
32,52400,1
32,52404,129895
32,52405,259
32,52408,2274
32,52412,5864
32,52420,186
32,52421,20
32,52423,172
32,52425,230
32,52430,1
32,52432,5755
32,52433,2
32,52436,37
32,52440,5
32,52449,9
32,52452,2089
32,52453,21
32,52460,18
32,52464,12
32,52488,210788
32,52489,16578
32,52492,20295
32,52495,1
32,52496,1034
32,52504,767
32,52505,32
32,52507,1365
32,52509,160931
32,52516,27
32,52517,2
32,52520,69
32,52524,29378
32,52537,7
32,52544,2
32,52572,325145
32,52580,16
32,52588,1
32,52593,1
32,52600,1143
32,52601,7
32,52604,6
32,52608,1
32,52616,6
32,52617,22
32,52619,7
32,52621,6
32,52628,192948
32,52629,382621
32,52632,13685
32,52636,544626
32,52644,6683
32,52645,441
32,52647,7
32,52649,99653
32,52653,1
32,52656,92
32,52660,1
32,52676,49
32,52684,695
32,52685,1
32,52688,17
32,52705,2
32,52712,101469
32,52716,201
32,52720,4
32,52733,4
32,52740,1103
32,52741,2
32,52744,12
32,52748,6
32,52757,1
32,52761,4
32,52768,12483
32,52769,50316
32,52772,214
32,52776,28
32,52784,17
32,52787,94
32,52789,8913
32,52796,3
32,52824,109961
32,52825,3628
32,52828,89791
32,52832,18627
32,52833,156
32,52840,49256
32,52841,3891
32,52843,300
32,52845,20456
32,52847,2
32,52850,1
32,52852,243822
32,52853,762
32,52856,25168
32,52860,45322
32,52868,9511
32,52869,1656
32,52871,404
32,52873,2204
32,52877,2
32,52878,1
32,52880,88593
32,52881,64
32,52884,8098
32,52888,14439
32,52896,19132
32,52897,5759
32,52899,1648
32,52900,16
32,52901,572
32,52906,7
32,52908,528
32,52912,8
32,52916,2
32,52929,9
32,52936,1
32,52964,58090
32,52965,5
32,52968,24913
32,52971,1
32,52972,14888
32,52980,42285
32,52981,10214
32,52983,1881
32,52984,2829
32,52985,47
32,52992,59146
32,52993,162
32,52996,13823
32,53000,8147
32,53008,1020
32,53009,77
32,53011,178
32,53013,91
32,53020,1120
32,53024,170
32,53028,533
32,53036,8
32,53037,2
32,53040,47
32,53041,1
32,53048,11
32,53056,4
32,53076,233928
32,53077,1951
32,53080,50084
32,53081,1
32,53084,34898
32,53092,7341
32,53093,899
32,53095,1123
32,53097,11711
32,53100,21
32,53101,1
32,53102,1
32,53104,2691
32,53105,8
32,53108,631
32,53112,179
32,53120,1
32,53123,3
32,53125,60
32,53132,5608
32,53133,14
32,53140,1
32,53153,7
32,53160,1250
32,53161,8
32,53164,8
32,53168,2015
32,53177,3
32,53188,3811
32,53192,191
32,53196,2
32,53209,11
32,53216,58464
32,53217,1807
32,53220,2404
32,53224,4409
32,53232,467
32,53233,100
32,53235,35
32,53237,1272
32,53244,4190
32,53245,23
32,53248,350
32,53252,974
32,53260,9
32,53261,4
32,53265,40
32,53272,5672
32,53273,2
32,53276,91
32,53280,27
32,53293,7
32,53300,5779
32,53301,792
32,53304,7932
32,53308,660
32,53316,59
32,53317,6
32,53319,11
32,53321,56
32,53328,7458
32,53332,56
32,53336,25
32,53344,1
32,53347,2
32,53349,32
32,53356,179381
32,53357,12
32,53360,76951
32,53363,1
32,53364,105156
32,53369,1
32,53372,620
32,53373,17
32,53375,4
32,53377,35
32,53380,1
32,53384,1
32,53412,83446
32,53413,2668
32,53416,4056
32,53420,10099
32,53428,2986
32,53429,936
32,53431,941
32,53433,13158
32,53436,1
32,53437,2
32,53440,216266
32,53441,9646
32,53444,48632
32,53447,1
32,53448,52068
32,53456,30053
32,53457,26189
32,53459,4932
32,53460,1043
32,53461,3533
32,53464,2
32,53465,2
32,53468,179710
32,53469,8348
32,53472,459
32,53475,1
32,53476,3382
32,53484,1290
32,53485,1385
32,53487,137
32,53489,4224
32,53496,19
32,53500,4
32,53504,2
32,53552,44970
32,53553,2832
32,53556,1662
32,53560,8949
32,53568,422
32,53569,85
32,53571,591
32,53572,57
32,53573,899
32,53577,3
32,53580,94412
32,53581,10581
32,53584,6651
32,53588,102952
32,53589,1
32,53596,3731
32,53597,75
32,53599,355
32,53601,263
32,53604,1
32,53605,1
32,53608,8
32,53612,13
32,53624,1
32,53629,3
32,53636,132
32,53640,2702
32,53664,144851
32,53665,1219
32,53668,3585
32,53671,1
32,53672,3603
32,53680,10483
32,53681,5749
32,53683,174
32,53685,319827
32,53689,1
32,53690,13
32,53692,4
32,53696,16
32,53700,1
32,53748,28507
32,53752,23
32,53756,34
32,53765,1
32,53767,290
32,53776,6
32,53780,1
32,53804,126982
32,53805,426
32,53808,1426
32,53812,4112
32,53820,530
32,53821,9
32,53823,10
32,53825,1340
32,53832,53
32,53840,1
32,53860,7
32,53888,13733
32,53889,2
32,53892,149
32,53896,168
32,53904,1
32,53909,549
32,53916,4823
32,53920,218
32,53924,327
32,53932,2
32,53933,3
32,53937,10
32,53944,122826
32,53945,220630
32,53948,1591
32,53949,1
32,53951,1
32,53952,7209
32,53960,4336
32,53965,18
32,53970,1
32,53972,112
32,54000,37023
32,54001,748
32,54004,1964
32,54008,2367
32,54016,89169
32,54017,671
32,54019,55
32,54021,644
32,54028,283872
32,54029,730
32,54030,3
32,54032,110529
32,54033,1
32,54036,42752
32,54044,2860
32,54045,11051
32,54047,1170
32,54048,100
32,54049,1912
32,54053,643
32,54054,2
32,54056,94410
32,54057,4771
32,54060,25671
32,54063,1
32,54064,2367
32,54072,349
32,54073,229
32,54075,1621
32,54076,25
32,54077,6108
32,54081,2
32,54084,102
32,54088,4
32,54092,6
32,54105,7
32,54112,4
32,54140,38208
32,54141,270
32,54144,3809
32,54148,4285
32,54156,2445
32,54157,606
32,54159,13
32,54160,2
32,54161,5151
32,54165,2
32,54168,111408
32,54169,437
32,54172,17737
32,54176,10474
32,54184,615
32,54185,1722
32,54187,1475
32,54189,1733
32,54196,2979
32,54197,1
32,54200,139276
32,54204,14887
32,54212,518
32,54216,492
32,54217,168722
32,54223,1
32,54224,88669
32,54228,1
32,54232,1
32,54252,334300
32,54253,64160
32,54256,16506
32,54260,49614
32,54268,3466
32,54269,30
32,54271,134
32,54273,1990
32,54277,1
32,54280,12
32,54284,2
32,54301,6
32,54327,1
32,54336,271
32,54340,73
32,54344,189
32,54355,1
32,54357,2
32,54364,148824
32,54365,1
32,54368,4
32,54372,14
32,54381,1
32,54383,40
32,54385,1
32,54392,32717
32,54393,755
32,54396,1227
32,54400,24940
32,54402,4
32,54408,18281
32,54409,7
32,54411,9420
32,54413,35395
32,54448,19
32,54476,937
32,54480,56
32,54484,51
32,54497,1
32,54504,5774
32,54508,1
32,54512,522
32,54520,10
32,54532,494935
32,54533,1
32,54536,5
32,54540,113794
32,54548,1
32,54553,9
32,54560,1
32,54588,186462
32,54589,11779
32,54592,18396
32,54596,116746
32,54604,385
32,54605,797
32,54607,1112
32,54609,6712
32,54612,2
32,54613,1
32,54616,916255
32,54617,198075
32,54620,829006
32,54622,1
32,54623,2
32,54624,94226
32,54625,1
32,54629,194
32,54630,1
32,54631,2
32,54632,221822
32,54633,118848
32,54635,7551
32,54636,4
32,54637,127812
32,54638,1
32,54641,1
32,54642,2
32,54644,414050
32,54645,30941
32,54648,7850
32,54652,1515
32,54660,3658
32,54661,258
32,54663,2714
32,54664,150918
32,54665,188601
32,54667,5
32,54671,7
32,54672,341
32,54673,4
32,54676,1
32,54679,4
32,54680,91
32,54682,1
32,54685,1
32,54686,1
32,54688,9
32,54691,54
32,54693,62986
32,54700,1
32,54720,5
32,54721,1
32,54728,82055
32,54729,309
32,54732,42217
32,54735,1
32,54736,3558
32,54737,1
32,54744,3723
32,54745,68
32,54747,1813
32,54749,12154
32,54756,64175
32,54757,1978
32,54760,14113
32,54763,1
32,54764,21998
32,54771,1
32,54772,620
32,54773,508
32,54775,427
32,54777,507
32,54783,1
32,54784,1627
32,54785,27578
32,54788,316605
32,54792,19188
32,54800,13363
32,54801,75078
32,54803,97
32,54804,3
32,54805,175600
32,54812,13595
32,54820,13
32,54828,2
32,54831,1
32,54840,176606
32,54841,29585
32,54844,48248
32,54847,3
32,54848,23816
32,54853,5
32,54856,71023
32,54857,2300
32,54859,9056
32,54861,81751
32,54865,556
32,54867,1
32,54868,176368
32,54869,119247
32,54872,76287
32,54875,2
32,54876,177209
32,54884,1
32,54885,2
32,54887,102
32,54889,107544
32,54895,1
32,54896,75
32,54897,5
32,54915,554
32,54917,1
32,54924,169260
32,54925,26093
32,54928,14
32,54931,2
32,54932,127
32,54941,1
32,54943,3213
32,54945,7649
32,54952,59249
32,54953,2
32,54956,3
32,54960,1
32,54969,1
32,54971,7
32,54973,2
32,54980,432047
32,54981,880
32,54984,30692
32,54987,2
32,54988,6169
32,54993,126
32,54995,3
32,54996,3728
32,54997,18
32,54999,6386
32,55001,1090
32,55004,4
32,55005,5
32,55008,244
32,55012,248
32,55016,9380
32,55024,1
32,55029,41
32,55036,3773
32,55037,10
32,55040,23
32,55044,14
32,55052,2
32,55055,6
32,55057,14
32,55064,19812
32,55065,35
32,55068,261
32,55072,3767
32,55080,191
32,55081,3033
32,55083,162
32,55085,8
32,55092,34175
32,55096,1
32,55100,99
32,55108,404
32,55113,7524
32,55120,21008
32,55121,22603
32,55124,22890
32,55127,4
32,55128,9536
32,55129,3420
32,55133,6
32,55136,1552
32,55137,15311
32,55141,19560
32,55145,3184
32,55147,1
32,55148,37235
32,55149,36
32,55152,10663
32,55156,6
32,55164,1
32,55165,6
32,55169,8
32,55176,116562
32,55177,962
32,55180,5645
32,55183,1
32,55184,10902
32,55192,39619
32,55193,6585
32,55195,210
32,55196,3
32,55197,267
32,55203,1
32,55216,2
32,55217,2
32,55218,2
32,55219,2
32,55220,3
32,55221,4
32,55222,2
32,55223,2
32,55224,2
32,55225,2
32,55226,2
32,55227,2
32,55228,2
32,55229,3
32,55230,3
32,55231,3
32,55232,3
32,55233,3
32,55234,2
32,55235,2
32,55236,2
32,55237,3
32,55238,2
32,55243,2
32,55244,2
32,55245,2
32,55246,2
32,55247,3
32,55248,3
32,55249,2
32,55250,2
32,55251,2
32,55252,2
32,55253,2
32,55254,2
32,55255,2
32,55256,2
32,55257,2
32,55258,2
32,55259,2
32,55260,2
32,55261,3
32,55262,2
32,55263,2
32,55264,2
32,55265,2
32,55266,2
32,55267,2
32,55268,2
32,55269,2
32,55270,2
32,55271,3
32,55272,2
32,55273,2
32,55274,2
32,55275,2
32,55276,2
32,55277,2
32,55278,2
32,55279,2
32,55280,2
32,55281,2
32,55282,2
32,55283,3
32,55284,6
32,55285,2
32,55286,2
32,55287,2
32,55288,2
32,55289,2
32,55290,2
32,55291,2
32,57344,1
32,57347,3
32,57348,6
32,57349,3
32,57353,1
32,57354,1
32,57356,2
32,57360,2
32,57364,2
32,57365,1
32,57368,2
32,57372,1
32,57376,1
32,57381,1
32,57389,1
32,57394,1
32,58561,1
32,58960,1
32,60130,1
32,61440,1
32,61664,3
32,61950,3
32,61998,2
32,62055,1
32,62056,1
32,63582,1
32,64035,1
32,64257,1
32,64261,1
32,64262,1
32,65038,1
32,65166,1
32,65169,2
32,65171,1
32,65187,3
32,65193,1
32,65207,2
32,65235,1
32,65239,1
32,65241,1
32,65265,1
32,65267,1
32,65279,15
32,65281,4
32,65282,31
32,65283,23
32,65284,2
32,65285,1
32,65286,72
32,65287,29
32,65288,1530
32,65289,264
32,65290,43
32,65291,79
32,65292,42
32,65293,340
32,65294,2
32,65295,96
32,65297,63
32,65298,28
32,65299,44
32,65300,13
32,65301,12
32,65302,4
32,65303,10
32,65304,6
32,65305,7
32,65306,249
32,65307,5
32,65308,1983
32,65309,35
32,65310,22
32,65311,113
32,65312,5
32,65313,10
32,65314,6
32,65315,10
32,65316,5
32,65317,5
32,65318,6
32,65319,10
32,65320,4
32,65321,8
32,65322,3
32,65323,5
32,65324,6
32,65325,65
32,65326,12
32,65327,7
32,65328,5
32,65329,2
32,65330,8
32,65331,7
32,65332,8
32,65333,4
32,65334,6
32,65335,3
32,65336,4
32,65337,2
32,65338,2
32,65339,64
32,65340,12
32,65341,2
32,65342,1
32,65343,6
32,65344,8
32,65345,1
32,65346,1
32,65347,1
32,65348,1
32,65349,1
32,65350,1
32,65351,1
32,65352,1
32,65353,5
32,65354,1
32,65355,1
32,65356,1
32,65357,8
32,65358,1
32,65359,2
32,65360,2
32,65361,2
32,65362,1
32,65363,3
32,65364,2
32,65365,1
32,65366,1
32,65367,1
32,65368,3
32,65369,1
32,65370,1
32,65371,2
32,65372,165
32,65373,2
32,65374,865
32,65378,456
32,65379,1
32,65381,62
32,65392,4
32,65393,1
32,65399,1
32,65408,1
32,65411,1
32,65417,2
32,65419,1
32,65438,1
32,65439,1
32,65504,1
32,65505,1
32,65506,19
32,65507,2
32,65509,8
32,65510,12
32,65532,4
32,65533,15
32,66305,1
32,66376,1
32,66464,1
32,66467,1
32,66478,1
32,66753,1
32,66754,1
32,67639,1
32,67840,3
32,67850,2
32,67854,1
32,67855,2
32,67860,1
32,67886,1
32,67891,1
32,68129,1
32,68202,1
32,68405,1
32,68454,1
32,68466,1
32,68611,1
32,68619,3
32,68630,2
32,68634,1
32,68646,1
32,68660,1
32,68677,2
32,69637,2
32,69669,1
32,69678,1
32,69682,2
32,73756,1
32,73760,1
32,73775,1
32,74039,2
32,74054,1
32,74071,1
32,74144,1
32,74263,1
32,74412,1
32,74515,1
32,74589,1
32,74595,1
32,83074,1
32,97538,1
32,98055,1
32,98062,1
32,110593,3
32,119047,48
32,119090,1
32,119091,1
32,119814,1
32,119816,1
32,119819,1
32,119821,2
32,119852,1
32,119862,1
32,119868,1
32,119884,2
32,119977,26
32,119982,2
32,120069,1
32,120071,1
32,120072,1
32,120073,1
32,120074,1
32,120077,1
32,120078,1
32,120079,1
32,120080,1
32,120081,1
32,120082,1
32,120083,1
32,120084,1
32,120086,1
32,120087,1
32,120088,1
32,120089,1
32,120090,1
32,120091,1
32,120092,1
32,120094,1
32,120095,1
32,120096,1
32,120097,1
32,120098,1
32,120099,1
32,120100,1
32,120101,1
32,120102,1
32,120103,1
32,120104,1
32,120105,1
32,120106,1
32,120107,1
32,120108,1
32,120109,1
32,120110,1
32,120111,1
32,120112,1
32,120113,1
32,120114,1
32,120115,1
32,120116,1
32,120117,1
32,120118,1
32,120119,1
32,120161,1
32,120173,1
32,120174,1
32,120175,1
32,120176,1
32,120177,1
32,120178,1
32,120179,1
32,120180,1
32,120181,1
32,120182,1
32,120183,1
32,120184,1
32,120185,1
32,120186,1
32,120187,1
32,120188,1
32,120189,1
32,120190,1
32,120191,1
32,120192,1
32,120193,1
32,120194,1
32,120195,1
32,120196,1
32,120197,1
32,120198,1
32,120199,1
32,120200,1
32,120201,1
32,120202,4
32,120203,2
32,120204,2
32,120205,1
32,120206,1
32,120207,1
32,120208,1
32,120209,1
32,120210,1
32,120211,1
32,120212,1
32,120213,1
32,120214,1
32,120215,1
32,120216,1
32,120217,1
32,120218,1
32,120219,1
32,120220,1
32,120221,1
32,120222,1
32,120223,1
32,120496,2
32,120572,1
32,127183,2
32,127251,1
32,127472,4
32,127481,1
32,127482,4
32,127756,1
32,127765,2
32,127798,1
32,127800,1
32,127808,1
32,127840,1
32,127854,1
32,127869,2
32,127881,3
32,127882,4
32,127904,2
32,127908,2
32,127912,1
32,127916,4
32,127918,1
32,127922,2
32,127925,34
32,127939,2
32,127968,8
32,127988,2
32,128035,1
32,128077,2
32,128102,1
32,128104,2
32,128118,2
32,128142,2
32,128149,2
32,128163,1
32,128167,1
32,128171,1
32,128184,1
32,128249,4
32,128250,4
32,128252,1
32,128262,2
32,128269,1
32,128270,1
32,128276,2
32,128284,4
32,128286,6
32,128293,1
32,128304,1
32,128373,2
32,128518,1
32,128522,1
32,128536,1
32,128545,1
32,128557,1
32,128640,1
32,128680,6
32,128699,2
32,128759,2
32,129311,1
32,129365,2
32,129497,1
32,129535,1
32,129666,2
32,131089,1
32,131111,10
32,131369,1
32,131379,1
32,131388,2
32,131726,1
32,131739,1
32,132183,1
32,132338,1
32,134047,1
32,134294,1
32,134471,1
32,136470,2
32,136512,1
32,136694,1
32,136807,1
32,138624,5
32,138759,1
32,139522,13
32,139835,1
32,141469,3
32,143921,1
32,144064,1
32,144661,1
32,144788,1
32,144915,1
32,145203,1
32,147133,1
32,147628,1
32,147830,11
32,147982,1
32,148306,1
32,149885,1
32,149948,1
32,149993,1
32,150034,1
32,150482,1
32,150800,1
32,156077,2
32,156577,1
32,157762,1
32,157798,1
32,158149,1
32,160068,1
32,161287,1
32,163232,1
32,163503,1
32,166779,1
32,167074,1
32,167116,2
32,167414,10
32,168294,1
32,169223,2
32,173077,1
32,173733,1
32,174886,5
32,178323,2
32,723028,2
32,983258,2
32,985170,4
32,985172,124
32,1097330,1
32,1114113,2324329
46,9,597
46,32,4324908
46,33,142
46,34,27228
46,35,89
46,36,37
46,37,24
46,38,27
46,39,4311
46,40,20581
46,41,39225
46,42,120
46,43,29
46,44,9742
46,45,1216
46,46,142956
46,47,622
46,48,149610
46,49,93661
46,50,59190
46,51,35796
46,52,25717
46,53,40255
46,54,22924
46,55,23546
46,56,21704
46,57,21162
46,58,2303
46,59,1371
46,60,914
46,61,8
46,62,436
46,63,193
46,64,18
46,65,4897
46,66,2848
46,67,7563
46,68,3857
46,69,3373
46,70,1429
46,71,2020
46,72,1456
46,73,2721
46,74,1844
46,75,1899
46,76,1860
46,77,3163
46,78,1683
46,79,2963
46,80,2617
46,81,111
46,82,2093
46,83,7204
46,84,3919
46,85,562
46,86,1142
46,87,1711
46,88,259
46,89,687
46,90,318
46,91,828
46,92,44
46,93,832
46,94,64
46,95,93
46,96,25
46,97,4045
46,98,1035
46,99,19077
46,100,2785
46,101,2368
46,102,1212
46,103,2333
46,104,3380
46,105,1859
46,106,1441
46,107,3585
46,108,950
46,109,1791
46,110,4332
46,111,7115
46,112,2225
46,113,53
46,114,1143
46,115,2103
46,116,1438
46,117,1127
46,118,588
46,119,855
46,120,634
46,121,594
46,122,162
46,123,54
46,124,89
46,125,115
46,126,1565
46,127,2
46,160,10814
46,161,1
46,164,1
46,167,1
46,171,2
46,173,4
46,176,5
46,178,3
46,183,23
46,185,3
46,186,1
46,187,10
46,193,1
46,198,1
46,214,1
46,215,8
46,216,1
46,223,1
46,224,1
46,231,4
46,233,1
46,272,5
46,331,1
46,350,3
46,594,2
46,596,1
46,598,1
46,601,3
46,609,1
46,618,2
46,626,2
46,638,1
46,641,10
46,643,1
46,650,1
46,676,1
46,700,1
46,712,3
46,716,2
46,720,1
46,733,2
46,913,4
46,915,1
46,916,4
46,918,1
46,922,3
46,923,2
46,927,4
46,928,1
46,931,3
46,932,1
46,934,1
46,937,1
46,947,1
46,948,7
46,952,1
46,1040,22
46,1041,5
46,1042,18
46,1043,24
46,1044,3
46,1046,1
46,1047,1
46,1048,18
46,1050,10
46,1051,5
46,1052,32
46,1053,5
46,1054,4
46,1055,10
46,1056,9
46,1057,18
46,1058,3
46,1060,6
46,1062,1
46,1063,4
46,1069,1
46,1071,9
46,1072,2
46,1074,1
46,1080,1
46,1087,1
46,1088,6
46,1090,1
46,1091,2
46,1093,1
46,1377,1
46,1385,1
46,1497,1
46,1508,1
46,1511,1
46,1575,1
46,1576,1
46,1578,1
46,1580,2
46,1583,2
46,1592,1
46,1593,1
46,1604,1
46,1605,1
46,1816,1
46,2309,1
46,2349,2
46,2477,2
46,2605,1
46,2861,1
46,2951,1
46,2970,1
46,3245,1
46,3373,1
46,3585,1
46,3586,2
46,3588,1
46,3604,2
46,3608,1
46,3610,1
46,3611,2
46,3614,2
46,3624,4
46,3626,4
46,3627,1
46,3648,2
46,3652,1
46,6039,1
46,6040,1
46,7844,1
46,8200,6
46,8201,18
46,8202,31
46,8203,1
46,8204,1
46,8205,2
46,8208,1
46,8211,344
46,8212,67
46,8213,6
46,8216,111
46,8217,942
46,8220,300
46,8221,8138
46,8222,3
46,8224,77
46,8226,11
46,8230,52
46,8232,2
46,8239,15
46,8242,1
46,8243,1
46,8250,1
46,8251,12
46,8288,3
46,8364,1
46,8451,2
46,8470,1
46,8544,2
46,8545,5
46,8550,2
46,8593,3
46,8594,13
46,8629,3
46,8722,2
46,8734,11
46,8764,39
46,8776,1
46,8786,1
46,8810,3
46,9312,5
46,9313,5
46,9314,4
46,9315,3
46,9316,2
46,9317,4
46,9472,1
46,9632,2
46,9654,2
46,9675,7
46,9678,2
46,9702,15
46,9711,2
46,9731,1
46,9733,84
46,9734,13
46,9756,1
46,9758,1
46,9829,1
46,9834,5
46,9992,2
46,10017,1
46,10047,1
46,10048,1
46,10078,1
46,10218,1
46,10240,3
46,12288,114
46,12289,46
46,12290,242
46,12291,1
46,12296,128
46,12297,602
46,12298,418
46,12299,1426
46,12300,345
46,12301,538
46,12302,2587
46,12303,174
46,12304,8
46,12305,15
46,12308,6
46,12309,4
46,12316,27
46,12354,2
46,12358,1
46,12362,2
46,12367,1
46,12371,3
46,12377,2
46,12383,2
46,12385,2
46,12394,2
46,12395,7
46,12396,2
46,12397,8
46,12398,13
46,12414,1
46,12415,1
46,12424,1
46,12427,1
46,12431,3
46,12434,1
46,12435,1
46,12450,3
46,12452,3
46,12454,3
46,12458,1
46,12459,1
46,12463,4
46,12464,1
46,12465,1
46,12467,6
46,12469,5
46,12471,3
46,12472,1
46,12475,1
46,12477,1
46,12480,1
46,12481,1
46,12484,1
46,12487,3
46,12488,3
46,12490,1
46,12495,1
46,12497,1
46,12499,1
46,12501,2
46,12502,2
46,12503,1
46,12510,1
46,12512,1
46,12513,5
46,12521,3
46,12522,1
46,12524,5
46,12525,2
46,12539,4
46,12540,4
46,12593,1
46,12596,2
46,12599,7
46,12600,1
46,12609,2
46,12610,2
46,12615,3
46,12616,3
46,12619,4
46,12620,1
46,12621,2
46,12622,1
46,12625,1
46,12627,1
46,12636,2
46,12640,1
46,12641,6
46,12643,4
46,12644,1
46,12685,3
46,13202,1
46,19968,3
46,19977,2
46,19990,1
46,19993,1
46,19996,1
46,20013,5
46,20035,1
46,20037,1
46,20043,2
46,20057,2
46,20061,1
46,20094,1
46,20108,1
46,20116,1
46,20122,1
46,20140,1
46,20170,1
46,20182,1
46,20197,1
46,20250,2
46,20304,3
46,20320,5
46,20381,1
46,20489,1
46,20491,1
46,20523,1
46,20613,1
46,20659,1
46,20693,1
46,20803,2
46,20809,1
46,20840,1
46,20843,1
46,20844,4
46,20849,2
46,20889,2
46,20919,1
46,20964,1
46,21021,5
46,21029,1
46,21051,7
46,21069,1
46,21329,1
46,21335,3
46,21338,1
46,21380,1
46,21451,1
46,21453,40
46,21494,1
46,21507,1
46,21512,40
46,21519,1
46,21531,1
46,21776,1
46,21916,1
46,22235,1
46,22303,1
46,22320,1
46,22369,1
46,22519,1
46,22528,2
46,22577,1
46,22812,1
46,22823,4
46,22825,3
46,22826,1
46,22909,4
46,22914,1
46,22937,1
46,23041,1
46,23043,1
46,23416,1
46,23433,1
46,23569,1
46,23609,1
46,23653,1
46,23798,1
46,23828,1
46,24049,1
46,24066,1
46,24067,1
46,24076,1
46,24179,1
46,24180,2
46,24191,1
46,24310,2
46,24378,1
46,24425,1
46,24489,2
46,24651,2
46,24801,2
46,24859,4
46,24863,2
46,24927,1
46,24931,1
46,24977,1
46,25033,1
46,25088,1
46,25104,1
46,25105,1
46,25144,1
46,25152,1
46,25509,1
46,25771,1
46,25903,1
46,25910,1
46,25925,2
46,25934,1
46,25991,3
46,26012,1
46,26032,3
46,26085,7
46,26087,1
46,26126,2
46,26143,2
46,26149,2
46,26159,1
46,26223,3
46,26234,1
46,26376,2
46,26410,1
46,26412,1
46,26446,2
46,26481,4
46,26611,1
46,26704,1
46,26862,1
46,26976,1
46,27442,1
46,27491,1
46,27494,1
46,27665,2
46,27704,1
46,27712,2
46,27743,1
46,27784,1
46,27827,1
46,27874,1
46,27888,1
46,27993,1
46,28096,2
46,28122,1
46,28129,1
46,28152,1
46,28201,1
46,28205,3
46,28415,1
46,29141,1
46,29233,1
46,29483,2
46,29579,1
46,29664,2
46,29694,10
46,29747,1
46,29748,1
46,29802,1
46,29976,1
46,29980,1
46,29983,1
46,30000,2
46,30001,2
46,30007,1
46,30333,1
46,30343,1
46,30446,1
46,30799,3
46,31038,1
46,31085,1
46,31169,1
46,31435,1
46,31478,1
46,31481,1
46,31934,1
46,32004,1
46,32043,2
46,32068,2
46,32147,1
46,32207,1
46,32232,1
46,32340,1
46,32463,1
46,32654,2
46,32701,1
46,32722,1
46,32882,1
46,32972,1
46,33258,1
46,33287,1
46,33457,1
46,33590,1
46,34276,1
46,34367,1
46,34425,2
46,34662,1
46,34722,1
46,34909,1
46,35199,1
46,35211,1
46,35352,1
46,35388,5
46,35501,8
46,36817,1
46,36861,2
46,36914,1
46,36984,1
46,37165,1
46,37197,1
46,37329,7
46,37670,1
46,38043,2
46,38737,1
46,38867,3
46,38899,1
46,39740,1
46,40065,1
46,40179,1
46,40629,1
46,40644,1
46,44032,560
46,44033,65
46,44036,45
46,44040,24
46,44048,54
46,44049,12
46,44051,3
46,44053,87
46,44057,72
46,44060,184
46,44061,7
46,44068,5
46,44076,1
46,44079,1
46,44088,1
46,44092,1
46,44144,62
46,44145,1
46,44148,55
46,44152,13
46,44160,45
46,44169,5
46,44172,81
46,44176,6
46,44180,1
46,44188,1
46,44200,22
46,44201,4
46,44204,7
46,44208,102
46,44216,1
46,44221,212
46,44228,87
46,44256,483
46,44257,22
46,44260,7
46,44263,9
46,44264,17
46,44272,3
46,44273,1
46,44277,201
46,44278,1
46,44284,135
46,44285,3
46,44288,63
46,44292,1
46,44305,58
46,44312,1
46,44316,1
46,44340,10
46,44341,1
46,44361,7
46,44368,65
46,44396,153
46,44397,157
46,44400,75
46,44403,4
46,44404,6
46,44415,3
46,44417,18
46,44428,15
46,44452,1
46,44480,23
46,44508,16
46,44512,1
46,44536,2528
46,44537,19
46,44540,23
46,44544,23
46,44552,44
46,44553,8
46,44557,1
46,44592,325
46,44596,8
46,44600,24
46,44608,259
46,44609,1
46,44618,2
46,44620,68
46,44622,1
46,44636,1
46,44641,2
46,44648,5
46,44669,3
46,44749,2
46,44760,1
46,44844,6
46,44860,1
46,44865,1
46,44867,19
46,44900,3
46,44984,2
46,45000,11
46,45124,1
46,45139,3
46,45140,1
46,45149,12
46,45180,1
46,45208,305
46,45209,9
46,45210,3
46,45212,22
46,45216,14
46,45224,157
46,45225,3
46,45227,2
46,45229,2
46,45230,4
46,45231,2
46,45233,1
46,45236,84
46,45257,7
46,45264,1
46,45285,1
46,45320,29
46,45323,1
46,45324,4
46,45328,1
46,45331,7
46,45341,1
46,45348,49
46,45349,2
46,45356,2
46,45365,1
46,45367,25
46,45376,5
46,45380,8
46,45397,1
46,45432,86
46,45433,5
46,45436,11
46,45440,12
46,45453,43
46,45458,9
46,45516,4
46,45572,35
46,45576,22
46,45580,1
46,45684,52
46,45712,8
46,45713,2
46,45716,540
46,45720,8
46,45733,35
46,45738,1
46,45748,1
46,45768,66
46,45769,2
46,45772,9
46,45776,3
46,45784,1
46,45787,10
46,45796,363
46,45797,9
46,45798,1
46,45800,97
46,45803,1
46,45804,20
46,45812,9
46,45813,4
46,45815,3
46,45817,176
46,45824,355
46,45828,7
46,45840,1
46,45843,2
46,45908,57
46,45909,28
46,45912,4
46,45916,5
46,45924,4
46,45927,73
46,45929,2
46,45936,67
46,45940,9
46,45944,3
46,45957,1
46,45996,1
46,46020,212
46,46021,78
46,46024,6
46,46028,18
46,46036,2
46,46039,1
46,46041,214
46,46043,1
46,46076,4
46,46096,1
46,46104,8
46,46108,3
46,46112,1
46,46160,89
46,46164,5
46,46168,14
46,46176,2
46,46181,3
46,46244,13
46,46263,4
46,46272,18
46,46276,1
46,46300,76
46,46304,4
46,46307,8
46,46308,10
46,46321,49
46,46356,81
46,46357,4
46,46360,2
46,46364,4
46,46373,1
46,46384,77
46,46385,5
46,46388,2
46,46392,6
46,46405,8
46,46412,12
46,46433,1
46,46496,2
46,46497,2
46,46504,1
46,46608,932
46,46609,5
46,46629,6
46,46748,4
46,46832,5
46,46888,2
46,46896,1
46,46944,1
46,46965,1
46,46972,401
46,46973,4
46,46976,10
46,46980,2
46,46988,4
46,46993,4
46,47000,6
46,47004,4
46,47008,2
46,47017,3
46,47021,3
46,47049,1
46,47084,52
46,47085,4
46,47088,5
46,47112,113
46,47113,63
46,47116,3
46,47131,1
46,47140,4
46,47144,1
46,47156,1
46,47172,1
46,47196,456
46,47197,9
46,47200,5
46,47204,10
46,47212,1
46,47213,1
46,47215,19
46,47217,4
46,47280,2
46,47308,3
46,47329,1
46,47336,81
46,47340,1
46,47344,5
46,47448,11
46,47476,17
46,47484,670
46,47492,1
46,47532,159
46,47533,4
46,47536,12
46,47540,12
46,47548,1
46,47549,1
46,47551,2
46,47553,14
46,47560,326
46,47561,10
46,47564,84
46,47566,18
46,47568,40
46,47569,1
46,47576,1
46,47577,1
46,47579,2
46,47581,13
46,47582,3
46,47588,59
46,47589,43
46,47592,8
46,47596,1
46,47604,1
46,47605,1
46,47609,4
46,47672,49
46,47673,5
46,47676,7
46,47680,3
46,47700,84
46,47701,5
46,47704,2
46,47708,8
46,47716,16
46,47728,7
46,47729,1
46,47732,36
46,47736,6
46,47749,50
46,47751,22
46,47784,138
46,47785,36
46,47788,5
46,47792,12
46,47800,23
46,47803,3
46,47805,6
46,47868,2
46,47896,3
46,47924,146
46,47925,1
46,47928,88
46,47932,52
46,47945,1
46,47952,5
46,48012,2
46,48036,15
46,48044,2
46,48120,298
46,48121,3
46,48124,62
46,48127,2
46,48128,20
46,48136,2
46,48141,1
46,48143,4
46,48145,1
46,48148,161
46,48149,116
46,48150,3
46,48152,170
46,48155,2
46,48156,46
46,48157,1
46,48159,2
46,48164,14
46,48165,1
46,48167,2
46,48169,65
46,48173,2
46,48176,54
46,48177,44
46,48180,11
46,48192,1
46,48195,1
46,48197,1
46,48223,1
46,48260,44
46,48264,17
46,48268,7
46,48276,14
46,48277,34
46,48279,3
46,48282,1
46,48288,65
46,48289,8
46,48292,12
46,48296,15
46,48307,2
46,48316,2
46,48317,7
46,48320,24
46,48324,20
46,48337,24
46,48372,153
46,48373,36
46,48376,89
46,48380,11
46,48388,8
46,48393,20
46,48400,1
46,48420,2
46,48464,2
46,48512,215
46,48513,82
46,48516,35
46,48520,48
46,48521,9
46,48528,4
46,48531,1
46,48537,1
46,48596,1
46,48624,2
46,48652,80
46,48660,36
46,48708,178
46,48709,18
46,48712,14
46,48716,18
46,48724,1
46,48729,9
46,48731,12
46,48736,6
46,48744,5
46,48757,9
46,48764,3
46,48768,1
46,48772,1
46,48848,2
46,48852,1
46,48904,1
46,48960,1
46,49100,4
46,49104,10
46,49121,1
46,49296,2
46,49324,457
46,49328,65
46,49332,12
46,49334,2
46,49340,57
46,49341,5
46,49345,154
46,49352,43
46,49353,7
46,49356,8
46,49368,5
46,49373,66
46,49380,26
46,49397,1
46,49399,1
46,49401,1
46,49408,3
46,49436,280
46,49437,22
46,49440,101
46,49444,33
46,49452,20
46,49453,4
46,49457,152
46,49464,178
46,49468,14
46,49472,14
46,49483,7
46,49492,5
46,49496,1
46,49520,8
46,49528,1
46,49548,173
46,49549,11
46,49552,31
46,49556,18
46,49567,1
46,49569,40
46,49604,3
46,49632,6
46,49660,23
46,49679,2
46,49688,169
46,49689,9
46,49692,23
46,49695,1
46,49696,2
46,49704,5
46,49707,3
46,49709,5
46,49714,1
46,49744,5
46,49772,1
46,49780,3
46,49789,4
46,49800,42
46,49808,4
46,49828,304
46,49836,23
46,49845,5
46,49849,30
46,49884,285
46,49885,43
46,49888,196
46,49892,83
46,49899,6
46,49900,48
46,49901,7
46,49905,22
46,49910,1
46,49912,4
46,49916,1
46,49920,1
46,49928,1
46,49933,9
46,50028,5
46,50136,3
46,50157,1
46,50416,16
46,50420,1
46,50424,1
46,50472,36
46,50489,1
46,50500,636
46,50501,14
46,50504,107
46,50506,4
46,50508,78
46,50516,16
46,50517,6
46,50519,1
46,50521,9
46,50526,15
46,50528,67
46,50529,7
46,50532,9
46,50536,26
46,50556,62
46,50557,37
46,50560,3
46,50564,2
46,50572,1
46,50577,71
46,50584,4
46,50612,170
46,50613,5
46,50616,30
46,50620,31
46,50628,15
46,50629,10
46,50630,1
46,50632,2
46,50633,2
46,50640,1526
46,50641,11
46,50644,49
46,50648,36
46,50656,7
46,50659,1
46,50668,269
46,50669,62
46,50670,1
46,50672,145
46,50676,30
46,50684,16
46,50685,2
46,50687,1
46,50688,17
46,50689,159
46,50694,4
46,50696,162
46,50700,1
46,50704,2
46,50715,19
46,50724,341
46,50725,25
46,50728,19
46,50732,74
46,50734,1
46,50740,5
46,50741,8
46,50743,1
46,50745,7
46,50752,327
46,50753,1
46,50756,30
46,50760,1
46,50771,1
46,50773,19
46,50780,16
46,50784,3
46,50808,64
46,50812,11
46,50836,98
46,50837,5
46,50840,1
46,50853,1
46,50855,1
46,50857,27
46,50864,197
46,50865,1
46,50868,54
46,50872,21
46,50880,1
46,50883,11
46,50885,7
46,50892,21
46,50896,111
46,50900,36
46,50911,1
46,50920,16
46,50924,1
46,50928,4
46,50937,3
46,50948,91
46,50952,15
46,50956,15
46,50967,3
46,50969,3
46,50976,234
46,50977,25
46,50980,71
46,50984,3
46,50997,9
46,51004,57
46,51008,138
46,51012,79
46,51020,38
46,51021,3
46,51025,7
46,51032,1696
46,51060,3030
46,51061,11
46,51064,286
46,51068,418
46,51076,70
46,51077,34
46,51079,2
46,51080,5
46,51081,9
46,51082,3
46,51086,7
46,51088,238
46,51089,81
46,51092,9
46,51096,9
46,51104,18
46,51105,5
46,51107,1
46,51109,118
46,51110,1
46,51116,66
46,51117,11
46,51135,1
46,51137,1
46,51144,5
46,51200,64
46,51201,28
46,51204,349
46,51208,14
46,51210,3
46,51216,10
46,51217,4
46,51221,257
46,51222,5
46,51228,316
46,51229,3
46,51232,3
46,51236,31
46,51244,1
46,51245,1
46,51312,262
46,51313,2
46,51316,18
46,51320,5
46,51328,8
46,51333,133
46,51339,13
46,51340,12
46,51396,4
46,51424,3
46,51452,240
46,51453,14
46,51456,21
46,51460,9
46,51468,9
46,51473,265
46,51536,5
46,51564,7
46,51592,5
46,51593,68
46,51600,1
46,51613,17
46,51648,348
46,51649,29
46,51652,95
46,51656,8
46,51664,3
46,51665,31
46,51669,4
46,51673,2
46,51676,1
46,51677,2
46,51684,1
46,51687,1
46,51697,9
46,51732,1
46,51753,1
46,51788,1
46,51900,1
46,51901,2
46,51916,1
46,52236,1
46,52244,1
46,52264,60
46,52265,6
46,52268,8
46,52272,6
46,52280,51
46,52285,45
46,52286,2
46,52292,17
46,52293,13
46,52296,1
46,52308,4
46,52309,1
46,52313,1
46,52320,1
46,52376,57
46,52377,3
46,52380,55
46,52384,29
46,52392,2
46,52395,42
46,52397,57
46,52404,38
46,52408,1
46,52412,1
46,52425,1
46,52488,93
46,52489,3
46,52492,7
46,52496,1
46,52509,43
46,52524,3
46,52572,157
46,52600,1
46,52628,34
46,52629,18
46,52632,6
46,52636,46
46,52644,3
46,52649,43
46,52712,17
46,52740,2
46,52768,12
46,52769,4
46,52824,27
46,52828,38
46,52832,17
46,52840,11
46,52841,2
46,52843,1
46,52845,10
46,52852,162
46,52856,6
46,52860,16
46,52880,45
46,52884,1
46,52888,5
46,52896,5
46,52897,4
46,52901,1
46,52908,1
46,52964,27
46,52968,9
46,52972,8
46,52980,18
46,52981,1
46,52992,43
46,52996,4
46,53000,10
46,53076,126
46,53077,1
46,53080,18
46,53084,19
46,53092,5
46,53093,22
46,53095,2
46,53097,10
46,53104,2
46,53132,2
46,53160,1
46,53188,4
46,53192,2
46,53216,42
46,53217,4
46,53220,2
46,53224,3
46,53244,2
46,53300,2
46,53304,11
46,53308,1
46,53328,7
46,53336,1
46,53356,79
46,53360,6
46,53364,29
46,53412,84
46,53413,1
46,53416,3
46,53420,3
46,53428,4
46,53431,4
46,53433,10
46,53440,104
46,53441,2
46,53444,13
46,53448,11
46,53456,7
46,53457,17
46,53461,1
46,53468,82
46,53469,2
46,53476,1
46,53489,2
46,53552,18
46,53553,6
46,53568,1
46,53573,1
46,53580,29
46,53581,3
46,53584,4
46,53588,21
46,53596,3
46,53599,1
46,53640,1
46,53664,84
46,53665,2
46,53672,6
46,53680,6
46,53685,65
46,53748,6
46,53804,51
46,53805,1
46,53808,1
46,53812,2
46,53820,1
46,53888,3
46,53916,4
46,53924,3
46,53944,52
46,53945,168
46,53948,1
46,54000,28
46,54008,3
46,54016,31
46,54028,111
46,54032,24
46,54036,26
46,54045,5
46,54047,4
46,54049,1
46,54056,21
46,54057,2
46,54060,9
46,54075,1
46,54077,1
46,54140,15
46,54144,1
46,54148,1
46,54156,4
46,54161,4
46,54168,45
46,54169,1
46,54172,10
46,54176,5
46,54185,2
46,54189,3
46,54200,70
46,54217,68
46,54224,18
46,54252,96
46,54253,16
46,54256,5
46,54260,14
46,54268,1
46,54364,24
46,54392,16
46,54393,2
46,54400,3
46,54408,6
46,54411,2
46,54413,15
46,54504,4
46,54532,167
46,54540,44
46,54545,1
46,54588,105
46,54589,5
46,54592,4
46,54596,52
46,54609,3
46,54616,735
46,54617,93
46,54620,424
46,54624,10
46,54632,26
46,54633,37
46,54635,3
46,54637,31
46,54644,136
46,54645,8
46,54648,4
46,54652,1
46,54660,2
46,54664,7
46,54665,42
46,54693,27
46,54700,1
46,54728,56
46,54732,11
46,54736,1
46,54756,36
46,54757,2
46,54760,8
46,54764,9
46,54772,1
46,54784,1
46,54785,8
46,54788,387
46,54792,19
46,54800,2
46,54801,9
46,54805,33
46,54812,8
46,54840,123
46,54841,9
46,54844,10
46,54848,17
46,54856,19
46,54857,2
46,54859,3
46,54861,45
46,54868,93
46,54869,61
46,54872,33
46,54876,13
46,54889,38
46,54897,1
46,54924,32
46,54925,45
46,54945,2
46,54952,20
46,54980,155
46,54984,9
46,54988,3
46,54999,6
46,55016,1
46,55064,7
46,55092,17
46,55113,2
46,55121,8
46,55124,19
46,55128,1
46,55129,1
46,55136,2
46,55137,2
46,55141,14
46,55145,1
46,55148,12
46,55152,4
46,55176,56
46,55180,2
46,55184,15
46,55192,7
46,55193,2
46,55195,1
46,61440,1
46,61950,3
46,65281,1
46,65287,1
46,65288,127
46,65289,172
46,65292,3
46,65293,4
46,65295,1
46,65305,1
46,65306,58
46,65307,7
46,65308,1
46,65309,1
46,65310,2
46,65311,5
46,65313,1
46,65315,1
46,65316,1
46,65317,1
46,65321,1
46,65324,1
46,65325,1
46,65330,1
46,65331,1
46,65332,3
46,65339,1
46,65341,1
46,65343,2
46,65357,2
46,65372,1
46,65374,28
46,65377,2
46,65379,5
46,65381,2
46,65440,1
46,65532,1
46,65533,1
46,127755,1
46,127932,1
46,128171,1
46,1114113,2943199
45796,9,15
45796,32,285255
45796,33,5050
45796,34,40282
45796,35,1
45796,37,1
45796,38,17
45796,39,11865
45796,40,29427
45796,41,22067
45796,42,13
45796,43,13
45796,44,13205
45796,45,684
45796,46,6405397
45796,47,350
45796,48,6
45796,49,122
45796,50,218
45796,51,90
45796,52,59
45796,53,72
45796,54,48
45796,55,22
45796,56,30
45796,57,41
45796,58,11382
45796,59,1878
45796,60,48
45796,61,9
45796,62,2261
45796,63,438
45796,64,1
45796,65,5
45796,66,4
45796,67,8
45796,68,5
45796,70,4
45796,71,6
45796,72,1
45796,73,6
45796,74,1
45796,75,2
45796,76,3
45796,77,6
45796,78,2
45796,79,6
45796,80,2
45796,81,4
45796,82,4
45796,83,8
45796,84,14
45796,85,1
45796,86,3
45796,88,7
45796,89,1
45796,91,747
45796,92,11
45796,93,495
45796,94,3
45796,95,35
45796,96,39
45796,97,4
45796,98,4
45796,99,2
45796,100,2
45796,101,1
45796,103,1
45796,104,7
45796,105,6
45796,106,1
45796,107,2
45796,108,1
45796,109,1
45796,112,1
45796,114,4
45796,115,3
45796,116,4
45796,119,2
45796,120,4
45796,121,2
45796,123,8
45796,124,39
45796,125,13
45796,126,450
45796,160,176
45796,180,1
45796,183,297
45796,185,2
45796,187,15
45796,215,3
45796,720,16
45796,733,1
45796,1055,1
45796,1084,1
45796,1086,1
45796,1090,1
45796,4355,15
45796,4357,21
45796,4358,30
45796,4361,59
45796,4363,1
45796,4370,16
45796,4372,1
45796,4510,1
45796,4592,27
45796,8211,4
45796,8212,57
45796,8213,55
45796,8216,27
45796,8217,3922
45796,8220,86
45796,8221,12151
45796,8224,3
45796,8226,1
45796,8228,1
45796,8230,296
45796,8232,1
45796,8242,1
45796,8243,3
45796,8251,1
45796,8273,1
45796,8544,1
45796,8545,3
45796,8594,17
45796,8658,2
45796,8660,1
45796,8722,3
45796,8764,6
45796,8811,87
45796,9312,1
45796,9313,1
45796,9314,4
45796,9317,1
45796,9321,1
45796,9322,2
45796,9472,3
45796,9473,2
45796,9475,1
45796,9678,1
45796,9679,4
45796,9733,2
45796,9734,6
45796,9737,1
45796,9792,8
45796,9825,4
45796,9829,6
45796,9834,33
45796,10217,1
45796,10219,5
45796,12288,9
45796,12289,6
45796,12290,140
45796,12296,4
45796,12297,1791
45796,12298,25
45796,12299,17157
45796,12300,8
45796,12301,2204
45796,12302,7
45796,12303,474
45796,12305,3
45796,12308,30
45796,12309,15
45796,12316,12
45796,12398,1
45796,12539,47
45796,12540,6
45796,12593,1
45796,12596,1
45796,12613,1
45796,12615,1
45796,12619,1
45796,12623,2
45796,12627,1
45796,12631,1
45796,12640,1
45796,12641,5
45796,12643,3
45796,12685,14
45796,12828,1
45796,19977,1
45796,20013,1
45796,20108,1
45796,20234,1
45796,20449,1
45796,20809,1
45796,20986,1
45796,21322,1
45796,21338,1
45796,21513,1
45796,22522,1
45796,22812,12
45796,22885,1
45796,23447,1
45796,23637,4
45796,24441,1
45796,24799,1
45796,24859,1
45796,25104,1
45796,26757,4
45796,27468,1
45796,29234,1
45796,30410,1
45796,30707,1
45796,31038,1
45796,31070,1
45796,31168,1
45796,31478,1
45796,32645,1
45796,32681,1
45796,35199,1
45796,35328,1
45796,35387,1
45796,35874,1
45796,36275,1
45796,36335,1
45796,36557,3
45796,37325,1
45796,37326,1
45796,40658,1
45796,40665,1
45796,40845,1
45796,44032,89851
45796,44033,1764
45796,44036,329
45796,44040,100
45796,44048,188
45796,44050,1
45796,44051,4
45796,44052,174
45796,44053,239
45796,44057,228
45796,44060,114
45796,44061,24
45796,44068,2
45796,44079,1
45796,44092,1
45796,44096,1
45796,44144,1576
45796,44148,18
45796,44152,5
45796,44160,3
45796,44172,419
45796,44176,40
45796,44191,7
45796,44192,1
45796,44201,2
45796,44202,1
45796,44204,3
45796,44208,32
45796,44216,8
45796,44221,334
45796,44228,547
45796,44256,206418
45796,44257,26
45796,44260,118
45796,44264,149
45796,44272,28
45796,44277,501
45796,44278,3
45796,44284,190
45796,44285,5
45796,44288,163
45796,44305,10
45796,44340,45
45796,44361,2
45796,44368,85
45796,44396,1655
45796,44397,2613
45796,44400,1549
45796,44404,13
45796,44412,5
45796,44413,49
45796,44415,3
45796,44417,16
45796,44424,3
45796,44428,4
45796,44452,1
45796,44480,96
45796,44488,1
45796,44508,6
45796,44512,14
45796,44536,773
45796,44537,47
45796,44540,6
45796,44544,62
45796,44545,1
45796,44552,28
45796,44553,282
45796,44592,1572
45796,44596,6
45796,44600,26
45796,44608,2
45796,44620,175
45796,44621,1
45796,44641,2
45796,44648,3
45796,44652,1
45796,44732,27
45796,44748,1
45796,44760,9
45796,44844,5
45796,44845,1
45796,44848,1
45796,44866,5
45796,44867,4
45796,44928,1
45796,44984,4
45796,44988,3
45796,44992,1
45796,45000,7
45796,45033,2
45796,45124,10
45796,45132,2
45796,45149,9
45796,45180,9
45796,45208,7885
45796,45209,2
45796,45210,38
45796,45212,103
45796,45216,77
45796,45224,93
45796,45227,1
45796,45228,1
45796,45229,789
45796,45231,1
45796,45236,12
45796,45244,1
45796,45252,1
45796,45256,1
45796,45264,87
45796,45268,9
45796,45285,88
45796,45320,15
45796,45324,211
45796,45328,10
45796,45336,2
45796,45339,1
45796,45348,1405
45796,45349,4
45796,45352,11
45796,45356,236
45796,45367,2
45796,45376,2868
45796,45380,362
45796,45392,1
45796,45396,4284
45796,45397,5
45796,45404,2
45796,45432,2586
45796,45433,1
45796,45436,49
45796,45440,6
45796,45449,13
45796,45453,21
45796,45459,39
45796,45460,2
45796,45480,1
45796,45516,4
45796,45544,36
45796,45552,14
45796,45572,862
45796,45576,12
45796,45588,3
45796,45656,1
45796,45660,1
45796,45684,849
45796,45685,7
45796,45700,1
45796,45712,50
45796,45713,9
45796,45716,183216
45796,45720,1
45796,45733,398
45796,45734,3
45796,45768,22052
45796,45769,2
45796,45772,2301
45796,45776,1632
45796,45784,64
45796,45785,6
45796,45787,1
45796,45789,10
45796,45793,1
45796,45796,7810
45796,45797,83
45796,45800,847
45796,45804,91
45796,45805,3
45796,45806,1
45796,45812,14
45796,45813,12
45796,45815,2
45796,45817,847
45796,45824,1106
45796,45828,3
45796,45832,1
45796,45840,3
45796,45844,2
45796,45845,1
45796,45908,69
45796,45909,5
45796,45912,440
45796,45924,1
45796,45929,1
45796,45934,2
45796,45936,127
45796,45940,29
45796,45944,19
45796,45953,7
45796,45955,1
45796,45996,2
45796,46020,5545
45796,46021,105
45796,46024,6
45796,46027,1
45796,46028,13
45796,46041,103
45796,46076,4
45796,46096,2
45796,46104,40
45796,46108,11
45796,46160,121
45796,46164,3
45796,46168,8
45796,46181,33
45796,46183,1
45796,46272,4
45796,46300,5974
45796,46301,1395
45796,46304,771
45796,46307,2
45796,46308,347
45796,46310,1
45796,46316,1717
45796,46317,1
45796,46319,1
45796,46321,25
45796,46356,294
45796,46360,1
45796,46377,1
45796,46384,15
45796,46388,17
45796,46392,1
45796,46400,3
45796,46403,2
45796,46412,2
45796,46496,4
45796,46504,9
45796,46524,8
45796,46608,8
45796,46612,2
45796,46624,1
45796,46629,1
45796,46748,11
45796,46749,2
45796,46892,1
45796,46907,1
45796,46944,1
45796,46972,5578
45796,46973,504
45796,46976,4913
45796,46980,5
45796,46988,2774
45796,46989,2
45796,46991,1
45796,46992,265
45796,46993,423
45796,46999,176
45796,47000,278
45796,47001,3
45796,47004,11
45796,47017,8
45796,47021,62
45796,47028,17
45796,47029,1
45796,47032,1
45796,47049,1198
45796,47084,49
45796,47088,28
45796,47092,1
45796,47100,1
45796,47104,5
45796,47105,1
45796,47112,461
45796,47113,1
45796,47116,169
45796,47120,54
45796,47128,2
45796,47131,6
45796,47140,845
45796,47144,61
45796,47160,699
45796,47161,39
45796,47168,85
45796,47172,969
45796,47196,4642
45796,47197,12
45796,47200,72
45796,47204,3
45796,47212,25
45796,47213,273
45796,47215,7
45796,47217,49
45796,47280,1
45796,47308,8
45796,47336,13339
45796,47337,15
45796,47340,6233
45796,47344,1132
45796,47352,99
45796,47353,9
45796,47355,1
45796,47357,10
45796,47364,702
45796,47384,555
45796,47420,1
45796,47448,71
45796,47449,1
45796,47452,9
45796,47456,1
45796,47464,1
45796,47469,1
45796,47476,27090
45796,47480,183087
45796,47484,6687
45796,47492,2379
45796,47493,36
45796,47497,3
45796,47504,1
45796,47532,28811
45796,47533,7
45796,47536,1075
45796,47540,394
45796,47548,362
45796,47549,21
45796,47551,21
45796,47553,119
45796,47560,7765
45796,47561,11
45796,47564,15389
45796,47566,2
45796,47568,374
45796,47569,1
45796,47579,13
45796,47581,55
45796,47582,2
45796,47585,1
45796,47588,53
45796,47589,6
45796,47592,126
45796,47605,1
45796,47609,2
45796,47616,24
45796,47620,3
45796,47637,1
45796,47672,244
45796,47673,6
45796,47676,10
45796,47680,2
45796,47688,84
45796,47691,1
45796,47693,2
45796,47700,1954
45796,47701,2
45796,47704,81
45796,47708,100
45796,47719,4
45796,47721,8
45796,47728,8363
45796,47732,33821
45796,47736,1
45796,47749,8
45796,47784,1102
45796,47785,3508
45796,47788,227
45796,47792,10
45796,47800,15
45796,47801,1
45796,47803,106
45796,47805,24
45796,47896,9
45796,47924,1335
45796,47925,33
45796,47928,1598
45796,47932,315
45796,47949,2
45796,48008,2
45796,48036,4
45796,48064,9
45796,48068,3
45796,48072,2
45796,48080,1
45796,48083,1
45796,48120,2285
45796,48121,4
45796,48124,435
45796,48128,12
45796,48141,36
45796,48145,13
45796,48148,1510
45796,48149,34
45796,48150,2
45796,48152,228
45796,48155,1
45796,48156,4527
45796,48164,2
45796,48165,8
45796,48167,4
45796,48169,1499
45796,48173,1
45796,48176,69
45796,48177,1
45796,48180,20
45796,48184,1
45796,48192,290
45796,48225,1
45796,48260,85
45796,48264,263
45796,48268,17
45796,48276,2
45796,48277,28
45796,48279,1
45796,48281,1
45796,48288,218
45796,48289,2
45796,48292,20
45796,48296,31
45796,48307,2
45796,48316,3
45796,48317,5
45796,48320,413
45796,48324,11
45796,48335,2
45796,48337,8
45796,48341,2
45796,48344,10
45796,48348,1
45796,48372,3088
45796,48373,205
45796,48376,121
45796,48380,245
45796,48388,13
45796,48389,2
45796,48393,20
45796,48400,27
45796,48420,126
45796,48484,1
45796,48512,842
45796,48513,11
45796,48516,401
45796,48520,106
45796,48521,10
45796,48528,3
45796,48531,6
45796,48533,1
45796,48537,14
45796,48596,1
45796,48624,3
45796,48652,468
45796,48656,1
45796,48660,142
45796,48708,5054
45796,48709,3
45796,48712,951
45796,48716,121
45796,48724,2
45796,48727,15
45796,48729,38
45796,48731,6
45796,48736,4
45796,48757,35
45796,48960,1
45796,48964,3
45796,48976,1
45796,48981,1
45796,49104,14
45796,49296,1
45796,49324,1405
45796,49325,3
45796,49328,1514
45796,49332,16
45796,49333,1
45796,49340,13
45796,49341,3
45796,49343,6
45796,49345,127
45796,49352,189
45796,49353,126
45796,49368,9
45796,49373,77
45796,49380,169
45796,49384,17
45796,49401,7
45796,49408,3
45796,49436,65
45796,49437,44
45796,49440,417
45796,49444,20
45796,49452,107
45796,49453,9
45796,49455,11600
45796,49456,1
45796,49457,369
45796,49464,617
45796,49468,18
45796,49472,18
45796,49480,1
45796,49483,1
45796,49492,2
45796,49511,1
45796,49513,1
45796,49520,11
45796,49524,4
45796,49528,1
45796,49548,6026
45796,49549,73
45796,49552,32
45796,49556,200
45796,49564,399
45796,49569,86
45796,49597,2
45796,49632,35
45796,49660,100
45796,49688,20764
45796,49689,5
45796,49692,160
45796,49696,15
45796,49714,11
45796,49744,20
45796,49765,1
45796,49772,69
45796,49788,6
45796,49789,1
45796,49793,1
45796,49800,91
45796,49808,13
45796,49821,1
45796,49828,9548
45796,49832,7
45796,49836,187
45796,49844,3
45796,49845,201
45796,49847,2
45796,49849,945
45796,49884,89864
45796,49885,206
45796,49888,499
45796,49892,142
45796,49900,53
45796,49901,1
45796,49903,4
45796,49905,200
45796,49910,8
45796,49920,9
45796,49933,11
45796,49939,1
45796,50024,2
45796,50028,1
45796,50044,1
45796,50136,37
45796,50276,2
45796,50416,2624
45796,50420,8
45796,50472,544
45796,50476,1
45796,50500,674
45796,50501,118
45796,50504,192
45796,50506,9
45796,50508,39
45796,50516,40
45796,50517,75
45796,50521,17
45796,50528,64
45796,50529,49
45796,50532,2
45796,50545,1
45796,50556,1057
45796,50557,61
45796,50560,281
45796,50564,16
45796,50572,2
45796,50573,1
45796,50575,8
45796,50577,54219
45796,50583,1
45796,50584,1
45796,50612,572
45796,50616,210
45796,50620,7
45796,50629,7
45796,50630,2
45796,50632,3
45796,50633,2
45796,50640,11343
45796,50644,45
45796,50648,30
45796,50656,2
45796,50661,5
45796,50668,60
45796,50669,859
45796,50672,619
45796,50676,111
45796,50684,13
45796,50685,7
45796,50688,158
45796,50689,537
45796,50694,1
45796,50696,274
45796,50700,11
45796,50712,1
45796,50713,2
45796,50724,3645
45796,50725,22
45796,50728,211
45796,50732,103
45796,50739,2
45796,50740,5
45796,50745,13
45796,50752,5792
45796,50756,118
45796,50760,8
45796,50768,2
45796,50771,1
45796,50772,31
45796,50773,67
45796,50808,6
45796,50836,1312
45796,50837,6
45796,50840,1
45796,50857,321
45796,50864,4087
45796,50865,8
45796,50868,21734
45796,50872,280
45796,50880,2087
45796,50881,3
45796,50883,190
45796,50885,25
45796,50892,791
45796,50896,1051
45796,50900,82
45796,50911,1
45796,50912,203
45796,50920,115
45796,50924,9
45796,50928,32
45796,50937,3
45796,50948,240
45796,50952,1882
45796,50955,1
45796,50967,1222
45796,50976,451
45796,50977,205
45796,50980,70
45796,50984,39
45796,50997,9
45796,51004,32
45796,51005,3
45796,51008,593
45796,51012,21
45796,51020,186554
45796,51025,12
45796,51032,29976
45796,51060,79127
45796,51061,61
45796,51064,5163
45796,51068,579
45796,51075,2
45796,51076,1597
45796,51077,17
45796,51079,3
45796,51080,35
45796,51081,160
45796,51082,1
45796,51088,2511
45796,51089,202
45796,51092,56
45796,51094,1
45796,51096,2
45796,51104,2
45796,51105,99
45796,51109,563
45796,51116,344
45796,51137,88
45796,51144,8
45796,51200,2092
45796,51201,18
45796,51204,181
45796,51208,6
45796,51216,62
45796,51217,1
45796,51219,1
45796,51221,2255
45796,51228,314
45796,51232,3
45796,51236,1
45796,51247,3
45796,51256,395
45796,51276,425
45796,51312,151
45796,51313,129
45796,51316,4
45796,51320,389
45796,51328,1
45796,51329,1
45796,51333,175
45796,51339,5
45796,51340,4
45796,51361,1
45796,51367,1
45796,51424,1
45796,51445,1
45796,51452,5206
45796,51453,50
45796,51456,191
45796,51460,53
45796,51468,6
45796,51469,2
45796,51473,4309
45796,51480,47
45796,51500,14
45796,51536,305
45796,51540,6
45796,51564,6
45796,51592,190
45796,51593,4
45796,51600,48
45796,51609,8
45796,51613,100
45796,51648,4418
45796,51649,5
45796,51652,733
45796,51656,64
45796,51664,1084
45796,51665,6
45796,51669,16
45796,51676,50
45796,51677,5
45796,51697,10
45796,51732,2
45796,51753,3
45796,51788,1
45796,51901,52
45796,52040,11
45796,52180,11
45796,52236,68
45796,52240,1
45796,52252,1
45796,52264,325
45796,52265,1
45796,52268,2
45796,52272,1
45796,52280,3
45796,52284,2
45796,52285,36
45796,52286,5
45796,52292,952
45796,52293,3
45796,52320,1
45796,52376,276
45796,52377,1
45796,52380,88
45796,52384,9
45796,52392,5
45796,52393,6
45796,52397,33
45796,52404,73
45796,52408,15
45796,52423,1
45796,52432,371
45796,52452,544
45796,52464,1
45796,52488,97
45796,52492,2493
45796,52496,9
45796,52507,1
45796,52509,11
45796,52520,14
45796,52572,1
45796,52600,28
45796,52628,25
45796,52629,49
45796,52632,11
45796,52636,148
45796,52649,5
45796,52712,4
45796,52768,255
45796,52769,42
45796,52789,350
45796,52824,4244
45796,52828,422
45796,52832,90
45796,52840,12
45796,52845,107
45796,52852,28666
45796,52856,85
45796,52860,26
45796,52869,4
45796,52871,4
45796,52873,1
45796,52880,10
45796,52884,1
45796,52896,4
45796,52901,4
45796,52964,48
45796,52972,2
45796,52980,2
45796,52981,20
45796,52984,1
45796,52985,6
45796,52992,9193
45796,52996,16
45796,53000,1
45796,53076,2901
45796,53080,12
45796,53084,1
45796,53092,18
45796,53093,6
45796,53097,18
45796,53104,5
45796,53108,1
45796,53160,1
45796,53188,6
45796,53216,1623
45796,53220,7
45796,53224,3
45796,53237,29
45796,53244,5
45796,53272,1
45796,53280,1
45796,53300,7
45796,53308,2
45796,53328,12073
45796,53336,10
45796,53356,5987
45796,53360,9
45796,53364,83
45796,53412,2291
45796,53416,12
45796,53420,29
45796,53428,1
45796,53433,11
45796,53440,574
45796,53441,3
45796,53444,80
45796,53448,8
45796,53456,22
45796,53457,3
45796,53461,7
45796,53468,14
45796,53469,2
45796,53489,5
45796,53552,40
45796,53556,2
45796,53571,1
45796,53580,5736
45796,53584,83
45796,53588,26
45796,53601,1
45796,53640,4
45796,53664,840
45796,53665,1
45796,53668,1
45796,53672,2
45796,53681,4
45796,53685,11
45796,53804,1758
45796,53805,26
45796,53808,184
45796,53812,147
45796,53820,2136
45796,53825,243
45796,53832,49
45796,53852,53
45796,53916,1
45796,53944,1143
45796,53945,8
45796,53952,3
45796,54000,148
45796,54004,5
45796,54008,9
45796,54016,34
45796,54021,3
45796,54028,363
45796,54032,64
45796,54036,23
45796,54044,4
45796,54045,2
45796,54047,6
45796,54049,14
45796,54056,24
45796,54057,1
45796,54060,1
45796,54077,1
45796,54092,3
45796,54140,6
45796,54144,10
45796,54148,3
45796,54156,2
45796,54161,30
45796,54168,2007
45796,54172,5
45796,54176,1
45796,54187,1
45796,54189,2
45796,54200,34
45796,54212,1
45796,54217,19
45796,54224,1
45796,54252,747
45796,54253,19
45796,54256,131
45796,54260,3
45796,54268,1
45796,54271,1
45796,54344,2
45796,54364,197
45796,54372,4
45796,54392,441
45796,54393,5
45796,54400,13
45796,54408,30
45796,54413,18
45796,54476,1
45796,54504,1
45796,54532,665
45796,54536,2
45796,54540,16
45796,54588,698
45796,54592,8
45796,54596,16
45796,54609,5
45796,54616,4697
45796,54617,104
45796,54620,1229
45796,54624,560
45796,54632,499
45796,54633,22
45796,54637,2801
45796,54644,1119
45796,54645,54
45796,54663,1
45796,54664,514
45796,54665,1435
45796,54693,58
45796,54700,1
45796,54728,16
45796,54732,13
45796,54744,1
45796,54749,1
45796,54756,20
45796,54764,3
45796,54777,1
45796,54784,1
45796,54785,3
45796,54788,398
45796,54792,242
45796,54801,4
45796,54805,869
45796,54812,615
45796,54840,1574
45796,54841,1
45796,54844,35
45796,54848,12
45796,54856,34
45796,54857,5
45796,54859,1
45796,54861,133
45796,54865,2
45796,54868,57
45796,54872,61
45796,54876,4
45796,54889,7
45796,54924,113
45796,54925,1
45796,54945,1
45796,54952,12
45796,54980,457
45796,54984,270
45796,54988,2
45796,54999,10
45796,55001,38
45796,55012,3
45796,55064,3
45796,55120,195
45796,55121,5
45796,55124,1
45796,55128,7
45796,55136,1
45796,55137,3
45796,55141,5
45796,55148,380
45796,55152,27
45796,55176,611
45796,55180,4
45796,55184,15
45796,55195,1
45796,55197,2
45796,65281,8
45796,65282,6
45796,65286,1
45796,65287,1
45796,65288,46
45796,65289,49
45796,65291,1
45796,65292,4
45796,65293,10
45796,65294,173
45796,65295,1
45796,65306,24
45796,65307,2
45796,65308,1
45796,65309,2
45796,65310,26
45796,65311,1
45796,65341,3
45796,65372,1
45796,65374,5
45796,65379,5
45796,65381,5
45796,128079,1
45796,985173,1
45796,1114113,27672
51032,9,5
51032,32,7519110
51032,33,54
51032,34,1047
51032,35,6
51032,38,4
51032,39,1595
51032,40,11371
51032,41,4820
51032,42,4
51032,43,6
51032,44,8949
51032,45,158
51032,46,772
51032,47,92
51032,48,5
51032,49,202
51032,50,965
51032,51,270
51032,52,141
51032,53,55
51032,54,40
51032,55,23
51032,56,25
51032,57,14
51032,58,461
51032,59,15
51032,60,12
51032,61,8
51032,62,165
51032,63,3
51032,64,2
51032,65,4
51032,66,2
51032,67,6
51032,68,6
51032,69,4
51032,70,6
51032,71,3
51032,72,4
51032,73,14
51032,74,2
51032,75,3
51032,76,6
51032,77,5
51032,78,2
51032,79,2
51032,80,45
51032,81,1
51032,82,2
51032,83,5
51032,84,13
51032,85,4
51032,86,3
51032,87,7
51032,88,5
51032,89,1
51032,91,51
51032,93,153
51032,94,1
51032,95,75
51032,96,1
51032,97,4
51032,98,1
51032,100,8
51032,102,2
51032,104,1
51032,109,1
51032,110,1
51032,111,1
51032,112,3
51032,114,1
51032,115,1
51032,116,2
51032,119,1
51032,123,2
51032,124,1
51032,125,1
51032,126,102
51032,160,2260
51032,183,1287
51032,187,3
51032,215,1
51032,720,1
51032,945,1
51032,4354,3
51032,4357,3
51032,4397,1
51032,8194,1
51032,8212,5
51032,8213,4
51032,8216,68
51032,8217,547
51032,8220,23
51032,8221,217
51032,8226,9
51032,8228,19
51032,8229,1
51032,8230,8
51032,8231,3
51032,8243,1
51032,8251,2
51032,8545,1
51032,8594,5
51032,8596,1
51032,8729,2
51032,8734,2
51032,8810,1
51032,8811,31
51032,8901,4
51032,9472,2
51032,9632,1
51032,9675,2
51032,9734,87
51032,9792,1
51032,9825,1
51032,9829,2
51032,10219,1
51032,12288,64
51032,12289,4
51032,12290,1
51032,12296,100
51032,12297,152
51032,12298,218
51032,12299,1892
51032,12300,213
51032,12301,133
51032,12302,85
51032,12303,290
51032,12308,4
51032,12316,2
51032,12360,1
51032,12364,1
51032,12376,1
51032,12398,1
51032,12472,1
51032,12539,16
51032,12540,2
51032,12641,5
51032,12643,6
51032,12685,72
51032,19971,3
51032,19990,1
51032,20013,1
51032,20098,1
51032,20108,1
51032,20116,1
51032,20161,1
51032,20316,2
51032,20462,1
51032,20843,1
51032,20844,2
51032,20849,1
51032,21051,1
51032,21069,1
51032,21271,1
51032,21313,2
51032,21361,2
51032,21407,4
51032,21490,1
51032,21496,1
51032,21512,1
51032,21566,1
51032,21934,1
51032,22283,3
51032,22294,2
51032,22320,2
51032,22522,2
51032,22675,6
51032,22696,1
51032,22823,1
51032,22899,1
51032,22971,1
51032,23002,1
51032,23450,10
51032,23567,1
51032,23569,1
51032,23574,1
51032,24076,1
51032,24093,1
51032,24291,3
51032,24314,1
51032,24418,1
51032,24481,1
51032,24517,2
51032,24754,1
51032,24962,1
51032,24977,1
51032,25506,1
51032,25903,4
51032,25919,1
51032,25928,1
51032,26085,2
51032,26126,2
51032,26178,2
51032,26185,1
51032,26202,1
51032,26397,1
51032,26481,3
51032,26601,1
51032,26690,1
51032,27054,1
51032,27114,1
51032,27491,1
51032,27511,1
51032,27583,6
51032,27861,2
51032,28310,2
51032,29238,1
51032,29579,1
51032,29702,1
51032,30000,1
51032,30001,1
51032,30097,1
51032,30439,1
51032,30465,1
51032,31070,1
51032,31105,1
51032,31192,1
51032,31227,1
51032,31532,5
51032,32066,1
51032,32147,2
51032,32681,2
51032,32854,2
51032,34269,1
51032,34395,4
51032,34656,1
51032,34920,1
51032,34987,1
51032,35036,1
51032,35201,3
51032,35498,1
51032,35663,1
51032,35686,1
51032,35722,2
51032,36557,1
51032,36763,1
51032,36817,1
51032,36895,1
51032,36939,1
51032,36948,1
51032,36981,2
51032,36986,1
51032,37324,1
51032,37749,1
51032,38272,1
51032,38867,1
51032,38899,1
51032,39764,1
51032,40165,2
51032,40680,4
51032,40845,1
51032,44032,12796
51032,44033,63
51032,44036,64
51032,44040,18
51032,44048,495
51032,44049,88
51032,44050,8
51032,44053,61
51032,44057,11
51032,44060,318
51032,44061,2
51032,44081,2
51032,44144,3808
51032,44148,102
51032,44152,12
51032,44160,38
51032,44163,9
51032,44172,99
51032,44201,9
51032,44204,12830
51032,44208,2613
51032,44216,389
51032,44221,1168
51032,44228,342
51032,44256,617
51032,44257,127
51032,44260,13
51032,44263,1
51032,44264,19
51032,44277,921
51032,44284,4346
51032,44288,2202
51032,44305,106
51032,44312,3
51032,44340,2
51032,44368,465
51032,44396,668
51032,44397,395
51032,44400,649
51032,44404,1
51032,44412,1
51032,44415,1
51032,44417,50
51032,44428,346
51032,44452,589
51032,44480,126
51032,44508,105
51032,44512,39
51032,44536,26
51032,44537,23
51032,44540,437
51032,44544,16
51032,44552,1746
51032,44553,4
51032,44564,1
51032,44592,1059
51032,44600,55
51032,44608,3
51032,44611,1
51032,44618,107
51032,44620,126
51032,44751,22
51032,44844,21
51032,44845,2
51032,44867,13
51032,44872,1
51032,45000,24
51032,45124,1
51032,45139,1
51032,45149,9
51032,45208,857
51032,45209,6
51032,45212,15
51032,45216,259
51032,45224,89
51032,45229,4
51032,45236,142
51032,45257,1
51032,45264,20
51032,45348,16
51032,45367,1
51032,45376,155
51032,45392,10
51032,45397,56
51032,45432,230
51032,45433,5
51032,45436,895
51032,45440,8
51032,45453,11
51032,45565,1
51032,45572,12
51032,45576,37
51032,45580,1
51032,45712,3
51032,45716,10522
51032,45733,21
51032,45738,2
51032,45768,7
51032,45769,1
51032,45796,184
51032,45800,191
51032,45804,58
51032,45812,21
51032,45813,7
51032,45817,5069
51032,45824,3025
51032,45840,3
51032,45908,1
51032,45909,36
51032,45912,2
51032,45924,1
51032,45929,9
51032,45931,1
51032,45933,1
51032,45936,15
51032,46020,13890
51032,46021,39
51032,46024,56
51032,46028,113
51032,46041,1577
51032,46052,1
51032,46076,24
51032,46096,84
51032,46104,3974
51032,46108,4173
51032,46112,443
51032,46120,46
51032,46121,5
51032,46160,77
51032,46181,1
51032,46244,1
51032,46300,3
51032,46301,17
51032,46304,16
51032,46307,1
51032,46308,615
51032,46321,61
51032,46356,8
51032,46364,1
51032,46392,13
51032,46405,2
51032,46412,20
51032,46428,1
51032,46608,1
51032,46832,2
51032,46896,16
51032,46907,1
51032,46944,4
51032,46972,1212
51032,46973,43
51032,46976,248
51032,46988,5
51032,46993,161
51032,47000,6
51032,47017,1
51032,47029,4
51032,47049,6
51032,47084,2
51032,47112,6
51032,47140,24
51032,47141,594
51032,47144,19
51032,47148,7
51032,47156,1
51032,47161,2750
51032,47168,1628
51032,47196,15188
51032,47197,348
51032,47200,757
51032,47204,4
51032,47213,295
51032,47280,3763
51032,47308,15395
51032,47329,72
51032,47336,6
51032,47344,2
51032,47448,2598
51032,47449,1
51032,47452,25
51032,47456,4
51032,47469,22
51032,47484,33456
51032,47497,105
51032,47501,1
51032,47504,1
51032,47532,1183
51032,47536,18
51032,47540,1
51032,47548,185
51032,47549,26
51032,47560,124
51032,47561,6
51032,47564,289
51032,47568,66
51032,47569,1
51032,47579,5
51032,47581,23
51032,47588,19
51032,47589,1
51032,47592,11
51032,47605,1
51032,47609,15
51032,47672,1
51032,47673,2
51032,47676,1
51032,47680,1
51032,47700,10
51032,47708,3
51032,47716,1
51032,47728,12
51032,47732,702
51032,47736,3
51032,47749,325
51032,47784,63
51032,47785,28
51032,47792,4
51032,47800,8
51032,47896,26
51032,47917,2
51032,47924,12494
51032,47925,2
51032,47928,6570
51032,47932,43
51032,47945,11
51032,48040,1
51032,48120,60507
51032,48124,702
51032,48128,9
51032,48137,1
51032,48141,1
51032,48143,7
51032,48145,1
51032,48147,1
51032,48148,144
51032,48149,27
51032,48150,5
51032,48152,53
51032,48155,131
51032,48156,73
51032,48157,1
51032,48164,32
51032,48165,14
51032,48169,373
51032,48176,65
51032,48177,47
51032,48180,1
51032,48192,1
51032,48260,6
51032,48264,16
51032,48276,130
51032,48277,349
51032,48279,3
51032,48288,4
51032,48317,4
51032,48320,50
51032,48324,47
51032,48337,4467
51032,48372,1744
51032,48373,1189
51032,48376,70
51032,48388,28
51032,48391,1
51032,48393,148
51032,48456,1
51032,48512,1061
51032,48513,11
51032,48516,163
51032,48520,67
51032,48531,1014
51032,48533,4
51032,48652,2
51032,48660,8
51032,48708,205
51032,48709,1
51032,48712,384
51032,48716,5
51032,48727,1
51032,48729,1
51032,48731,14
51032,48981,1
51032,49104,29
51032,49108,3
51032,49296,1
51032,49324,32313
51032,49325,2
51032,49328,165
51032,49332,13
51032,49334,7
51032,49340,43
51032,49341,2
51032,49345,12187
51032,49352,12
51032,49353,12
51032,49368,7
51032,49371,3
51032,49373,275
51032,49380,2
51032,49436,1096
51032,49437,4576
51032,49440,1223
51032,49444,154
51032,49452,30
51032,49453,53
51032,49457,5212
51032,49464,86
51032,49468,20
51032,49492,5
51032,49512,1
51032,49548,1689
51032,49549,15
51032,49552,99
51032,49569,46
51032,49660,3
51032,49688,349
51032,49689,531
51032,49692,193
51032,49696,393
51032,49709,4
51032,49714,228
51032,49772,1
51032,49788,1
51032,49800,1
51032,49808,1
51032,49828,27
51032,49836,2
51032,49845,74
51032,49849,56
51032,49884,923
51032,49885,17840
51032,49888,1018
51032,49892,1700
51032,49900,6947
51032,49901,6
51032,49905,2
51032,49912,2
51032,49913,2
51032,49920,4
51032,49933,1
51032,50472,4
51032,50500,329
51032,50501,12
51032,50504,2582
51032,50508,3
51032,50516,389
51032,50521,4
51032,50526,1
51032,50528,9
51032,50545,1
51032,50556,67
51032,50557,4574
51032,50564,1
51032,50577,187
51032,50612,1947
51032,50616,33
51032,50620,3
51032,50628,6
51032,50629,119
51032,50630,302
51032,50632,121
51032,50640,20939
51032,50641,1
51032,50644,14
51032,50648,1
51032,50668,459
51032,50669,993
51032,50672,628
51032,50676,781
51032,50684,10
51032,50685,10
51032,50687,1
51032,50688,417
51032,50689,264
51032,50696,200
51032,50724,30
51032,50725,36
51032,50728,24
51032,50741,10
51032,50743,2
51032,50745,19
51032,50752,8067
51032,50756,23
51032,50760,1
51032,50773,2347
51032,50808,1054
51032,50836,89
51032,50837,858
51032,50857,2383
51032,50864,43
51032,50865,21
51032,50868,290
51032,50872,1
51032,50885,32
51032,50892,5
51032,50896,96841
51032,50900,1
51032,50948,2120
51032,50952,3
51032,50976,123
51032,50977,21
51032,50980,91
51032,50984,29
51032,50997,79
51032,51004,21
51032,51008,19
51032,51012,24
51032,51020,50
51032,51021,4
51032,51025,111
51032,51032,22721
51032,51033,1
51032,51060,1288
51032,51061,20
51032,51064,21953
51032,51068,122
51032,51069,2
51032,51076,38
51032,51077,19
51032,51080,22
51032,51081,1
51032,51088,27444
51032,51089,17
51032,51092,2
51032,51096,1
51032,51104,13
51032,51105,4
51032,51109,16692
51032,51116,207
51032,51137,1
51032,51200,18
51032,51201,13468
51032,51204,2287
51032,51208,155
51032,51210,3
51032,51216,1847
51032,51217,6
51032,51219,74
51032,51221,18811
51032,51222,1
51032,51228,1880
51032,51260,2
51032,51312,459
51032,51313,111
51032,51316,8721
51032,51320,1
51032,51328,2
51032,51333,1158
51032,51339,20
51032,51340,75
51032,51368,1
51032,51396,17
51032,51424,1
51032,51452,3370
51032,51453,5
51032,51456,104
51032,51473,640
51032,51564,1
51032,51593,1
51032,51613,91
51032,51648,8515
51032,51649,115
51032,51652,512
51032,51656,35
51032,51664,1
51032,51665,593
51032,51669,17
51032,51674,2
51032,51677,1
51032,51753,1
51032,51901,2
51032,52264,51
51032,52265,2
51032,52268,229
51032,52272,3
51032,52280,57
51032,52285,1037
51032,52292,11
51032,52293,79
51032,52376,267
51032,52377,6
51032,52380,509
51032,52384,145
51032,52392,14
51032,52393,24
51032,52395,4
51032,52397,174
51032,52404,766
51032,52412,1
51032,52488,278
51032,52489,141
51032,52492,18
51032,52509,179
51032,52524,48
51032,52572,3
51032,52628,38
51032,52629,25
51032,52632,69
51032,52636,16
51032,52649,39
51032,52712,82
51032,52769,15
51032,52824,672
51032,52825,97
51032,52828,584
51032,52840,9
51032,52852,4
51032,52856,1
51032,52860,5
51032,52880,1
51032,52896,5
51032,52908,1
51032,52964,7
51032,52968,1
51032,52972,1
51032,52992,12
51032,53076,4
51032,53080,8
51032,53084,2
51032,53132,1
51032,53220,1
51032,53272,2
51032,53300,8
51032,53356,10
51032,53360,1
51032,53364,1
51032,53412,8
51032,53416,2
51032,53420,1
51032,53440,31
51032,53441,501
51032,53444,37
51032,53448,143
51032,53456,2
51032,53457,38
51032,53459,1
51032,53468,446
51032,53469,72
51032,53489,5
51032,53552,6
51032,53560,19
51032,53580,6
51032,53588,1
51032,53596,1
51032,53664,31
51032,53665,1
51032,53685,214
51032,53748,4
51032,53804,20
51032,53916,1
51032,53944,3
51032,53945,31
51032,53960,1
51032,54000,1
51032,54016,28
51032,54028,340
51032,54032,127
51032,54036,5
51032,54044,1
51032,54045,1
51032,54056,6
51032,54060,1
51032,54064,1
51032,54077,1
51032,54140,2
51032,54168,2
51032,54187,1
51032,54189,1
51032,54200,78
51032,54217,371
51032,54224,7
51032,54252,19
51032,54253,2
51032,54364,86
51032,54408,21
51032,54413,70
51032,54532,8
51032,54540,2
51032,54588,10
51032,54592,1
51032,54596,25
51032,54616,47007
51032,54617,19222
51032,54620,34777
51032,54624,3813
51032,54632,406
51032,54633,66
51032,54635,1
51032,54637,88
51032,54644,122583
51032,54645,3
51032,54648,3
51032,54660,1
51032,54664,5850
51032,54665,322
51032,54672,2
51032,54693,796
51032,54728,2
51032,54732,120
51032,54747,1
51032,54756,16
51032,54764,1
51032,54785,166
51032,54788,415
51032,54792,18
51032,54800,1
51032,54801,231
51032,54805,543
51032,54812,71
51032,54840,48
51032,54841,6628
51032,54844,27
51032,54848,3
51032,54861,41
51032,54868,981
51032,54869,18
51032,54872,133
51032,54876,39
51032,54889,207
51032,54924,57444
51032,54925,4
51032,54928,1
51032,54945,1
51032,54952,45
51032,54980,109
51032,54981,1
51032,54984,21
51032,55064,5
51032,55092,12
51032,55120,7
51032,55124,6
51032,55136,6
51032,55141,443
51032,55148,96
51032,55176,6
51032,55177,1
51032,55180,2
51032,55184,1
51032,55192,4682
51032,61664,1
51032,65281,1
51032,65288,7
51032,65289,69
51032,65306,6
51032,65308,4
51032,65310,6
51032,65311,2
51032,65374,3
51032,65379,4
51032,65381,1
51032,985173,1
51032,1114113,17462
54620,9,2
54620,32,2219215
54620,33,31
54620,34,1089
54620,35,1
54620,37,1
54620,38,6
54620,39,647
54620,40,6484
54620,41,3051
54620,42,4
54620,43,3
54620,44,21212
54620,45,626
54620,46,510
54620,47,502
54620,48,4
54620,49,40
54620,50,17
54620,51,15
54620,52,8
54620,53,3
54620,54,1
54620,55,1
54620,56,3
54620,57,1
54620,58,309
54620,59,12
54620,60,22
54620,61,1
54620,62,61
54620,63,5
54620,65,3
54620,66,9
54620,67,7
54620,68,2
54620,69,28
54620,70,11
54620,71,14
54620,72,2
54620,74,1
54620,75,4
54620,76,8
54620,77,7
54620,78,2
54620,79,14
54620,80,11
54620,81,1
54620,82,3
54620,83,5
54620,84,97
54620,85,1
54620,87,5
54620,89,11
54620,90,1
54620,91,100
54620,93,48
54620,94,1
54620,95,7
54620,99,2
54620,100,1
54620,103,1
54620,110,1
54620,113,1
54620,124,6
54620,126,40
54620,160,727
54620,183,1111
54620,187,4
54620,721,3
54620,729,1
54620,959,1
54620,1051,1
54620,4354,2
54620,4370,1
54620,8200,2
54620,8208,1
54620,8211,1
54620,8212,4
54620,8213,3
54620,8216,40
54620,8217,271
54620,8220,13
54620,8221,115
54620,8224,2
54620,8226,20
54620,8228,18
54620,8230,9
54620,8231,8
54620,8594,3
54620,8729,13
54620,8764,2
54620,8811,8
54620,8901,4
54620,9675,12
54620,9733,1
54620,9827,1
54620,12288,10
54620,12289,3
54620,12296,46
54620,12297,35
54620,12298,123
54620,12299,292
54620,12300,72
54620,12301,30
54620,12302,67
54620,12303,14
54620,12305,4
54620,12308,1
54620,12316,1
54620,12539,17
54620,12540,1
54620,12596,1
54620,12599,1
54620,12628,1
54620,12641,4
54620,12685,84
54620,19968,1
54620,20214,2
54620,20301,2
54620,20316,2
54620,20803,1
54620,21189,1
54620,21332,1
54620,21476,2
54620,21487,2
54620,21517,2
54620,22240,1
54620,22522,2
54620,22899,1
54620,23384,1
54620,23447,1
54620,23478,5
54620,23480,1
54620,24237,2
54620,24680,3
54620,24773,1
54620,26609,1
54620,27700,1
54620,27743,1
54620,27861,1
54620,27946,8
54620,28450,1
54620,31038,2
54620,31361,1
54620,32654,1
54620,33775,1
54620,33879,2
54620,34920,1
54620,35258,2
54620,36249,1
54620,36913,1
54620,36942,1
54620,38945,1
54620,39135,1
54620,39340,1
54620,40680,1
54620,40845,1
54620,42895,1
54620,44032,3573
54620,44033,70
54620,44036,205
54620,44040,64
54620,44048,209
54620,44049,155
54620,44050,88
54620,44051,29
54620,44053,5926
54620,44057,2
54620,44060,623
54620,44061,7
54620,44068,5
54620,44081,2
54620,44109,1
54620,44144,151
54620,44148,495
54620,44151,5
54620,44152,357
54620,44160,76
54620,44161,2
54620,44163,699
54620,44172,414
54620,44176,3
54620,44180,187
54620,44192,1
54620,44200,2312
54620,44201,6
54620,44204,7
54620,44208,872
54620,44216,30
54620,44217,22
54620,44221,1882
54620,44225,2
54620,44228,7704
54620,44247,1
54620,44256,387
54620,44257,155
54620,44260,24
54620,44264,209
54620,44268,3
54620,44273,29
54620,44275,287
54620,44277,1085
54620,44284,2603
54620,44285,1
54620,44288,129
54620,44305,596
54620,44340,1
54620,44361,28
54620,44368,420
54620,44396,602
54620,44397,237090
54620,44400,2993
54620,44404,3
54620,44417,90
54620,44424,21
54620,44428,172
54620,44432,14
54620,44452,178
54620,44480,42
54620,44508,767
54620,44512,15
54620,44536,318
54620,44537,85
54620,44540,180
54620,44544,7597
54620,44552,255
54620,44553,249
54620,44557,3
54620,44592,2057
54620,44596,2
54620,44600,785
54620,44620,160
54620,44628,1
54620,44648,1
54620,44732,907
54620,44751,150
54620,44760,7
54620,44844,2
54620,44845,2
54620,44867,3
54620,44893,1
54620,44928,1
54620,44984,4
54620,44992,1
54620,45000,55
54620,45003,3
54620,45143,1
54620,45149,15
54620,45180,176
54620,45208,11871
54620,45209,25
54620,45210,1
54620,45212,167
54620,45216,54
54620,45224,1583
54620,45227,1
54620,45229,2
54620,45230,264
54620,45231,3
54620,45233,89
54620,45236,205
54620,45252,5
54620,45257,18
54620,45264,58
54620,45320,2
54620,45348,700
54620,45352,7
54620,45356,9
54620,45367,7
54620,45376,27
54620,45380,6
54620,45397,22
54620,45400,1
54620,45404,1
54620,45408,1
54620,45432,541
54620,45433,4
54620,45436,9
54620,45448,22
54620,45453,193
54620,45458,1
54620,45516,18
54620,45572,116
54620,45576,700
54620,45580,2
54620,45656,4
54620,45684,72
54620,45712,25
54620,45716,18
54620,45733,40
54620,45740,13
54620,45768,776
54620,45772,3
54620,45776,2
54620,45784,8
54620,45785,1
54620,45789,3
54620,45794,24
54620,45796,678716
54620,45797,1
54620,45800,574
54620,45803,1
54620,45804,1257
54620,45805,2
54620,45812,64
54620,45813,33
54620,45817,620
54620,45821,1
54620,45824,3790
54620,45828,7
54620,45845,1
54620,45908,13
54620,45909,292
54620,45912,6
54620,45915,1
54620,45916,1
54620,45929,28
54620,45936,4789
54620,45937,2
54620,45940,7
54620,45944,10
54620,45955,2
54620,45964,1
54620,45968,1
54620,45996,2
54620,46020,2803
54620,46021,1186
54620,46024,93
54620,46028,90
54620,46037,2
54620,46041,4528
54620,46052,1
54620,46076,32
54620,46096,56
54620,46104,3015
54620,46108,3059
54620,46112,181
54620,46120,32
54620,46160,596
54620,46161,1
54620,46168,20
54620,46181,12
54620,46188,1
54620,46244,133
54620,46300,799
54620,46301,14
54620,46308,609
54620,46316,3
54620,46319,122
54620,46321,37
54620,46328,2
54620,46356,73
54620,46384,11
54620,46392,1
54620,46400,4
54620,46405,11
54620,46412,8073
54620,46416,3
54620,46433,2
54620,46504,1
54620,46524,11
54620,46749,1
54620,46888,9
54620,46896,2
54620,46907,17
54620,46944,1
54620,46972,1238
54620,46973,57
54620,46976,64
54620,46980,3
54620,46988,2
54620,46993,2
54620,47000,2
54620,47017,2
54620,47021,432
54620,47029,1
54620,47049,350
54620,47084,100
54620,47085,28
54620,47088,1
54620,47105,2
54620,47112,33
54620,47116,1
54620,47140,182
54620,47141,1
54620,47144,27
54620,47148,4
54620,47161,63
54620,47196,178
54620,47197,23
54620,47200,189
54620,47204,10
54620,47213,1
54620,47215,2
54620,47217,1
54620,47280,31
54620,47308,1
54620,47329,39
54620,47336,95
54620,47357,3
54620,47364,2
54620,47448,1334
54620,47449,1
54620,47452,1
54620,47456,11
54620,47469,1
54620,47484,9
54620,47492,2
54620,47497,5
54620,47532,222
54620,47536,14
54620,47548,2845
54620,47549,6
54620,47553,1
54620,47560,2221
54620,47561,2
54620,47564,470
54620,47566,20
54620,47568,1051
54620,47576,3
54620,47579,26
54620,47582,1
54620,47588,208
54620,47589,29
54620,47605,14
54620,47609,14
54620,47610,11
54620,47616,1
54620,47672,2
54620,47691,2
54620,47693,1
54620,47700,38
54620,47701,2
54620,47708,14
54620,47716,1
54620,47728,13
54620,47732,197
54620,47749,4697
54620,47784,167
54620,47785,71
54620,47787,227
54620,47791,1
54620,47792,1
54620,47800,287
54620,47803,1
54620,47805,73
54620,47868,19
54620,47896,18
54620,47924,455
54620,47925,57
54620,47926,7
54620,47928,2465
54620,47932,123
54620,47945,1
54620,48012,10
54620,48036,4
54620,48064,5
54620,48120,4617
54620,48124,480226
54620,48128,3
54620,48143,4
54620,48145,2
54620,48148,886
54620,48149,28
54620,48150,4
54620,48152,8027
54620,48155,114
54620,48156,526
54620,48157,7
54620,48164,988
54620,48165,4
54620,48169,1654
54620,48173,521
54620,48176,296
54620,48177,264
54620,48180,2
54620,48197,2
54620,48204,1
54620,48260,10
54620,48264,9018
54620,48265,1
54620,48268,85
54620,48276,99
54620,48277,1140
54620,48279,4
54620,48288,79
54620,48292,2
54620,48296,4
54620,48316,2
54620,48317,125
54620,48320,431
54620,48324,574
54620,48337,368
54620,48372,604
54620,48373,2011
54620,48376,42
54620,48380,4
54620,48388,47
54620,48389,5
54620,48393,270
54620,48512,593
54620,48513,126
54620,48516,130
54620,48520,805
54620,48531,28
54620,48533,10
54620,48652,19
54620,48660,5
54620,48708,448
54620,48712,189
54620,48716,13
54620,48727,2
54620,48729,100
54620,48731,926
54620,48736,1
54620,48744,1
54620,48757,1
54620,48920,34
54620,49100,10
54620,49104,13
54620,49212,1
54620,49240,5
54620,49324,1934
54620,49325,4
54620,49328,3939
54620,49332,331
54620,49340,156
54620,49345,2922
54620,49352,135
54620,49353,30
54620,49368,170
54620,49371,4
54620,49373,204
54620,49380,136
54620,49401,4
54620,49436,3227
54620,49437,806
54620,49440,1086
54620,49444,182
54620,49452,165
54620,49453,65
54620,49457,8425
54620,49464,773
54620,49468,704
54620,49472,73
54620,49480,1
54620,49520,1
54620,49524,2
54620,49528,1
54620,49548,917
54620,49549,280
54620,49552,403
54620,49556,1052
54620,49564,15
54620,49569,379
54620,49573,96
54620,49660,9
54620,49688,2496
54620,49689,170
54620,49692,376
54620,49696,37
54620,49704,252
54620,49707,6
54620,49709,17
54620,49714,19
54620,49744,10
54620,49772,5
54620,49800,22
54620,49808,3
54620,49821,4
54620,49828,4057
54620,49832,347
54620,49836,84
54620,49845,11
54620,49849,1291
54620,49884,3219
54620,49885,798
54620,49888,7479
54620,49892,70
54620,49900,227
54620,49901,14
54620,49905,3
54620,49912,5
54620,49916,19
54620,49920,1
54620,49928,1
54620,49933,185
54620,49956,2
54620,50028,1
54620,50032,1
54620,50276,2
54620,50416,1
54620,50472,1548
54620,50500,503
54620,50501,27
54620,50504,183
54620,50508,58
54620,50516,69
54620,50517,3
54620,50521,1
54620,50528,226
54620,50529,23
54620,50532,9
54620,50549,5
54620,50556,379
54620,50557,599
54620,50577,7604
54620,50612,526
54620,50613,17
54620,50616,123
54620,50620,237
54620,50628,5
54620,50629,3
54620,50630,402
54620,50640,4920
54620,50644,6
54620,50648,2
54620,50656,2
54620,50668,1335
54620,50669,595
54620,50672,271
54620,50676,292
54620,50684,17
54620,50685,6
54620,50689,1888
54620,50696,1200
54620,50700,1
54620,50724,73
54620,50725,1170
54620,50728,37
54620,50732,145
54620,50745,13
54620,50752,372
54620,50756,34
54620,50773,485
54620,50780,3
54620,50808,178
54620,50836,223
54620,50837,1
54620,50857,945
54620,50864,906
54620,50865,68
54620,50868,145
54620,50872,692
54620,50880,2
54620,50883,2
54620,50885,111
54620,50892,6
54620,50896,599
54620,50900,118
54620,50920,9
54620,50928,7
54620,50948,474
54620,50952,2
54620,50976,762
54620,50977,54
54620,50980,223
54620,50984,26
54620,50997,19
54620,51004,2067
54620,51008,7989
54620,51012,9224
54620,51020,267
54620,51021,62
54620,51025,164
54620,51032,14553
54620,51060,8694
54620,51061,171
54620,51064,4681
54620,51068,6447
54620,51075,1
54620,51076,75
54620,51077,94
54620,51080,21
54620,51081,8
54620,51086,12
54620,51088,10302
54620,51089,18
54620,51092,315
54620,51096,1
54620,51104,12
54620,51105,19
54620,51109,692
54620,51116,909
54620,51132,1
54620,51137,146
54620,51200,20
54620,51201,3386
54620,51204,1031
54620,51208,16
54620,51210,1
54620,51216,288
54620,51217,4
54620,51221,13072
54620,51228,8284
54620,51232,26
54620,51236,1
54620,51244,1
54620,51312,848
54620,51313,2426
54620,51316,1
54620,51333,439
54620,51340,13
54620,51396,6
54620,51424,3
54620,51452,1262
54620,51453,3
54620,51456,828
54620,51460,162
54620,51468,36
54620,51473,2549
54620,51536,1
54620,51540,2
54620,51564,2
54620,51592,16
54620,51593,25
54620,51600,2
54620,51609,1
54620,51613,146
54620,51648,5740
54620,51649,229
54620,51652,1541
54620,51656,32
54620,51665,217
54620,51667,7
54620,51669,14
54620,51676,2
54620,51677,21
54620,51687,22
54620,51692,1
54620,51704,18
54620,51789,1
54620,51901,3414
54620,51921,1
54620,52180,5
54620,52196,1
54620,52264,387
54620,52265,22
54620,52268,88
54620,52280,772
54620,52285,1544
54620,52292,848
54620,52293,346
54620,52376,28
54620,52377,106
54620,52380,654
54620,52384,633
54620,52392,2
54620,52393,40
54620,52395,1
54620,52397,474
54620,52404,1038
54620,52408,3
54620,52436,1
54620,52488,100
54620,52489,1
54620,52492,68
54620,52509,253
54620,52520,4
54620,52572,14
54620,52628,13
54620,52629,1293
54620,52632,161
54620,52636,51
54620,52649,164
54620,52684,5
54620,52712,8
54620,52768,9
54620,52769,109
54620,52789,1893
54620,52824,502
54620,52825,3
54620,52828,119
54620,52832,12
54620,52840,57
54620,52841,3
54620,52845,7
54620,52852,755
54620,52856,85
54620,52860,81
54620,52880,17
54620,52884,2
54620,52896,3
54620,52899,1
54620,52964,177
54620,52968,1
54620,52972,23
54620,52980,289
54620,52981,8
54620,52983,10
54620,52992,10
54620,52996,3
54620,53000,9
54620,53024,64
54620,53028,3
54620,53076,26
54620,53077,2
54620,53080,27
54620,53097,2
54620,53216,15
54620,53217,5
54620,53224,1
54620,53244,1
54620,53301,1
54620,53328,2500
54620,53356,20
54620,53360,3
54620,53364,13
54620,53372,1
54620,53412,28
54620,53413,2
54620,53416,13
54620,53428,135
54620,53433,1
54620,53440,140
54620,53441,164
54620,53444,844
54620,53448,68
54620,53456,2
54620,53457,4
54620,53459,7
54620,53461,31
54620,53468,782
54620,53469,70
54620,53489,7
54620,53552,173
54620,53553,11
54620,53556,3
54620,53568,3
54620,53573,1
54620,53580,3182
54620,53581,1
54620,53584,26
54620,53588,12
54620,53601,5
54620,53640,4
54620,53664,84
54620,53665,1
54620,53672,9
54620,53685,494
54620,53748,23
54620,53804,63
54620,53808,1
54620,53825,11
54620,53888,2
54620,53944,113
54620,53945,187
54620,53952,3
54620,54000,280
54620,54004,1
54620,54008,5
54620,54016,148
54620,54017,2
54620,54021,5
54620,54028,212
54620,54032,395
54620,54036,36
54620,54056,60
54620,54057,1
54620,54060,2
54620,54077,1
54620,54088,1
54620,54140,8
54620,54144,1
54620,54148,6
54620,54156,1
54620,54161,4
54620,54168,80
54620,54172,20
54620,54200,34771
54620,54217,256
54620,54224,12
54620,54252,31
54620,54253,191
54620,54260,2
54620,54364,102
54620,54392,33
54620,54396,74
54620,54400,81
54620,54408,8
54620,54411,1
54620,54413,49
54620,54504,1
54620,54532,69
54620,54540,20
54620,54588,22
54620,54596,177
54620,54607,4
54620,54616,4726
54620,54617,890
54620,54620,2780
54620,54621,1
54620,54624,341
54620,54632,293
54620,54633,158
54620,54637,2288
54620,54644,3102
54620,54645,12
54620,54648,51
54620,54660,1
54620,54663,2
54620,54664,373
54620,54665,78
54620,54693,65
54620,54728,2
54620,54732,176
54620,54756,9
54620,54764,1
54620,54784,1
54620,54785,60
54620,54788,507
54620,54792,40
54620,54801,159
54620,54805,317
54620,54812,513
54620,54840,582
54620,54844,8
54620,54848,13
54620,54861,207
54620,54868,7614
54620,54869,149
54620,54872,77
54620,54876,3
54620,54889,37
54620,54924,716
54620,54925,19
54620,54943,2
54620,54952,330
54620,54980,1097
54620,54984,32
54620,55001,1
54620,55012,56
54620,55064,5
54620,55092,21
54620,55113,8
54620,55121,2
54620,55124,1
54620,55128,2
54620,55136,107
54620,55141,143
54620,55148,479
54620,55176,573
54620,55180,15
54620,55184,1
54620,55192,2
54620,65281,3
54620,65288,2
54620,65292,3
54620,65295,4
54620,65306,2
54620,65374,1
54620,65378,1
54620,65381,5
54620,1114113,3353
1114112,9,2213
1114112,32,6210850
1114112,33,16541
1114112,34,18723
1114112,35,801
1114112,36,266
1114112,37,93
1114112,38,29
1114112,39,5468
1114112,40,12763
1114112,41,202
1114112,42,1582
1114112,43,415
1114112,44,2008
1114112,45,10460
1114112,46,2819
1114112,47,839
1114112,48,5377
1114112,49,579364
1114112,50,503631
1114112,51,22189
1114112,52,15841
1114112,53,13533
1114112,54,11482
1114112,55,9875
1114112,56,11482
1114112,57,9079
1114112,58,603
1114112,59,88
1114112,60,5806
1114112,61,354
1114112,62,699
1114112,63,167
1114112,64,79
1114112,65,21587
1114112,66,10029
1114112,67,20459
1114112,68,11574
1114112,69,8862
1114112,70,19489
1114112,71,7643
1114112,72,6654
1114112,73,9554
1114112,74,12299
1114112,75,27214
1114112,76,8478
1114112,77,14467
1114112,78,9777
1114112,79,6905
1114112,80,10511
1114112,81,1425
1114112,82,7766
1114112,83,23422
1114112,84,18849
1114112,85,11909
1114112,86,4505
1114112,87,5707
1114112,88,2013
1114112,89,1921
1114112,90,1075
1114112,91,2951
1114112,92,51
1114112,93,75
1114112,94,51
1114112,95,355
1114112,96,31
1114112,97,1003
1114112,98,512
1114112,99,1080
1114112,100,837
1114112,101,1149
1114112,102,627
1114112,103,366
1114112,104,1498
1114112,105,1653
1114112,106,170
1114112,107,533
1114112,108,473
1114112,109,761
1114112,110,667
1114112,111,342
1114112,112,1134
1114112,113,147
1114112,114,402
1114112,115,1275
1114112,116,1133
1114112,117,334
1114112,118,659
1114112,119,544
1114112,120,271
1114112,121,197
1114112,122,127
1114112,123,4372
1114112,124,167108
1114112,125,1928
1114112,126,238
1114112,128,1
1114112,160,1876
1114112,161,109
1114112,163,3
1114112,165,1
1114112,167,26
1114112,169,3
1114112,171,35
1114112,172,1
1114112,173,38
1114112,176,19
1114112,177,2
1114112,178,13
1114112,179,6
1114112,181,4
1114112,182,5
1114112,183,697
1114112,185,26
1114112,189,5
1114112,191,7
1114112,192,16
1114112,193,7
1114112,194,3
1114112,195,4
1114112,196,11
1114112,197,4
1114112,198,3
1114112,199,4
1114112,200,5
1114112,201,43
1114112,202,1
1114112,203,2
1114112,204,1
1114112,205,11
1114112,206,7
1114112,207,1
1114112,208,1
1114112,209,3
1114112,210,2
1114112,211,25
1114112,212,20
1114112,213,9
1114112,214,13
1114112,215,9
1114112,216,41
1114112,217,2
1114112,218,3
1114112,220,18
1114112,221,1
1114112,222,1
1114112,223,4
1114112,225,1
1114112,226,1
1114112,228,4
1114112,230,2
1114112,232,2
1114112,233,4
1114112,235,2
1114112,241,2
1114112,243,3
1114112,246,2
1114112,247,2
1114112,252,4
1114112,254,4
1114112,256,3
1114112,257,2
1114112,258,1
1114112,259,1
1114112,260,2
1114112,261,2
1114112,262,3
1114112,264,2
1114112,266,1
1114112,268,9
1114112,269,1
1114112,270,1
1114112,272,8
1114112,274,1
1114112,278,2
1114112,280,3
1114112,281,4
1114112,282,1
1114112,284,2
1114112,285,3
1114112,286,2
1114112,290,1
1114112,292,1
1114112,293,1
1114112,294,2
1114112,295,1
1114112,296,1
1114112,298,1
1114112,302,1
1114112,304,1
1114112,305,4
1114112,306,1
1114112,308,2
1114112,310,1
1114112,313,1
1114112,315,1
1114112,321,9
1114112,323,2
1114112,325,1
1114112,327,1
1114112,331,2
1114112,332,4
1114112,336,1
1114112,338,2
1114112,340,1
1114112,344,1
1114112,345,1
1114112,346,1
1114112,347,1
1114112,348,2
1114112,349,3
1114112,350,3
1114112,352,34
1114112,353,1
1114112,356,1
1114112,360,1
1114112,362,2
1114112,364,1
1114112,366,1
1114112,370,1
1114112,376,1
1114112,377,2
1114112,379,2
1114112,381,7
1114112,382,1
1114112,393,1
1114112,399,1
1114112,402,6
1114112,407,1
1114112,412,1
1114112,418,2
1114112,430,1
1114112,431,1
1114112,450,2
1114112,451,10
1114112,455,1
1114112,458,1
1114112,461,1
1114112,463,1
1114112,467,1
1114112,486,1
1114112,488,1
1114112,490,1
1114112,491,2
1114112,500,1
1114112,502,1
1114112,530,1
1114112,536,1
1114112,538,1
1114112,542,1
1114112,550,1
1114112,610,1
1114112,618,1
1114112,637,2
1114112,660,4
1114112,664,2
1114112,673,1
1114112,699,10
1114112,700,1
1114112,703,4
1114112,730,1
1114112,733,1
1114112,775,1
1114112,776,2
1114112,803,1
1114112,826,2
1114112,828,1
1114112,880,1
1114112,882,1
1114112,913,14
1114112,914,2
1114112,915,15
1114112,916,50
1114112,917,8
1114112,918,3
1114112,919,3
1114112,920,4
1114112,921,4
1114112,922,4
1114112,923,24
1114112,924,5
1114112,925,2
1114112,926,2
1114112,927,13
1114112,928,22
1114112,929,4
1114112,931,12
1114112,932,4
1114112,933,3
1114112,934,20
1114112,935,4
1114112,936,3
1114112,937,13
1114112,941,2
1114112,945,106
1114112,946,95
1114112,947,21
1114112,948,19
1114112,949,15
1114112,950,4
1114112,951,4
1114112,952,12
1114112,953,1
1114112,954,21
1114112,955,11
1114112,956,31
1114112,957,9
1114112,959,8
1114112,960,21
1114112,961,8
1114112,962,2
1114112,963,17
1114112,964,16
1114112,966,7
1114112,967,2
1114112,968,2
1114112,969,4
1114112,982,1
1114112,984,1
1114112,986,1
1114112,988,1
1114112,1015,1
1114112,1018,1
1114112,1025,2
1114112,1026,2
1114112,1027,1
1114112,1028,2
1114112,1029,1
1114112,1030,3
1114112,1031,1
1114112,1032,1
1114112,1033,1
1114112,1034,1
1114112,1035,2
1114112,1036,1
1114112,1040,55
1114112,1041,33
1114112,1042,49
1114112,1043,31
1114112,1044,40
1114112,1045,14
1114112,1046,12
1114112,1047,28
1114112,1048,37
1114112,1049,4
1114112,1050,40
1114112,1051,29
1114112,1052,44
1114112,1053,40
1114112,1054,35
1114112,1055,59
1114112,1056,14
1114112,1057,81
1114112,1058,38
1114112,1059,16
1114112,1060,4
1114112,1061,27
1114112,1062,6
1114112,1063,12
1114112,1064,8
1114112,1065,2
1114112,1066,3
1114112,1067,3
1114112,1068,1
1114112,1069,23
1114112,1070,2
1114112,1071,3
1114112,1073,1
1114112,1074,1
1114112,1075,2
1114112,1076,2
1114112,1079,2
1114112,1080,1
1114112,1082,3
1114112,1084,2
1114112,1085,2
1114112,1086,1
1114112,1087,5
1114112,1089,2
1114112,1090,1
1114112,1091,1
1114112,1114,2
1114112,1120,1
1114112,1122,1
1114112,1134,1
1114112,1136,1
1114112,1152,2
1114112,1162,1
1114112,1164,1
1114112,1166,1
1114112,1168,1
1114112,1170,1
1114112,1172,1
1114112,1174,2
1114112,1176,1
1114112,1178,1
1114112,1180,1
1114112,1182,1
1114112,1184,1
1114112,1186,1
1114112,1188,1
1114112,1190,1
1114112,1192,2
1114112,1194,1
1114112,1196,1
1114112,1198,2
1114112,1200,1
1114112,1202,1
1114112,1204,1
1114112,1208,1
1114112,1212,2
1114112,1214,2
1114112,1216,1
1114112,1217,2
1114112,1219,1
1114112,1221,1
1114112,1223,2
1114112,1225,1
1114112,1227,1
1114112,1229,1
1114112,1232,1
1114112,1234,1
1114112,1236,2
1114112,1238,2
1114112,1240,2
1114112,1242,1
1114112,1244,2
1114112,1246,1
1114112,1248,1
1114112,1250,1
1114112,1252,1
1114112,1254,2
1114112,1256,1
1114112,1258,1
1114112,1260,1
1114112,1262,1
1114112,1264,1
1114112,1266,2
1114112,1268,1
1114112,1270,1
1114112,1272,1
1114112,1274,1
1114112,1276,1
1114112,1278,1
1114112,1280,1
1114112,1282,1
1114112,1284,1
1114112,1286,1
1114112,1288,1
1114112,1290,1
1114112,1292,1
1114112,1294,1
1114112,1296,1
1114112,1298,3
1114112,1308,1
1114112,1316,1
1114112,1326,2
1114112,1329,6
1114112,1330,2
1114112,1332,4
1114112,1333,2
1114112,1348,10
1114112,1354,2
1114112,1364,6
1114112,1488,2
1114112,1489,2
1114112,1491,1
1114112,1499,3
1114112,1500,3
1114112,1502,1
1114112,1513,1
1114112,1520,4
1114112,1569,1
1114112,1571,17
1114112,1573,10
1114112,1575,38
1114112,1576,27
1114112,1577,2
1114112,1578,18
1114112,1579,2
1114112,1580,12
1114112,1581,13
1114112,1582,4
1114112,1583,19
1114112,1584,1
1114112,1585,8
1114112,1586,6
1114112,1587,18
1114112,1588,12
1114112,1589,4
1114112,1590,1
1114112,1591,4
1114112,1592,2
1114112,1593,16
1114112,1594,2
1114112,1601,29
1114112,1602,28
1114112,1603,5
1114112,1604,30
1114112,1605,22
1114112,1606,23
1114112,1607,14
1114112,1608,116
1114112,1610,31
1114112,1632,1
1114112,1645,3
1114112,1662,14
1114112,1665,2
1114112,1669,6
1114112,1670,2
1114112,1688,2
1114112,1705,4
1114112,1707,2
1114112,1710,1
1114112,1711,5
1114112,1740,2
1114112,1808,3
1114112,1813,6
1114112,1815,6
1114112,1816,16
1114112,1821,2
1114112,1824,1
1114112,1825,1
1114112,1826,2
1114112,1829,1
1114112,1833,3
1114112,1922,1
1114112,1927,2
1114112,1929,1
1114112,1930,2
1114112,1931,4
1114112,1936,1
1114112,1938,1
1114112,1956,3
1114112,2222,1
1114112,2310,4
1114112,2319,1
1114112,2325,4
1114112,2327,1
1114112,2331,1
1114112,2340,1
1114112,2343,1
1114112,2346,4
1114112,2347,1
1114112,2348,2
1114112,2349,1
1114112,2350,3
1114112,2352,1
1114112,2357,1
1114112,2358,2
1114112,2360,5
1114112,2361,5
1114112,2384,1
1114112,2736,1
1114112,2949,3
1114112,2950,1
1114112,2951,2
1114112,2952,1
1114112,2958,1
1114112,2962,1
1114112,2963,1
1114112,2970,4
1114112,2974,1
1114112,2984,21
1114112,2986,2
1114112,2990,2
1114112,2991,1
1114112,2997,1
1114112,3000,1
1114112,3461,7
1114112,3473,1
1114112,3476,5
1114112,3493,1
1114112,3504,1
1114112,3505,2
1114112,3508,2
1114112,3521,1
1114112,3523,1
1114112,3585,1
1114112,3586,2
1114112,3588,1
1114112,3592,2
1114112,3604,1
1114112,3607,1
1114112,3609,3
1114112,3610,1
1114112,3611,2
1114112,3617,3
1114112,3618,1
1114112,3619,3
1114112,3623,1
1114112,3626,4
1114112,3629,1
1114112,3648,7
1114112,3649,2
1114112,3651,1
1114112,3652,2
1114112,3722,4
1114112,3733,1
1114112,3738,2
1114112,3749,1
1114112,3754,1
1114112,3757,1
1114112,3758,2
1114112,3776,1
1114112,3778,1
1114112,3779,1
1114112,3840,1
1114112,3844,1
1114112,3906,1
1114112,3910,3
1114112,3920,2
1114112,3921,2
1114112,3923,1
1114112,3925,1
1114112,3926,4
1114112,3936,5
1114112,3938,1
1114112,3939,1
1114112,3942,2
1114112,4352,3
1114112,4354,12
1114112,4355,2
1114112,4358,13
1114112,4359,1
1114112,4361,10
1114112,4364,8
1114112,4370,4
1114112,4371,1
1114112,4375,1
1114112,4377,1
1114112,4379,1
1114112,4385,2
1114112,4399,7
1114112,4402,1
1114112,4417,1
1114112,4418,1
1114112,4420,1
1114112,4421,1
1114112,4423,1
1114112,4434,1
1114112,4442,1
1114112,4447,1
1114112,4470,1
1114112,4471,1
1114112,4472,1
1114112,4480,1
1114112,4482,1
1114112,4483,1
1114112,4491,1
1114112,4493,1
1114112,4506,1
1114112,4509,1
1114112,4512,1
1114112,4514,2
1114112,4515,1
1114112,4548,1
1114112,4555,1
1114112,4568,1
1114112,4570,1
1114112,4602,1
1114112,4603,1
1114112,4604,1
1114112,4605,1
1114112,4606,1
1114112,4613,1
1114112,4616,1
1114112,4619,1
1114112,4629,1
1114112,4632,3
1114112,4635,1
1114112,4661,1
1114112,4704,2
1114112,4707,1
1114112,4723,5
1114112,4725,1
1114112,4755,1
1114112,4757,1
1114112,4770,2
1114112,4771,3
1114112,4772,4
1114112,4773,1
1114112,4813,1
1114112,4840,3
1114112,4843,1
1114112,4853,1
1114112,5842,1
1114112,5867,12
1114112,6016,3
1114112,6017,5
1114112,6018,4
1114112,6021,1
1114112,6023,2
1114112,6026,1
1114112,6031,2
1114112,6033,1
1114112,6035,3
1114112,6036,2
1114112,6038,1
1114112,6040,3
1114112,6041,3
1114112,6044,1
1114112,6047,4
1114112,6050,2
1114112,6055,1
1114112,6063,1
1114112,6186,1
1114112,6198,1
1114112,6240,1
1114112,6245,1
1114112,6247,1
1114112,7565,2
1114112,7696,1
1114112,7716,2
1114112,7717,1
1114112,7728,1
1114112,7735,1
1114112,7776,1
1114112,7804,1
1114112,7810,1
1114112,7818,3
1114112,7824,1
1114112,7839,1
1114112,7848,1
1114112,7868,1
1114112,7928,1
1114112,7936,1
1114112,7937,2
1114112,7939,1
1114112,7940,1
1114112,7949,1
1114112,7952,1
1114112,7960,1
1114112,7969,1
1114112,8001,1
1114112,8004,1
1114112,8005,1
1114112,8194,1
1114112,8203,56
1114112,8206,2
1114112,8211,47
1114112,8212,54
1114112,8213,42
1114112,8216,2114
1114112,8217,136
1114112,8220,2469
1114112,8221,17
1114112,8222,12
1114112,8224,283
1114112,8225,34
1114112,8226,2596
1114112,8228,9
1114112,8230,37
1114112,8237,2
1114112,8239,6
1114112,8241,1
1114112,8242,6
1114112,8243,1
1114112,8249,9
1114112,8250,1
1114112,8251,2753
1114112,8253,2
1114112,8273,1
1114112,8288,2
1114112,8298,1
1114112,8308,1
1114112,8361,1
1114112,8364,4
1114112,8451,59
1114112,8463,1
1114112,8471,1
1114112,8473,2
1114112,8477,1
1114112,8501,3
1114112,8544,27
1114112,8545,46
1114112,8546,10
1114112,8547,6
1114112,8548,3
1114112,8549,2
1114112,8550,1
1114112,8551,1
1114112,8560,1
1114112,8561,1
1114112,8562,1
1114112,8576,1
1114112,8592,8
1114112,8593,78
1114112,8594,124
1114112,8595,10
1114112,8597,1
1114112,8627,4
1114112,8629,7
1114112,8658,7
1114112,8660,1
1114112,8704,2
1114112,8706,2
1114112,8711,3
1114112,8718,105
1114112,8721,2
1114112,8722,32
1114112,8727,6
1114112,8729,57
1114112,8730,7
1114112,8734,2
1114112,8736,7
1114112,8741,4
1114112,8744,1
1114112,8747,2
1114112,8756,18
1114112,8764,1
1114112,8776,3
1114112,8786,1
1114112,8796,8
1114112,8800,6
1114112,8801,1
1114112,8804,3
1114112,8805,1
1114112,8810,184
1114112,8834,1
1114112,8857,61
1114112,8895,1
1114112,8942,10
1114112,8968,1
1114112,8970,1
1114112,8988,2
1114112,9312,481
1114112,9313,525
1114112,9314,347
1114112,9315,201
1114112,9316,120
1114112,9317,77
1114112,9318,49
1114112,9319,35
1114112,9320,25
1114112,9321,16
1114112,9322,10
1114112,9323,8
1114112,9324,6
1114112,9325,3
1114112,9326,2
1114112,9327,1
1114112,9328,1
1114112,9329,1
1114112,9330,1
1114112,9331,1
1114112,9332,7
1114112,9333,8
1114112,9334,7
1114112,9335,4
1114112,9336,3
1114112,9337,2
1114112,9338,1
1114112,9339,1
1114112,9398,1
1114112,9399,1
1114112,9400,1
1114112,9424,6
1114112,9425,2
1114112,9426,7
1114112,9427,1
1114112,9461,1
1114112,9462,1
1114112,9472,19
1114112,9473,2
1114112,9474,33
1114112,9487,1
1114112,9492,8
1114112,9495,8
1114112,9500,5
1114112,9507,13
1114112,9581,1
1114112,9585,1
1114112,9586,1
1114112,9587,2
1114112,9600,1
1114112,9608,2
1114112,9632,1360
1114112,9633,33
1114112,9635,32
1114112,9641,1
1114112,9642,32
1114112,9646,15
1114112,9650,95
1114112,9651,621
1114112,9654,67
1114112,9655,28
1114112,9660,6
1114112,9661,1
1114112,9670,32
1114112,9671,28
1114112,9672,4
1114112,9673,4
1114112,9675,841
1114112,9676,2
1114112,9678,83
1114112,9679,4621
1114112,9702,79
1114112,9711,3
1114112,9726,87
1114112,9733,117
1114112,9734,93
1114112,9742,1
1114112,9758,43
1114112,9767,1
1114112,9786,2
1114112,9792,1
1114112,9794,1
1114112,9824,4
1114112,9825,4
1114112,9827,30
1114112,9829,3
1114112,9830,14
1114112,9917,1
1114112,9993,1
1114112,10005,5
1114112,10013,3
1114112,10061,6
1114112,10077,5
1114112,10096,3
1114112,10112,1
1114112,10113,5
1114112,10114,3
1114112,10115,2
1114112,10116,1
1114112,10141,16
1114112,10216,3
1114112,10217,12
1114112,10218,64
1114112,10240,57
1114112,10625,34
1114112,11265,4
1114112,11284,2
1114112,11292,6
1114112,12288,550
1114112,12290,6
1114112,12295,6
1114112,12296,9047
1114112,12297,1
1114112,12298,74435
1114112,12299,3
1114112,12300,2516
1114112,12302,3317
1114112,12303,3
1114112,12304,150
1114112,12308,15
1114112,12316,2
1114112,12353,1
1114112,12354,35
1114112,12356,13
1114112,12358,5
1114112,12360,4
1114112,12362,24
1114112,12363,23
1114112,12364,1
1114112,12365,6
1114112,12367,5
1114112,12369,1
1114112,12371,21
1114112,12372,1
1114112,12373,22
1114112,12375,11
1114112,12376,1
1114112,12377,6
1114112,12379,1
1114112,12380,1
1114112,12381,14
1114112,12383,19
1114112,12384,4
1114112,12385,7
1114112,12388,3
1114112,12390,4
1114112,12391,1
1114112,12392,5
1114112,12393,5
1114112,12394,22
1114112,12395,7
1114112,12396,3
1114112,12397,7
1114112,12398,2
1114112,12399,23
1114112,12400,3
1114112,12401,2
1114112,12402,9
1114112,12404,2
1114112,12405,5
1114112,12406,1
1114112,12407,1
1114112,12408,4
1114112,12411,7
1114112,12412,1
1114112,12414,21
1114112,12415,7
1114112,12416,2
1114112,12417,3
1114112,12418,11
1114112,12420,16
1114112,12422,11
1114112,12424,2
1114112,12425,17
1114112,12426,4
1114112,12427,2
1114112,12428,3
1114112,12429,2
1114112,12431,15
1114112,12432,1
1114112,12433,1
1114112,12434,2
1114112,12435,2
1114112,12447,1
1114112,12449,1
1114112,12450,28
1114112,12452,8
1114112,12454,14
1114112,12456,5
1114112,12458,8
1114112,12459,8
1114112,12460,1
1114112,12461,4
1114112,12462,2
1114112,12463,7
1114112,12465,2
1114112,12466,3
1114112,12467,10
1114112,12468,2
1114112,12469,18
1114112,12470,2
1114112,12471,19
1114112,12472,6
1114112,12473,12
1114112,12475,3
1114112,12477,2
1114112,12479,6
1114112,12480,9
1114112,12481,2
1114112,12484,2
1114112,12486,7
1114112,12487,1
1114112,12488,6
1114112,12489,7
1114112,12490,4
1114112,12491,10
1114112,12494,3
1114112,12495,16
1114112,12496,10
1114112,12497,1
1114112,12498,1
1114112,12499,2
1114112,12500,3
1114112,12501,11
1114112,12502,5
1114112,12503,5
1114112,12505,1
1114112,12507,2
1114112,12508,1
1114112,12509,3
1114112,12510,11
1114112,12511,10
1114112,12513,10
1114112,12514,3
1114112,12516,1
1114112,12520,1
1114112,12521,5
1114112,12522,9
1114112,12523,2
1114112,12524,5
1114112,12525,8
1114112,12527,2
1114112,12532,1
1114112,12533,1
1114112,12539,42
1114112,12562,1
1114112,12593,223
1114112,12594,6
1114112,12595,1
1114112,12596,179
1114112,12597,1
1114112,12598,1
1114112,12599,184
1114112,12600,6
1114112,12601,163
1114112,12602,1
1114112,12603,1
1114112,12604,1
1114112,12605,1
1114112,12606,1
1114112,12607,1
1114112,12608,1
1114112,12609,178
1114112,12610,185
1114112,12611,4
1114112,12612,2
1114112,12613,185
1114112,12614,4
1114112,12615,235
1114112,12616,167
1114112,12617,3
1114112,12618,145
1114112,12619,160
1114112,12620,144
1114112,12621,156
1114112,12622,169
1114112,12623,7
1114112,12624,2
1114112,12625,4
1114112,12626,2
1114112,12627,4
1114112,12628,1
1114112,12629,2
1114112,12630,1
1114112,12631,13
1114112,12632,1
1114112,12633,2
1114112,12634,1
1114112,12635,6
1114112,12636,9
1114112,12637,1
1114112,12638,1
1114112,12639,1
1114112,12640,6
1114112,12641,63
1114112,12642,2
1114112,12643,8
1114112,12644,2
1114112,12645,2
1114112,12646,1
1114112,12647,1
1114112,12653,1
1114112,12657,2
1114112,12664,2
1114112,12665,1
1114112,12671,3
1114112,12673,3
1114112,12676,1
1114112,12677,1
1114112,12678,1
1114112,12679,1
1114112,12681,1
1114112,12682,1
1114112,12684,1
1114112,12685,85
1114112,12686,1
1114112,12800,3
1114112,12801,3
1114112,12802,2
1114112,12803,1
1114112,12804,1
1114112,12805,1
1114112,12806,1
1114112,12807,1
1114112,12808,1
1114112,12814,4
1114112,12815,4
1114112,12816,1
1114112,12817,1
1114112,12828,54
1114112,12881,1
1114112,12896,5
1114112,12897,3
1114112,12898,1
1114112,12899,1
1114112,12910,2
1114112,12911,2
1114112,12912,2
1114112,12913,1
1114112,14586,1
1114112,19966,1
1114112,19968,97
1114112,19969,6
1114112,19971,8
1114112,19975,1
1114112,19976,1
1114112,19977,35
1114112,19978,43
1114112,19979,4
1114112,19981,13
1114112,19985,1
1114112,19988,2
1114112,19990,10
1114112,19993,1
1114112,19996,1
1114112,20008,3
1114112,20013,43
1114112,20022,3
1114112,20024,3
1114112,20025,1
1114112,20027,6
1114112,20031,3
1114112,20035,3
1114112,20037,2
1114112,20043,1
1114112,20044,2
1114112,20045,1
1114112,20054,2
1114112,20057,8
1114112,20061,56
1114112,20063,1
1114112,20075,1
1114112,20081,1
1114112,20094,2
1114112,20101,2
1114112,20102,4
1114112,20104,2
1114112,20107,7
1114112,20108,31
1114112,20113,2
1114112,20116,15
1114112,20117,1
1114112,20121,2
1114112,20126,2
1114112,20128,2
1114112,20132,2
1114112,20133,1
1114112,20134,3
1114112,20140,4
1114112,20141,2
1114112,20154,12
1114112,20161,3
1114112,20167,1
1114112,20170,16
1114112,20182,3
1114112,20183,1
1114112,20185,1
1114112,20196,1
1114112,20197,12
1114112,20206,3
1114112,20208,1
1114112,20210,1
1114112,20219,1
1114112,20234,24
1114112,20239,1
1114112,20241,1
1114112,20253,1
1114112,20271,5
1114112,20294,4
1114112,20303,6
1114112,20304,2
1114112,20309,8
1114112,20313,2
1114112,20314,1
1114112,20315,6
1114112,20316,3
1114112,20320,3
1114112,20341,3
1114112,20351,1
1114112,20358,3
1114112,20365,4
1114112,20369,1
1114112,20381,5
1114112,20449,2
1114112,20462,5
1114112,20465,3
1114112,20472,1
1114112,20474,1
1114112,20491,2
1114112,20506,1
1114112,20511,1
1114112,20523,1
1114112,20539,1
1114112,20551,3
1114112,20565,2
1114112,20581,2
1114112,20597,1
1114112,20598,1
1114112,20605,2
1114112,20613,1
1114112,20625,1
1114112,20632,1
1114112,20659,3
1114112,20687,1
1114112,20693,6
1114112,20717,1
1114112,20736,1
1114112,20762,1
1114112,20778,2
1114112,20786,1
1114112,20799,2
1114112,20801,3
1114112,20803,4
1114112,20804,1
1114112,20807,1
1114112,20808,6
1114112,20809,9
1114112,20820,1
1114112,20834,1
1114112,20837,3
1114112,20839,2
1114112,20840,4
1114112,20841,1
1114112,20842,1
1114112,20843,11
1114112,20844,33
1114112,20845,80
1114112,20849,1
1114112,20854,29
1114112,20855,3
1114112,20866,2
1114112,20869,1
1114112,20870,1
1114112,20874,2
1114112,20877,3
1114112,20882,2
1114112,20886,2
1114112,20891,1
1114112,20892,1
1114112,20907,2
1114112,20908,2
1114112,20918,1
1114112,20919,2
1114112,20932,1
1114112,20940,1
1114112,20960,2
1114112,20961,10
1114112,20970,3
1114112,20977,1
1114112,20981,2
1114112,20982,2
1114112,20984,2
1114112,20985,2
1114112,20986,3
1114112,20992,2
1114112,20993,1
1114112,20998,2
1114112,20999,1
1114112,21000,1
1114112,21002,4
1114112,21009,1
1114112,21015,4
1114112,21018,1
1114112,21021,41
1114112,21029,7
1114112,21035,1
1114112,21040,2
1114112,21046,1
1114112,21063,2
1114112,21069,80
1114112,21078,1
1114112,21083,1
1114112,21093,1
1114112,21127,1
1114112,21129,12
1114112,21147,5
1114112,21151,1
1114112,21152,7
1114112,21160,1
1114112,21162,3
1114112,21191,1
1114112,21205,1
1114112,21213,5
1114112,21234,1
1114112,21241,1
1114112,21242,1
1114112,21247,2
1114112,21253,1
1114112,21269,1
1114112,21270,4
1114112,21271,16
1114112,21274,1
1114112,21304,1
1114112,21307,1
1114112,21313,10
1114112,21315,7
1114112,21322,6
1114112,21330,1
1114112,21332,1
1114112,21333,1
1114112,21335,13
1114112,21338,1
1114112,21340,1
1114112,21344,2
1114112,21353,1
1114112,21360,2
1114112,21361,1
1114112,21373,4
1114112,21375,1
1114112,21378,1
1114112,21380,1
1114112,21407,5
1114112,21427,1
1114112,21430,1
1114112,21443,4
1114112,21448,19
1114112,21450,3
1114112,21451,3
1114112,21453,4
1114112,21462,1
1114112,21463,3
1114112,21475,3
1114112,21476,13
1114112,21477,1
1114112,21482,1
1114112,21484,1
1114112,21487,6
1114112,21488,5
1114112,21490,2
1114112,21491,16
1114112,21496,6
1114112,21508,2
1114112,21512,1
1114112,21513,7
1114112,21516,5
1114112,21517,3
1114112,21518,1
1114112,21520,1
1114112,21521,7
1114112,21531,18
1114112,21542,1
1114112,21547,1
1114112,21555,3
1114112,21566,4
1114112,21570,10
1114112,21608,4
1114112,21610,2
1114112,21628,1
1114112,21629,1
1114112,21644,7
1114112,21647,1
1114112,21682,3
1114112,21688,2
1114112,21696,4
1114112,21704,1
1114112,21741,2
1114112,21746,1
1114112,21767,1
1114112,21776,7
1114112,21807,2
1114112,21830,1
1114112,21839,2
1114112,21843,1
1114112,21884,1
1114112,21892,2
1114112,21895,2
1114112,21914,1
1114112,21916,1
1114112,21917,2
1114112,21978,1
1114112,21983,4
1114112,22025,6
1114112,22039,1
1114112,22120,1
1114112,22124,1
1114112,22231,2
1114112,22235,25
1114112,22238,4
1114112,22240,3
1114112,22256,1
1114112,22258,1
1114112,22269,4
1114112,22270,1
1114112,22283,9
1114112,22291,2
1114112,22296,1
1114112,22303,4
1114112,22311,1
1114112,22312,3
1114112,22317,2
1114112,22320,9
1114112,22323,1
1114112,22338,1
1114112,22352,4
1114112,22372,2
1114112,22374,1
1114112,22378,1
1114112,22402,1
1114112,22435,1
1114112,22478,3
1114112,22519,1
1114112,22522,1
1114112,22524,1
1114112,22528,2
1114112,22530,3
1114112,22533,2
1114112,22577,1
1114112,22592,1
1114112,22612,1
1114112,22618,1
1114112,22622,1
1114112,22645,1
1114112,22654,1
1114112,22675,2
1114112,22679,1
1114112,22702,1
1114112,22714,1
1114112,22721,1
1114112,22730,1
1114112,22732,1
1114112,22763,3
1114112,22766,2
1114112,22768,3
1114112,22779,1
1114112,22781,3
1114112,22786,2
1114112,22794,1
1114112,22799,11
1114112,22805,14
1114112,22806,19
1114112,22810,2
1114112,22812,6
1114112,22818,12
1114112,22823,66
1114112,22825,35
1114112,22826,28
1114112,22827,3
1114112,22833,1
1114112,22856,2
1114112,22857,1
1114112,22863,2
1114112,22865,1
1114112,22887,1
1114112,22894,7
1114112,22899,13
1114112,22900,1
1114112,22909,8
1114112,22914,12
1114112,22916,3
1114112,22934,1
1114112,22937,4
1114112,22971,3
1114112,22987,2
1114112,22993,2
1114112,22995,1
1114112,23004,3
1114112,23075,2
1114112,23142,6
1114112,23244,1
1114112,23308,1
1114112,23376,23
1114112,23380,6
1114112,23382,1
1114112,23383,3
1114112,23389,5
1114112,23391,4
1114112,23395,5
1114112,23396,4
1114112,23398,1
1114112,23403,10
1114112,23416,2
1114112,23424,1
1114112,23431,8
1114112,23432,3
1114112,23433,6
1114112,23435,1
1114112,23436,3
1114112,23448,5
1114112,23449,3
1114112,23450,2
1114112,23452,2
1114112,23453,6
1114112,23455,2
1114112,23462,1
1114112,23470,6
1114112,23475,1
1114112,23476,1
1114112,23477,1
1114112,23478,6
1114112,23481,1
1114112,23487,1
1114112,23490,2
1114112,23493,1
1114112,23494,5
1114112,23500,2
1114112,23506,2
1114112,23507,1
1114112,23521,1
1114112,23526,7
1114112,23527,1
1114112,23544,1
1114112,23546,3
1114112,23547,1
1114112,23550,1
1114112,23551,1
1114112,23553,2
1114112,23559,2
1114112,23562,1
1114112,23565,7
1114112,23567,18
1114112,23569,8
1114112,23570,1
1114112,23576,1
1114112,23577,1
1114112,23578,2
1114112,23586,1
1114112,23608,1
1114112,23609,1
1114112,23612,1
1114112,23616,1
1114112,23621,5
1114112,23652,1
1114112,23653,1
1114112,23662,1
1114112,23663,2
1114112,23665,17
1114112,23696,1
1114112,23713,1
1114112,23721,1
1114112,23724,2
1114112,23784,1
1114112,23792,1
1114112,23798,1
1114112,23815,5
1114112,23822,1
1114112,23828,5
1114112,24027,1
1114112,24029,2
1114112,24030,2
1114112,24033,1
1114112,24037,5
1114112,24038,3
1114112,24039,1
1114112,24043,1
1114112,24046,2
1114112,24049,1
1114112,24050,4
1114112,24051,1
1114112,24052,1
1114112,24062,1
1114112,24066,1
1114112,24067,3
1114112,24076,4
1114112,24093,7
1114112,24107,2
1114112,24118,1
1114112,24120,6
1114112,24149,1
1114112,24159,1
1114112,24161,1
1114112,24163,1
1114112,24178,3
1114112,24179,12
1114112,24180,1
1114112,24184,6
1114112,24186,1
1114112,24187,4
1114112,24188,1
1114112,24189,1
1114112,24190,1
1114112,24191,6
1114112,24195,2
1114112,24207,1
1114112,24237,1
1114112,24246,1
1114112,24247,5
1114112,24254,1
1114112,24290,2
1114112,24291,4
1114112,24308,1
1114112,24314,7
1114112,24318,1
1114112,24320,1
1114112,24330,1
1114112,24331,1
1114112,24339,1
1114112,24341,2
1114112,24351,1
1114112,24358,1
1114112,24373,7
1114112,24375,3
1114112,24382,1
1114112,24392,2
1114112,24400,1
1114112,24403,2
1114112,24417,1
1114112,24418,15
1114112,24420,1
1114112,24425,4
1114112,24427,1
1114112,24433,1
1114112,24435,1
1114112,24444,2
1114112,24448,1
1114112,24449,1
1114112,24453,1
1114112,24460,8
1114112,24464,1
1114112,24471,13
1114112,24478,3
1114112,24481,2
1114112,24489,7
1114112,24494,2
1114112,24515,14
1114112,24516,1
1114112,24517,1
1114112,24535,4
1114112,24544,3
1114112,24555,3
1114112,24573,2
1114112,24605,4
1114112,24613,1
1114112,24615,1
1114112,24618,2
1114112,24641,2
1114112,24651,17
1114112,24656,1
1114112,24677,1
1114112,24681,2
1114112,24687,2
1114112,24736,5
1114112,24739,1
1114112,24746,3
1114112,24754,4
1114112,24773,5
1114112,24785,2
1114112,24799,5
1114112,24819,1
1114112,24827,1
1114112,24841,1
1114112,24847,2
1114112,24859,12
1114112,24863,1
1114112,24871,1
1114112,24904,2
1114112,24927,1
1114112,24930,1
1114112,24950,1
1114112,24962,4
1114112,24977,1
1114112,24980,1
1114112,24996,1
1114112,25010,3
1114112,25033,1
1114112,25040,1
1114112,25074,1
1114112,25080,1
1114112,25096,1
1114112,25105,10
1114112,25110,31
1114112,25114,1
1114112,25126,3
1114112,25136,3
1114112,25142,1
1114112,25147,1
1114112,25151,6
1114112,25152,6
1114112,25161,1
1114112,25163,6
1114112,25171,5
1114112,25215,1
1114112,25226,1
1114112,25237,2
1114112,25240,2
1114112,25259,1
1114112,25265,1
1114112,25273,1
1114112,25276,1
1114112,25293,2
1114112,25296,1
1114112,25307,1
1114112,25321,1
1114112,25329,1
1114112,25351,1
1114112,25353,1
1114112,25361,1
1114112,25375,1
1114112,25384,1
1114112,25401,1
1114112,25405,1
1114112,25407,1
1114112,25448,1
1114112,25454,1
1114112,25475,1
1114112,25480,1
1114112,25499,1
1114112,25505,1
1114112,25506,1
1114112,25511,1
1114112,25512,2
1114112,25531,1
1114112,25558,1
1114112,25562,1
1114112,25645,1
1114112,25696,1
1114112,25705,2
1114112,25731,1
1114112,25771,2
1114112,25776,1
1114112,25799,1
1114112,25802,2
1114112,25818,4
1114112,25856,1
1114112,25885,1
1114112,25903,5
1114112,25908,1
1114112,25913,6
1114112,25925,118
1114112,25934,8
1114112,25942,1
1114112,25955,3
1114112,25964,1
1114112,25968,1
1114112,25973,1
1114112,25975,2
1114112,25976,4
1114112,25991,16
1114112,25993,1
1114112,26007,2
1114112,26020,1
1114112,26028,1
1114112,26029,1
1114112,26031,1
1114112,26032,34
1114112,26041,5
1114112,26045,1
1114112,26053,2
1114112,26071,1
1114112,26080,2
1114112,26083,6
1114112,26085,26
1114112,26089,4
1114112,26093,2
1114112,26118,2
1114112,26124,2
1114112,26126,20
1114112,26132,1
1114112,26143,7
1114112,26144,6
1114112,26149,4
1114112,26152,5
1114112,26157,4
1114112,26159,19
1114112,26178,11
1114112,26185,5
1114112,26187,7
1114112,26222,1
1114112,26228,3
1114112,26234,1
1114112,26241,3
1114112,26263,2
1114112,26279,1
1114112,26286,1
1114112,26313,2
1114112,26342,1
1114112,26352,24
1114112,26354,1
1114112,26356,3
1114112,26360,2
1114112,26361,3
1114112,26366,16
1114112,26368,7
1114112,26371,1
1114112,26376,15
1114112,26377,35
1114112,26381,4
1114112,26388,1
1114112,26389,3
1114112,26395,1
1114112,26397,21
1114112,26399,1
1114112,26408,8
1114112,26410,8
1114112,26411,1
1114112,26412,8
1114112,26417,4
1114112,26420,5
1114112,26441,3
1114112,26446,44
1114112,26447,1
1114112,26449,1
1114112,26460,2
1114112,26469,1
1114112,26481,26
1114112,26494,7
1114112,26519,4
1114112,26524,2
1114112,26528,1
1114112,26579,1
1114112,26611,13
1114112,26612,2
1114112,26628,1
1114112,26643,1
1114112,26657,1
1114112,26666,1
1114112,26685,1
1114112,26705,1
1114112,26707,1
1114112,26708,2
1114112,26716,9
1114112,26719,1
1114112,26753,1
1114112,26757,2
1114112,26792,1
1114112,26805,2
1114112,26842,1
1114112,26847,1
1114112,26862,4
1114112,26866,1
1114112,26905,1
1114112,26943,6
1114112,26954,3
1114112,26997,1
1114112,27004,1
1114112,27005,1
1114112,27010,1
1114112,27054,1
1114112,27096,1
1114112,27133,1
1114112,27138,3
1114112,27159,1
1114112,27161,1
1114112,27211,4
1114112,27224,2
1114112,27231,1
1114112,27243,8
1114112,27298,2
1114112,27356,1
1114112,27410,1
1114112,27424,1
1114112,27425,3
1114112,27431,1
1114112,27468,2
1114112,27472,1
1114112,27475,1
1114112,27490,4
1114112,27491,7
1114112,27492,17
1114112,27493,1
1114112,27494,10
1114112,27498,1
1114112,27506,1
1114112,27507,1
1114112,27508,5
1114112,27511,3
1114112,27512,2
1114112,27513,2
1114112,27515,3
1114112,27571,1
1114112,27579,1
1114112,27584,1
1114112,27595,3
1114112,27597,6
1114112,27598,1
1114112,27599,5
1114112,27602,1
1114112,27604,5
1114112,27611,1
1114112,27663,1
1114112,27665,5
1114112,27668,1
1114112,27671,1
1114112,27683,1
1114112,27700,11
1114112,27703,1
1114112,27704,14
1114112,27713,1
1114112,27741,1
1114112,27743,10
1114112,27744,2
1114112,27754,1
1114112,27762,1
1114112,27784,3
1114112,27794,1
1114112,27798,3
1114112,27801,3
1114112,27827,4
1114112,27833,2
1114112,27835,2
1114112,27836,1
1114112,27861,6
1114112,27869,1
1114112,27873,3
1114112,27874,2
1114112,27877,1
1114112,27880,2
1114112,27888,3
1114112,27915,1
1114112,27931,1
1114112,27934,2
1114112,27935,1
1114112,27946,2
1114112,27963,1
1114112,27969,5
1114112,27972,1
1114112,27993,1
1114112,28014,4
1114112,28023,12
1114112,28037,1
1114112,28057,3
1114112,28079,1
1114112,28092,3
1114112,28113,2
1114112,28129,1
1114112,28136,1
1114112,28142,2
1114112,28145,4
1114112,28149,1
1114112,28152,8
1114112,28165,1
1114112,28179,1
1114112,28185,1
1114112,28186,2
1114112,28193,1
1114112,28198,1
1114112,28201,1
1114112,28207,3
1114112,28216,1
1114112,28222,1
1114112,28246,2
1114112,28251,1
1114112,28288,3
1114112,28317,1
1114112,28324,1
1114112,28330,2
1114112,28331,3
1114112,28356,1
1114112,28385,1
1114112,28402,1
1114112,28415,2
1114112,28436,3
1114112,28448,1
1114112,28450,8
1114112,28459,2
1114112,28460,1
1114112,28472,1
1114112,28478,1
1114112,28511,1
1114112,28548,3
1114112,28608,2
1114112,28610,1
1114112,28618,1
1114112,28639,4
1114112,28655,1
1114112,28699,1
1114112,28716,1
1114112,28768,1
1114112,28779,6
1114112,28784,3
1114112,28797,1
1114112,28856,1
1114112,28857,2
1114112,28858,5
1114112,28879,3
1114112,28909,1
1114112,28961,26
1114112,28966,1
1114112,28982,4
1114112,29004,1
1114112,29033,1
1114112,29036,1
1114112,29066,2
1114112,29081,2
1114112,29096,1
1114112,29105,3
1114112,29118,1
1114112,29128,1
1114112,29141,1
1114112,29151,1
1114112,29159,2
1114112,29190,1
1114112,29226,1
1114112,29233,2
1114112,29234,4
1114112,29238,14
1114112,29242,1
1114112,29243,1
1114112,29245,1
1114112,29246,3
1114112,29247,1
1114112,29255,2
1114112,29256,1
1114112,29270,1
1114112,29273,1
1114112,29275,2
1114112,29287,2
1114112,29305,5
1114112,29356,1
1114112,29378,1
1114112,29392,1
1114112,29409,1
1114112,29420,1
1114112,29483,2
1114112,29494,1
1114112,29503,1
1114112,29539,2
1114112,29544,3
1114112,29562,1
1114112,29572,18
1114112,29575,1
1114112,29577,8
1114112,29579,18
1114112,29677,1
1114112,29694,33
1114112,29699,1
1114112,29702,3
1114112,29748,2
1114112,29790,3
1114112,29792,1
1114112,29898,1
1114112,29916,1
1114112,29926,2
1114112,29942,1
1114112,29976,1
1114112,29978,3
1114112,29980,1
1114112,29983,9
1114112,29987,2
1114112,29992,5
1114112,29995,1
1114112,30000,4
1114112,30001,3
1114112,30002,9
1114112,30003,2
1114112,30007,12
1114112,30041,1
1114112,30064,2
1114112,30069,2
1114112,30070,6
1114112,30090,1
1114112,30091,1
1114112,30095,1
1114112,30097,1
1114112,30098,1
1114112,30142,1
1114112,30149,4
1114112,30151,1
1114112,30290,1
1114112,30326,1
1114112,30330,1
1114112,30331,4
1114112,30332,7
1114112,30333,14
1114112,30334,8
1114112,30340,2
1114112,30342,1
1114112,30343,3
1114112,30382,1
1114112,30399,2
1114112,30446,2
1114112,30452,2
1114112,30456,2
1114112,30465,1
1114112,30494,38
1114112,30495,9
1114112,30522,1
1114112,30526,2
1114112,30636,1
1114112,30679,1
1114112,30683,1
1114112,30690,2
1114112,30701,3
1114112,30703,1
1114112,30707,11
1114112,30740,1
1114112,30813,3
1114112,30828,1
1114112,30889,1
1114112,30899,1
1114112,30922,1
1114112,30952,2
1114112,31034,1
1114112,31036,1
1114112,31038,6
1114112,31048,1
1114112,31056,1
1114112,31062,11
1114112,31070,13
1114112,31077,1
1114112,31085,3
1114112,31103,1
1114112,31119,4
1114112,31150,4
1114112,31160,1
1114112,31166,2
1114112,31169,3
1114112,31179,4
1114112,31185,1
1114112,31192,1
1114112,31206,1
1114112,31227,2
1114112,31243,1
1114112,31271,1
1114112,31278,3
1114112,31282,3
1114112,31292,1
1114112,31293,1
1114112,31298,2
1114112,31309,1
1114112,31328,1
1114112,31348,1
1114112,31354,7
1114112,31363,1
1114112,31379,1
1114112,31406,1
1114112,31435,5
1114112,31452,1
1114112,31456,1
1114112,31461,2
1114112,31481,1
1114112,31505,3
1114112,31513,1
1114112,31526,1
1114112,31532,22
1114112,31545,1
1114112,31558,1
1114112,31561,1
1114112,31569,2
1114112,31570,1
1114112,31572,1
1114112,31574,1
1114112,31637,1
1114112,31649,2
1114112,31680,1
1114112,31852,1
1114112,31859,2
1114112,31909,1
1114112,31992,1
1114112,32002,2
1114112,32004,4
1114112,32005,4
1114112,32013,1
1114112,32020,1
1114112,32023,1
1114112,32032,6
1114112,32043,2
1114112,32066,3
1114112,32080,2
1114112,32117,2
1114112,32118,3
1114112,32147,4
1114112,32156,1
1114112,32173,5
1114112,32178,2
1114112,32190,1
1114112,32202,1
1114112,32210,1
1114112,32227,1
1114112,32232,1
1114112,32260,1
1114112,32291,1
1114112,32317,2
1114112,32321,1
1114112,32326,1
1114112,32396,2
1114112,32399,1
1114112,32453,1
1114112,32566,2
1114112,32570,2
1114112,32593,1
1114112,32608,1
1114112,32645,7
1114112,32650,2
1114112,32654,24
1114112,32676,2
1114112,32681,9
1114112,32701,4
1114112,32722,1
1114112,32736,2
1114112,32769,3
1114112,32771,1
1114112,32773,1
1114112,32780,4
1114112,32786,1
1114112,32791,1
1114112,32819,1
1114112,32829,1
1114112,32842,1
1114112,32854,4
1114112,32856,1
1114112,32882,3
1114112,32887,4
1114112,32895,1
1114112,32902,1
1114112,32903,3
1114112,32905,2
1114112,32908,1
1114112,32918,1
1114112,32930,1
1114112,32933,1
1114112,32943,1
1114112,32963,2
1114112,32964,1
1114112,32990,1
1114112,32993,3
1114112,33016,3
1114112,33021,1
1114112,33050,2
1114112,33104,1
1114112,33125,1
1114112,33178,1
1114112,33181,1
1114112,33251,2
1114112,33256,4
1114112,33258,15
1114112,33267,6
1114112,33268,1
1114112,33274,6
1114112,33276,1
1114112,33285,2
1114112,33287,3
1114112,33288,1
1114112,33289,1
1114112,33290,4
1114112,33292,1
1114112,33307,1
1114112,33308,1
1114112,33310,2
1114112,33311,2
1114112,33324,2
1114112,33390,1
1114112,33394,3
1114112,33400,1
1114112,33437,1
1114112,33457,10
1114112,33459,1
1114112,33509,19
1114112,33521,5
1114112,33539,5
1114112,33541,1
1114112,33576,1
1114112,33609,6
1114112,33615,1
1114112,33618,1
1114112,33673,1
1114112,33674,1
1114112,33707,2
1114112,33729,1
1114112,33738,2
1114112,33756,1
1114112,33769,1
1114112,33775,7
1114112,33782,1
1114112,33836,21
1114112,33853,2
1114112,33879,2
1114112,33891,2
1114112,33900,2
1114112,33945,1
1114112,33970,1
1114112,33980,5
1114112,34028,1
1114112,34030,2
1114112,34081,2
1114112,34083,1
1114112,34196,1
1114112,34203,1
1114112,34220,1
1114112,34253,3
1114112,34255,2
1114112,34269,1
1114112,34276,4
1114112,34299,1
1114112,34311,1
1114112,34314,1
1114112,34381,1
1114112,34394,1
1114112,34398,2
1114112,34399,1
1114112,34411,2
1114112,34425,3
1114112,34503,1
1114112,34509,1
1114112,34562,1
1114112,34678,1
1114112,34865,1
1114112,34880,3
1114112,34886,2
1114112,34892,9
1114112,34907,6
1114112,34909,3
1114112,34915,3
1114112,34916,2
1114112,34920,3
1114112,34987,2
1114112,35026,2
1114112,35029,2
1114112,35059,1
1114112,35060,1
1114112,35061,2
1114112,35088,1
1114112,35090,1
1114112,35140,2
1114112,35167,1
1114112,35198,1
1114112,35199,12
1114112,35207,1
1114112,35211,4
1114112,35226,2
1114112,35242,6
1114112,35258,1
1114112,35264,3
1114112,35282,3
1114112,35299,3
1114112,35320,1
1114112,35328,4
1114112,35347,1
1114112,35352,2
1114112,35359,1
1114112,35373,1
1114112,35382,1
1114112,35387,4
1114112,35413,1
1114112,35430,1
1114112,35433,1
1114112,35475,2
1114112,35477,1
1114112,35486,1
1114112,35498,1
1114112,35500,1
1114112,35501,1
1114112,35504,3
1114112,35531,1
1114112,35535,1
1114112,35542,2
1114112,35576,5
1114112,35586,10
1114112,35598,1
1114112,35609,1
1114112,35692,2
1114112,35695,1
1114112,35696,2
1114112,35703,1
1114112,35722,1
1114112,35731,3
1114112,35874,1
1114112,35880,1
1114112,35895,4
1114112,35910,1
1114112,35912,2
1114112,35920,2
1114112,35925,1
1114112,35937,1
1114112,35946,1
1114112,35947,3
1114112,35960,1
1114112,35997,1
1114112,35998,3
1114112,36001,3
1114112,36010,1
1114112,36020,1
1114112,36032,1
1114112,36033,1
1114112,36039,1
1114112,36042,1
1114112,36051,6
1114112,36066,3
1114112,36068,1
1114112,36070,1
1114112,36104,5
1114112,36196,6
1114112,36208,1
1114112,36213,1
1114112,36215,4
1114112,36229,2
1114112,36234,3
1114112,36249,5
1114112,36264,1
1114112,36275,3
1114112,36299,1
1114112,36335,2
1114112,36367,2
1114112,36368,1
1114112,36523,4
1114112,36530,1
1114112,36554,8
1114112,36557,4
1114112,36629,1
1114112,36637,1
1114112,36681,3
1114112,36710,1
1114112,36716,1
1114112,36763,3
1114112,36774,1
1114112,36784,1
1114112,36786,2
1114112,36789,2
1114112,36817,6
1114112,36820,2
1114112,36825,1
1114112,36829,1
1114112,36830,1
1114112,36855,3
1114112,36861,3
1114112,36864,2
1114112,36865,3
1114112,36879,1
1114112,36890,11
1114112,36893,1
1114112,36898,1
1114112,36899,2
1114112,36913,2
1114112,36914,3
1114112,36930,1
1114112,36938,10
1114112,36939,1
1114112,36942,2
1114112,36943,1
1114112,36944,1
1114112,36947,7
1114112,36948,1
1114112,36951,1
1114112,36953,2
1114112,36960,4
1114112,36963,1
1114112,36974,1
1114112,36986,1
1114112,36988,1
1114112,36992,1
1114112,36996,2
1114112,37009,1
1114112,37013,1
1114112,37027,2
1114112,37030,1
1114112,37034,2
1114112,37070,1
1114112,37101,2
1114112,37141,1
1114112,37165,4
1114112,37172,2
1114112,37193,1
1114112,37196,1
1114112,37197,45
1114112,37261,1
1114112,37291,3
1114112,37318,1
1114112,37323,5
1114112,37324,3
1114112,37325,3
1114112,37326,2
1114112,37329,52
1114112,37347,1
1114112,37428,6
1114112,37444,2
1114112,37449,1
1114112,37474,1
1114112,37528,1
1114112,37648,1
1114112,37670,3
1114112,37682,5
1114112,37857,1
1114112,37941,2
1114112,38047,1
1114112,38065,1
1114112,38108,1
1114112,38263,7
1114112,38271,2
1114112,38272,3
1114112,38281,1
1114112,38283,2
1114112,38289,1
1114112,38291,1
1114112,38292,1
1114112,38343,2
1114112,38364,2
1114112,38428,2
1114112,38463,2
1114112,38477,1
1114112,38500,3
1114112,38506,1
1114112,38512,3
1114112,38515,1
1114112,38517,2
1114112,38518,2
1114112,38525,3
1114112,38533,1
1114112,38539,2
1114112,38548,1
1114112,38556,1
1114112,38563,3
1114112,38568,5
1114112,38577,1
1114112,38582,1
1114112,38585,1
1114112,38596,1
1114112,38597,1
1114112,38598,1
1114112,38604,1
1114112,38605,1
1114112,38609,2
1114112,38614,2
1114112,38619,4
1114112,38620,1
1114112,38632,6
1114112,38634,7
1114112,38640,1
1114112,38642,2
1114112,38651,4
1114112,38656,1
1114112,38666,1
1114112,38669,2
1114112,38728,1
1114112,38737,4
1114112,38738,8
1114112,38742,4
1114112,38745,5
1114112,38748,2
1114112,38750,4
1114112,38752,1
1114112,38754,1
1114112,38761,2
1114112,38772,1
1114112,38797,1
1114112,38816,1
1114112,38859,1
1114112,38867,8
1114112,38876,1
1114112,38893,1
1114112,38899,2
1114112,38911,1
1114112,38913,1
1114112,38915,1
1114112,38918,1
1114112,38920,3
1114112,38929,1
1114112,38936,1
1114112,38948,1
1114112,38957,6
1114112,38971,1
1114112,38988,2
1114112,38996,9
1114112,39000,1
1114112,39006,1
1114112,39023,5
1114112,39080,11
1114112,39131,2
1114112,39135,4
1114112,39150,1
1114112,39151,2
1114112,39164,1
1114112,39184,1
1114112,39208,1
1114112,39318,1
1114112,39321,9
1114112,39340,5
1114112,39364,1
1114112,39365,1
1114112,39391,1
1114112,39423,1
1114112,39434,1
1114112,39438,1
1114112,39478,1
1114112,39514,1
1114112,39530,1
1114112,39558,1
1114112,39592,1
1114112,39636,2
1114112,39640,21
1114112,39647,1
1114112,39717,1
1114112,39727,1
1114112,39730,1
1114112,39740,4
1114112,39746,8
1114112,39759,1
1114112,39764,1
1114112,39770,1
1114112,39973,1
1114112,40023,1
1114112,40060,1
1114112,40165,2
1114112,40169,1
1114112,40179,2
1114112,40232,1
1114112,40251,1
1114112,40372,2
1114112,40565,1
1114112,40575,2
1114112,40594,1
1114112,40613,1
1114112,40635,4
1114112,40643,8
1114112,40644,3
1114112,40653,1
1114112,40657,2
1114112,40658,8
1114112,40687,2
1114112,40697,1
1114112,40701,1
1114112,40718,4
1114112,40723,2
1114112,40736,2
1114112,40763,1
1114112,40778,5
1114112,40779,1
1114112,40786,3
1114112,40845,11
1114112,40848,2
1114112,40860,3
1114112,40864,3
1114112,42574,1
1114112,42578,1
1114112,42592,1
1114112,42600,1
1114112,42604,1
1114112,42606,1
1114112,42626,1
1114112,42632,1
1114112,42648,1
1114112,42842,2
1114112,43361,1
1114112,43362,1
1114112,43371,1
1114112,43384,1
1114112,43385,1
1114112,43388,1
1114112,44032,57881
1114112,44033,242302
1114112,44036,4820
1114112,44039,5
1114112,44040,2373
1114112,44048,9068
1114112,44049,891
1114112,44050,76
1114112,44051,240
1114112,44052,1
1114112,44053,14755
1114112,44054,20
1114112,44057,160587
1114112,44060,50387
1114112,44061,631
1114112,44064,35
1114112,44068,3830
1114112,44076,10
1114112,44077,11
1114112,44079,86
1114112,44081,109
1114112,44088,109
1114112,44089,2
1114112,44096,6
1114112,44109,8
1114112,44116,1
1114112,44144,4877
1114112,44145,20
1114112,44148,7790
1114112,44151,27
1114112,44152,471
1114112,44154,1
1114112,44160,2598
1114112,44161,33
1114112,44163,33
1114112,44165,21
1114112,44169,185
1114112,44172,13452
1114112,44176,887
1114112,44180,146
1114112,44188,28
1114112,44191,57
1114112,44200,633
1114112,44201,634
1114112,44202,1
1114112,44204,645
1114112,44208,12825
1114112,44216,78
1114112,44217,57
1114112,44221,66277
1114112,44225,22
1114112,44228,8925
1114112,44256,44785
1114112,44257,15191
1114112,44260,816
1114112,44263,263
1114112,44264,3878
1114112,44272,364
1114112,44273,147
1114112,44275,30
1114112,44277,21160
1114112,44278,16
1114112,44284,11972
1114112,44285,560
1114112,44288,17500
1114112,44292,216
1114112,44300,165
1114112,44305,18458
1114112,44312,133
1114112,44316,14
1114112,44333,26
1114112,44340,1503
1114112,44341,13
1114112,44344,4
1114112,44348,4
1114112,44361,53
1114112,44368,25833
1114112,44376,2
1114112,44396,24941
1114112,44397,39065
1114112,44400,9404
1114112,44403,54
1114112,44404,560
1114112,44405,328
1114112,44406,42
1114112,44412,29
1114112,44413,104
1114112,44415,233
1114112,44417,1006
1114112,44418,2
1114112,44424,80
1114112,44425,5
1114112,44428,2647
1114112,44432,95
1114112,44452,419
1114112,44456,2
1114112,44460,17
1114112,44480,1864
1114112,44484,46
1114112,44488,14
1114112,44496,1
1114112,44499,16
1114112,44508,1851
1114112,44512,278
1114112,44516,137
1114112,44524,11
1114112,44536,84556
1114112,44537,3675
1114112,44540,3808
1114112,44544,2976
1114112,44545,3
1114112,44552,6992
1114112,44553,960
1114112,44555,1
1114112,44557,280
1114112,44564,1
1114112,44592,83044
1114112,44593,23
1114112,44596,1839
1114112,44600,1565
1114112,44608,25132
1114112,44609,73
1114112,44611,169
1114112,44613,12
1114112,44616,1
1114112,44617,3
1114112,44618,149
1114112,44620,441
1114112,44621,19
1114112,44622,19
1114112,44624,40
1114112,44628,86
1114112,44636,63
1114112,44637,5
1114112,44639,34
1114112,44641,29
1114112,44648,124
1114112,44667,6
1114112,44669,13
1114112,44676,1
1114112,44677,3
1114112,44704,1
1114112,44732,40
1114112,44733,6
1114112,44734,7
1114112,44736,44
1114112,44740,2
1114112,44748,48
1114112,44749,60
1114112,44753,2
1114112,44760,6
1114112,44776,1
1114112,44777,3
1114112,44781,1
1114112,44788,6
1114112,44816,1
1114112,44844,739
1114112,44845,157
1114112,44848,70
1114112,44852,50
1114112,44860,14
1114112,44861,10
1114112,44863,2
1114112,44865,19
1114112,44866,4
1114112,44867,709
1114112,44872,17
1114112,44873,5
1114112,44876,13
1114112,44893,214
1114112,44900,27
1114112,44901,4
1114112,44921,6
1114112,44928,22
1114112,44956,1
1114112,44984,217
1114112,44985,17
1114112,44988,1
1114112,44992,129
1114112,44999,1
1114112,45000,418
1114112,45003,6
1114112,45005,1
1114112,45012,1
1114112,45033,36
1114112,45040,9
1114112,45068,1
1114112,45096,1
1114112,45124,104
1114112,45128,293
1114112,45130,40
1114112,45132,27
1114112,45134,2
1114112,45139,39
1114112,45140,12
1114112,45143,2
1114112,45149,198
1114112,45152,1
1114112,45180,84
1114112,45181,2
1114112,45184,5
1114112,45188,2
1114112,45196,11
1114112,45201,2
1114112,45208,27646
1114112,45209,1154
1114112,45210,136
1114112,45212,2782
1114112,45216,904
1114112,45217,12
1114112,45224,37106
1114112,45225,480
1114112,45227,73
1114112,45228,1
1114112,45229,711
1114112,45230,400
1114112,45231,38
1114112,45233,49
1114112,45235,2
1114112,45236,13080
1114112,45237,5
1114112,45240,118
1114112,45244,1
1114112,45252,44
1114112,45253,12
1114112,45255,22
1114112,45257,1166
1114112,45264,76
1114112,45265,1
1114112,45268,2
1114112,45272,4
1114112,45280,9
1114112,45285,19
1114112,45292,1
1114112,45320,754
1114112,45321,16
1114112,45323,11
1114112,45324,34
1114112,45328,139
1114112,45331,366
1114112,45336,130
1114112,45337,63
1114112,45339,24
1114112,45341,6
1114112,45347,3
1114112,45348,13764
1114112,45349,867
1114112,45352,20
1114112,45355,1
1114112,45356,231
1114112,45364,153
1114112,45365,59
1114112,45367,1095
1114112,45376,9
1114112,45377,1
1114112,45380,113
1114112,45384,1
1114112,45392,3
1114112,45393,1
1114112,45395,12
1114112,45397,47
1114112,45404,17
1114112,45408,3
1114112,45420,2
1114112,45423,3
1114112,45432,25355
1114112,45433,1910
1114112,45436,4810
1114112,45440,530
1114112,45448,25
1114112,45449,3
1114112,45451,16
1114112,45453,3435
1114112,45458,765
1114112,45459,6
1114112,45460,1
1114112,45464,1
1114112,45468,1
1114112,45488,1
1114112,45516,1350
1114112,45544,25
1114112,45545,1
1114112,45565,2
1114112,45572,2113
1114112,45573,10
1114112,45576,768
1114112,45580,40
1114112,45588,3
1114112,45589,2
1114112,45591,2
1114112,45593,6
1114112,45600,5
1114112,45628,1
1114112,45656,232
1114112,45657,1
1114112,45675,1
1114112,45684,19327
1114112,45685,1
1114112,45692,6
1114112,45700,1
1114112,45712,269
1114112,45713,296
1114112,45716,1689
1114112,45720,129
1114112,45721,33
1114112,45728,3
1114112,45729,4
1114112,45731,2
1114112,45733,1132
1114112,45734,57
1114112,45738,50
1114112,45740,1
1114112,45748,3
1114112,45768,9717
1114112,45769,357
1114112,45772,2395
1114112,45775,1
1114112,45776,331
1114112,45784,192
1114112,45785,14
1114112,45787,1210
1114112,45789,202
1114112,45790,1
1114112,45796,39250
1114112,45797,642
1114112,45800,11688
1114112,45803,174
1114112,45804,3002
1114112,45805,299
1114112,45806,21
1114112,45812,1486
1114112,45813,97
1114112,45815,159
1114112,45817,9647
1114112,45819,5
1114112,45823,75
1114112,45824,246489
1114112,45825,6
1114112,45828,636
1114112,45832,493
1114112,45840,109
1114112,45841,7
1114112,45843,33
1114112,45845,18
1114112,45852,23
1114112,45880,1
1114112,45908,10973
1114112,45909,1680
1114112,45912,412
1114112,45916,66
1114112,45924,164
1114112,45925,15
1114112,45927,641
1114112,45929,246
1114112,45931,12
1114112,45934,30
1114112,45936,9814
1114112,45937,78
1114112,45940,5991
1114112,45944,1102
1114112,45952,28
1114112,45953,6
1114112,45955,10
1114112,45957,16
1114112,45961,1
1114112,45964,1
1114112,45965,1
1114112,45992,6
1114112,45996,6
1114112,46020,38382
1114112,46021,29128
1114112,46024,879
1114112,46027,11
1114112,46028,1299
1114112,46036,182
1114112,46037,11
1114112,46039,376
1114112,46041,32066
1114112,46043,77
1114112,46045,2
1114112,46047,1
1114112,46048,2
1114112,46052,13
1114112,46069,1
1114112,46076,268
1114112,46096,1
1114112,46104,143
1114112,46108,52
1114112,46112,5
1114112,46120,1
1114112,46125,18
1114112,46132,5
1114112,46160,7558
1114112,46161,16
1114112,46164,260
1114112,46168,779
1114112,46176,75
1114112,46177,3
1114112,46181,524
1114112,46188,3
1114112,46216,1
1114112,46244,738
1114112,46248,1
1114112,46252,2
1114112,46263,197
1114112,46272,772
1114112,46276,62
1114112,46300,14811
1114112,46301,1262
1114112,46304,7
1114112,46307,62
1114112,46308,417
1114112,46316,6
1114112,46319,2
1114112,46321,13524
1114112,46328,1
1114112,46356,11799
1114112,46357,147
1114112,46360,155
1114112,46364,353
1114112,46372,87
1114112,46373,276
1114112,46377,121
1114112,46384,2287
1114112,46385,140
1114112,46388,54
1114112,46392,344
1114112,46400,48
1114112,46401,1
1114112,46403,433
1114112,46404,1
1114112,46405,536
1114112,46411,1
1114112,46412,488
1114112,46416,1
1114112,46420,1
1114112,46428,9
1114112,46433,48
1114112,46440,1
1114112,46468,1
1114112,46496,161
1114112,46497,121
1114112,46500,53
1114112,46504,35
1114112,46507,5
1114112,46512,1
1114112,46515,1
1114112,46517,2
1114112,46524,22
1114112,46528,2
1114112,46543,3
1114112,46545,1
1114112,46552,1
1114112,46580,1
1114112,46608,15256
1114112,46609,56
1114112,46612,2
1114112,46616,6
1114112,46624,12
1114112,46627,3
1114112,46629,38
1114112,46636,2
1114112,46664,2
1114112,46689,1
1114112,46692,1
1114112,46720,1
1114112,46748,118
1114112,46749,54
1114112,46763,5
1114112,46769,32
1114112,46776,1
1114112,46804,1
1114112,46832,202
1114112,46848,19
1114112,46860,1
1114112,46888,362
1114112,46892,13
1114112,46896,4
1114112,46904,25
1114112,46907,89
1114112,46916,20
1114112,46944,131
1114112,46948,5
1114112,46961,1
1114112,46965,4
1114112,46972,24556
1114112,46973,372
1114112,46976,650
1114112,46980,160
1114112,46988,451
1114112,46989,69
1114112,46991,58
1114112,46993,467
1114112,47000,736
1114112,47001,33
1114112,47004,671
1114112,47008,101
1114112,47016,203
1114112,47017,203
1114112,47019,22
1114112,47021,414
1114112,47028,528
1114112,47029,1
1114112,47045,2
1114112,47049,207
1114112,47056,1
1114112,47084,18246
1114112,47085,294
1114112,47088,4261
1114112,47092,3
1114112,47100,104
1114112,47101,7
1114112,47103,115
1114112,47104,1
1114112,47105,16
1114112,47112,16639
1114112,47113,216
1114112,47116,660
1114112,47120,30
1114112,47128,92
1114112,47129,72
1114112,47131,39
1114112,47133,25
1114112,47140,44
1114112,47141,10
1114112,47144,19
1114112,47148,4
1114112,47156,8
1114112,47157,1
1114112,47161,16
1114112,47168,38
1114112,47172,50
1114112,47196,25643
1114112,47197,1302
1114112,47200,392
1114112,47204,1128
1114112,47212,337
1114112,47213,174
1114112,47215,1705
1114112,47217,651
1114112,47224,4
1114112,47228,11
1114112,47252,1
1114112,47280,169
1114112,47281,1
1114112,47284,19
1114112,47288,2
1114112,47296,21
1114112,47301,1
1114112,47308,232
1114112,47329,138
1114112,47336,11181
1114112,47337,606
1114112,47340,143
1114112,47344,109
1114112,47352,93
1114112,47353,5
1114112,47355,19
1114112,47357,230
1114112,47364,169
1114112,47392,2
1114112,47420,553
1114112,47421,25
1114112,47424,18
1114112,47428,13
1114112,47436,6
1114112,47439,1
1114112,47441,17
1114112,47448,1811
1114112,47449,7
1114112,47452,3
1114112,47456,3
1114112,47464,2
1114112,47467,1
1114112,47469,8
1114112,47476,1647
1114112,47477,1
1114112,47480,1
1114112,47484,1380
1114112,47492,5
1114112,47497,8
1114112,47504,1
1114112,47532,23978
1114112,47533,246
1114112,47536,1148
1114112,47540,697
1114112,47548,372
1114112,47549,98
1114112,47551,148
1114112,47553,768
1114112,47560,38912
1114112,47561,2198
1114112,47564,8550
1114112,47566,1911
1114112,47567,24
1114112,47568,5869
1114112,47569,59
1114112,47576,87
1114112,47577,2
1114112,47579,139
1114112,47581,1251
1114112,47582,186
1114112,47583,1
1114112,47585,7
1114112,47588,8156
1114112,47589,2181
1114112,47592,2677
1114112,47596,152
1114112,47604,14
1114112,47605,180
1114112,47607,168
1114112,47609,389
1114112,47610,8
1114112,47616,71
1114112,47620,1
1114112,47639,1
1114112,47644,1
1114112,47672,2135
1114112,47673,632
1114112,47676,759
1114112,47680,697
1114112,47688,40
1114112,47691,74
1114112,47693,102
1114112,47700,19399
1114112,47701,5523
1114112,47704,486
1114112,47708,1379
1114112,47716,1391
1114112,47717,6
1114112,47719,106
1114112,47721,26
1114112,47728,142
1114112,47729,72
1114112,47732,1215
1114112,47736,364
1114112,47749,8975
1114112,47751,1123
1114112,47756,4
1114112,47760,25
1114112,47784,22489
1114112,47785,8414
1114112,47787,38
1114112,47788,2887
1114112,47792,3407
1114112,47800,1372
1114112,47801,12
1114112,47803,99
1114112,47805,2763
1114112,47811,2
1114112,47812,2
1114112,47840,1
1114112,47868,132
1114112,47872,33
1114112,47876,20
1114112,47887,1
1114112,47889,3
1114112,47896,1574
1114112,47904,5
1114112,47924,15653
1114112,47925,301
1114112,47926,11
1114112,47928,18785
1114112,47931,12
1114112,47932,5577
1114112,47933,5
1114112,47940,334
1114112,47943,2
1114112,47945,61
1114112,47949,9
1114112,47952,22
1114112,47956,8
1114112,47960,3
1114112,47980,1
1114112,48008,64
1114112,48012,716
1114112,48016,84
1114112,48036,5430
1114112,48040,1
1114112,48044,24
1114112,48057,1
1114112,48064,239
1114112,48068,8
1114112,48072,112
1114112,48080,3
1114112,48085,1
1114112,48092,3
1114112,48120,165540
1114112,48121,422
1114112,48124,11645
1114112,48126,1
1114112,48127,168
1114112,48128,4230
1114112,48130,3
1114112,48136,40
1114112,48137,6
1114112,48139,26
1114112,48141,48
1114112,48143,110
1114112,48145,129
1114112,48148,18867
1114112,48149,10558
1114112,48150,29
1114112,48152,10365
1114112,48155,100
1114112,48156,11537
1114112,48157,212
1114112,48159,3
1114112,48164,446
1114112,48165,378
1114112,48167,49
1114112,48169,23055
1114112,48173,31
1114112,48176,14540
1114112,48177,7722
1114112,48180,1728
1114112,48184,207
1114112,48192,386
1114112,48193,13
1114112,48195,30
1114112,48197,241
1114112,48201,1
1114112,48204,57
1114112,48212,1
1114112,48223,1
1114112,48225,4
1114112,48232,1
1114112,48260,8131
1114112,48261,79
1114112,48264,2233
1114112,48268,580
1114112,48276,2910
1114112,48277,5690
1114112,48279,8
1114112,48281,57
1114112,48282,115
1114112,48288,21187
1114112,48289,430
1114112,48292,1238
1114112,48295,7
1114112,48296,7271
1114112,48304,7
1114112,48305,6
1114112,48307,92
1114112,48309,313
1114112,48316,220
1114112,48317,437
1114112,48320,3630
1114112,48324,1957
1114112,48333,1
1114112,48335,30
1114112,48337,3529
1114112,48341,7
1114112,48344,1
1114112,48348,1
1114112,48372,22303
1114112,48373,4382
1114112,48374,60
1114112,48376,11128
1114112,48379,1
1114112,48380,4099
1114112,48388,437
1114112,48389,114
1114112,48391,47
1114112,48393,2706
1114112,48400,3
1114112,48420,1
1114112,48428,1
1114112,48456,89
1114112,48460,2
1114112,48464,16
1114112,48472,12
1114112,48484,24
1114112,48512,29620
1114112,48513,12557
1114112,48516,11148
1114112,48519,1
1114112,48520,8945
1114112,48521,631
1114112,48528,35
1114112,48531,116
1114112,48533,289
1114112,48537,34
1114112,48540,2
1114112,48568,1
1114112,48596,199
1114112,48600,10
1114112,48604,38
1114112,48612,1
1114112,48615,7
1114112,48624,276
1114112,48632,2
1114112,48652,18398
1114112,48660,5062
1114112,48673,20
1114112,48680,2
1114112,48708,26430
1114112,48709,1889
1114112,48712,2063
1114112,48716,3042
1114112,48724,126
1114112,48725,4
1114112,48727,189
1114112,48729,683
1114112,48730,13
1114112,48731,441
1114112,48736,295
1114112,48737,13
1114112,48740,1
1114112,48744,342
1114112,48752,2
1114112,48757,185
1114112,48764,34
1114112,48765,11
1114112,48768,2
1114112,48772,14
1114112,48785,13
1114112,48792,2
1114112,48808,4
1114112,48820,1
1114112,48848,49
1114112,48849,3
1114112,48852,14
1114112,48855,3
1114112,48856,1
1114112,48867,3
1114112,48869,3
1114112,48876,2
1114112,48904,120
1114112,48923,1
1114112,48932,1
1114112,48960,91
1114112,48961,2
1114112,48964,1
1114112,48968,1
1114112,48976,5
1114112,48977,16
1114112,48981,53
1114112,48988,1
1114112,49016,1
1114112,49044,1
1114112,49072,40
1114112,49093,5
1114112,49100,270
1114112,49104,142
1114112,49108,111
1114112,49121,1
1114112,49128,1
1114112,49156,1
1114112,49184,2
1114112,49212,4
1114112,49240,78
1114112,49248,10
1114112,49268,1
1114112,49296,78
1114112,49297,1
1114112,49300,3
1114112,49317,4
1114112,49324,79890
1114112,49325,283
1114112,49328,12219
1114112,49332,96587
1114112,49333,9
1114112,49334,439
1114112,49340,10953
1114112,49341,518
1114112,49343,617
1114112,49345,19980
1114112,49349,26
1114112,49352,5704
1114112,49353,1681
1114112,49356,3028
1114112,49360,171
1114112,49368,456
1114112,49371,58
1114112,49373,47261
1114112,49380,2927
1114112,49381,12
1114112,49384,74
1114112,49388,347
1114112,49396,71
1114112,49397,35
1114112,49399,23
1114112,49401,638
1114112,49408,156
1114112,49409,2
1114112,49424,34
1114112,49429,5
1114112,49436,61884
1114112,49437,3363
1114112,49438,5
1114112,49440,20977
1114112,49443,12
1114112,49444,6192
1114112,49447,1
1114112,49452,2124
1114112,49453,324
1114112,49455,2
1114112,49456,3
1114112,49457,32696
1114112,49462,6
1114112,49464,34025
1114112,49465,327
1114112,49468,3607
1114112,49471,1
1114112,49472,1400
1114112,49480,113
1114112,49481,37
1114112,49483,481
1114112,49485,11
1114112,49492,233
1114112,49496,48
1114112,49500,148
1114112,49508,5
1114112,49511,8
1114112,49513,1
1114112,49520,1106
1114112,49524,62
1114112,49528,245
1114112,49536,6
1114112,49537,9
1114112,49541,57
1114112,49548,31080
1114112,49549,2015
1114112,49550,1
1114112,49552,2505
1114112,49556,1862
1114112,49564,143
1114112,49565,10
1114112,49567,20
1114112,49569,4731
1114112,49573,7
1114112,49576,2
1114112,49584,1
1114112,49597,39
1114112,49604,74
1114112,49632,592
1114112,49636,30
1114112,49640,11
1114112,49651,3
1114112,49660,3133
1114112,49664,208
1114112,49668,45
1114112,49676,7
1114112,49677,6
1114112,49679,51
1114112,49681,1
1114112,49688,56816
1114112,49689,1293
1114112,49692,5589
1114112,49695,13
1114112,49696,657
1114112,49704,192
1114112,49705,17
1114112,49707,211
1114112,49709,1381
1114112,49711,12
1114112,49713,5
1114112,49714,389
1114112,49716,12
1114112,49744,212
1114112,49745,1
1114112,49748,25
1114112,49752,33
1114112,49765,2
1114112,49772,1266
1114112,49776,30
1114112,49780,74
1114112,49788,9
1114112,49789,62
1114112,49791,1
1114112,49800,5633
1114112,49804,56
1114112,49808,264
1114112,49816,16
1114112,49819,27
1114112,49821,42
1114112,49828,69215
1114112,49832,38
1114112,49836,4039
1114112,49839,3
1114112,49844,19
1114112,49845,508
1114112,49847,4
1114112,49849,7172
1114112,49856,4
1114112,49884,48291
1114112,49885,5039
1114112,49888,29600
1114112,49891,1
1114112,49892,12635
1114112,49899,53
1114112,49900,6425
1114112,49901,1285
1114112,49903,58
1114112,49905,5287
1114112,49910,2
1114112,49912,499
1114112,49913,23
1114112,49916,153
1114112,49920,341
1114112,49928,16
1114112,49929,2
1114112,49933,1925
1114112,49939,11
1114112,49940,4
1114112,49941,1
1114112,49944,5
1114112,49956,5
1114112,49961,14
1114112,49968,2
1114112,49972,1
1114112,49989,2
1114112,49996,1
1114112,50024,121
1114112,50025,4
1114112,50028,182
1114112,50032,20
1114112,50040,66
1114112,50044,2
1114112,50045,4
1114112,50052,31
1114112,50056,4
1114112,50080,1
1114112,50108,1
1114112,50136,122
1114112,50137,24
1114112,50140,5
1114112,50143,4
1114112,50144,25
1114112,50152,9
1114112,50155,1
1114112,50157,3
1114112,50164,5
1114112,50168,5
1114112,50192,50
1114112,50220,1
1114112,50248,3
1114112,50276,274
1114112,50277,34
1114112,50280,183
1114112,50284,1
1114112,50297,131
1114112,50304,6
1114112,50332,1
1114112,50360,1
1114112,50388,1
1114112,50416,3516
1114112,50417,2
1114112,50420,19
1114112,50424,65
1114112,50432,9
1114112,50444,1
1114112,50472,565
1114112,50473,5
1114112,50476,49
1114112,50480,9
1114112,50489,9
1114112,50491,12
1114112,50493,21
1114112,50500,103794
1114112,50501,2781
1114112,50504,18182
1114112,50505,22
1114112,50506,19
1114112,50508,15261
1114112,50510,3
1114112,50515,1
1114112,50516,4568
1114112,50517,1119
1114112,50519,64
1114112,50520,1
1114112,50521,1889
1114112,50526,1188
1114112,50528,13155
1114112,50529,2123
1114112,50532,1508
1114112,50535,1
1114112,50536,5067
1114112,50544,227
1114112,50545,122
1114112,50547,103
1114112,50549,1115
1114112,50556,11364
1114112,50557,6482
1114112,50560,333
1114112,50564,62
1114112,50567,46
1114112,50572,53
1114112,50573,2
1114112,50575,11
1114112,50577,11478
1114112,50581,35
1114112,50584,20
1114112,50588,1
1114112,50592,1
1114112,50600,1
1114112,50601,2
1114112,50612,14548
1114112,50613,175
1114112,50616,4697
1114112,50617,1
1114112,50619,13
1114112,50620,1492
1114112,50621,15
1114112,50628,806
1114112,50629,1220
1114112,50630,840
1114112,50631,27
1114112,50632,1
1114112,50633,169
1114112,50634,1
1114112,50638,8
1114112,50640,29806
1114112,50641,2802
1114112,50644,3050
1114112,50648,4250
1114112,50656,1130
1114112,50657,57
1114112,50659,85
1114112,50661,178
1114112,50668,23718
1114112,50669,89927
1114112,50670,12
1114112,50671,1
1114112,50672,44496
1114112,50676,3808
1114112,50679,28
1114112,50684,1542
1114112,50685,141
1114112,50687,13
1114112,50688,8
1114112,50689,81650
1114112,50693,6
1114112,50694,81
1114112,50696,18242
1114112,50700,526
1114112,50704,327
1114112,50712,21
1114112,50713,29
1114112,50715,2538
1114112,50716,2
1114112,50717,2
1114112,50724,59114
1114112,50725,3489
1114112,50728,3853
1114112,50732,14815
1114112,50733,2
1114112,50734,19
1114112,50739,13
1114112,50740,319
1114112,50741,325
1114112,50743,125
1114112,50745,559
1114112,50747,36
1114112,50752,4944
1114112,50753,43
1114112,50756,2482
1114112,50760,183
1114112,50768,8
1114112,50769,3
1114112,50771,361
1114112,50772,6
1114112,50773,5509
1114112,50780,589
1114112,50781,1
1114112,50784,2
1114112,50796,16
1114112,50801,4
1114112,50808,277281
1114112,50809,2
1114112,50812,308
1114112,50816,8
1114112,50836,12208
1114112,50837,280
1114112,50840,74
1114112,50844,41
1114112,50852,25
1114112,50853,41
1114112,50855,62
1114112,50857,7309
1114112,50864,28551
1114112,50865,186
1114112,50868,8869
1114112,50872,6411
1114112,50880,357
1114112,50881,140
1114112,50883,271
1114112,50885,427
1114112,50892,5918
1114112,50893,11
1114112,50896,16802
1114112,50900,4984
1114112,50908,102
1114112,50909,1
1114112,50911,1
1114112,50913,43
1114112,50920,5067
1114112,50921,23
1114112,50924,135
1114112,50928,422
1114112,50936,26
1114112,50937,1933
1114112,50939,4
1114112,50941,4
1114112,50948,12633
1114112,50949,13
1114112,50952,5467
1114112,50956,2173
1114112,50964,160
1114112,50965,7
1114112,50967,216
1114112,50969,144
1114112,50976,51841
1114112,50977,5622
1114112,50980,4493
1114112,50984,971
1114112,50992,8
1114112,50995,3
1114112,50997,509
1114112,50999,24
1114112,51004,371
1114112,51008,5494
1114112,51012,1511
1114112,51020,21997
1114112,51021,147
1114112,51023,2
1114112,51025,2472
1114112,51032,11441
1114112,51053,1
1114112,51060,179725
1114112,51061,1469
1114112,51064,80195
1114112,51067,1
1114112,51068,106267
1114112,51069,535
1114112,51071,1
1114112,51075,101
1114112,51076,8900
1114112,51077,3441
1114112,51079,154
1114112,51080,96
1114112,51081,22805
1114112,51082,45
1114112,51086,427
1114112,51088,29901
1114112,51089,15687
1114112,51092,796
1114112,51096,662
1114112,51104,1697
1114112,51105,693
1114112,51107,24
1114112,51109,16781
1114112,51110,34
1114112,51116,8630
1114112,51117,988
1114112,51120,21
1114112,51124,2
1114112,51132,52
1114112,51133,8
1114112,51135,23
1114112,51137,100
1114112,51144,122
1114112,51145,1
1114112,51148,7
1114112,51160,1
1114112,51165,15
1114112,51172,1
1114112,51200,11211
1114112,51201,2853
1114112,51204,50619
1114112,51208,1491
1114112,51209,3
1114112,51210,995
1114112,51211,6
1114112,51216,1725
1114112,51217,1957
1114112,51219,39
1114112,51221,35422
1114112,51222,133
1114112,51228,70448
1114112,51229,55
1114112,51232,551
1114112,51236,334
1114112,51244,61
1114112,51245,19
1114112,51247,38
1114112,51249,27
1114112,51256,13
1114112,51284,3
1114112,51288,2
1114112,51312,72192
1114112,51313,350
1114112,51316,4672
1114112,51320,605
1114112,51328,418
1114112,51329,107
1114112,51333,11165
1114112,51334,2
1114112,51339,367
1114112,51340,1964
1114112,51361,47
1114112,51368,1
1114112,51396,201
1114112,51400,2
1114112,51412,1
1114112,51424,189
1114112,51428,2
1114112,51445,1
1114112,51452,66030
1114112,51453,2267
1114112,51456,3950
1114112,51460,10821
1114112,51468,75
1114112,51469,2
1114112,51471,2
1114112,51473,46328
1114112,51480,23
1114112,51484,1
1114112,51508,2
1114112,51536,730
1114112,51540,5
1114112,51544,138
1114112,51555,1
1114112,51564,238
1114112,51568,9
1114112,51572,12
1114112,51592,311
1114112,51593,2357
1114112,51596,2
1114112,51600,173
1114112,51608,1
1114112,51609,9
1114112,51611,3
1114112,51613,2875
1114112,51620,1
1114112,51648,46563
1114112,51649,3297
1114112,51652,14589
1114112,51656,1726
1114112,51664,723
1114112,51665,3099
1114112,51667,27
1114112,51669,703
1114112,51670,8
1114112,51673,19
1114112,51674,32
1114112,51676,178
1114112,51677,158
1114112,51680,30
1114112,51684,14
1114112,51686,1
1114112,51687,262
1114112,51692,18
1114112,51693,2
1114112,51695,1
1114112,51697,147
1114112,51704,8
1114112,51725,2
1114112,51732,2
1114112,51753,1
1114112,51760,1
1114112,51788,70
1114112,51789,4
1114112,51792,156
1114112,51796,2
1114112,51804,6
1114112,51809,24
1114112,51816,4
1114112,51844,3
1114112,51872,1
1114112,51900,17
1114112,51901,49
1114112,51904,1
1114112,51908,11
1114112,51916,1
1114112,51921,6
1114112,51923,9
1114112,51928,1
1114112,51956,1
1114112,51984,1
1114112,51992,2
1114112,52012,2
1114112,52040,14
1114112,52041,9
1114112,52044,21
1114112,52048,36
1114112,52061,15
1114112,52068,18
1114112,52096,1
1114112,52124,1
1114112,52152,1
1114112,52180,149
1114112,52181,19
1114112,52199,2
1114112,52201,15
1114112,52208,1
1114112,52236,87
1114112,52237,10
1114112,52240,140
1114112,52244,12
1114112,52252,22
1114112,52253,1
1114112,52255,6
1114112,52257,2
1114112,52258,5
1114112,52259,1
1114112,52264,7905
1114112,52265,543
1114112,52268,488
1114112,52272,1244
1114112,52280,83400
1114112,52281,52
1114112,52283,48
1114112,52285,7094
1114112,52286,64
1114112,52287,1
1114112,52292,2628
1114112,52293,1324
1114112,52296,60
1114112,52300,238
1114112,52308,597
1114112,52309,66
1114112,52311,44
1114112,52313,2
1114112,52320,51
1114112,52324,3
1114112,52328,1
1114112,52336,1
1114112,52341,1
1114112,52348,1
1114112,52376,2898
1114112,52377,549
1114112,52380,8219
1114112,52384,7701
1114112,52392,236
1114112,52393,247
1114112,52395,3416
1114112,52397,12869
1114112,52404,8107
1114112,52405,21
1114112,52408,290
1114112,52412,929
1114112,52420,9
1114112,52421,1
1114112,52423,10
1114112,52425,17
1114112,52432,2
1114112,52460,1
1114112,52464,1
1114112,52488,15735
1114112,52489,516
1114112,52492,213
1114112,52496,114
1114112,52504,32
1114112,52505,1
1114112,52507,43
1114112,52509,4070
1114112,52516,2
1114112,52520,14
1114112,52524,1309
1114112,52544,2
1114112,52572,16693
1114112,52580,2
1114112,52600,45
1114112,52604,1
1114112,52617,1
1114112,52621,3
1114112,52628,5137
1114112,52629,5318
1114112,52632,2250
1114112,52636,59368
1114112,52644,250
1114112,52645,4
1114112,52649,11007
1114112,52656,5
1114112,52684,158
1114112,52712,2468
1114112,52716,47
1114112,52733,1
1114112,52740,61
1114112,52744,1
1114112,52748,1
1114112,52768,987
1114112,52769,915
1114112,52772,33
1114112,52776,1
1114112,52777,1
1114112,52784,1
1114112,52787,1
1114112,52789,265
1114112,52796,1
1114112,52824,3882
1114112,52825,83
1114112,52828,5876
1114112,52832,3387
1114112,52833,10
1114112,52839,1
1114112,52840,742
1114112,52841,107
1114112,52843,10
1114112,52845,1124
1114112,52852,23202
1114112,52853,59
1114112,52856,1201
1114112,52860,4955
1114112,52868,3395
1114112,52869,133
1114112,52871,5
1114112,52873,156
1114112,52876,1
1114112,52880,22429
1114112,52881,3
1114112,52884,1407
1114112,52888,6892
1114112,52896,1053
1114112,52897,442
1114112,52899,71
1114112,52901,115
1114112,52906,4
1114112,52908,35
1114112,52912,2
1114112,52916,2
1114112,52929,1
1114112,52936,1
1114112,52964,2666
1114112,52968,874
1114112,52972,3189
1114112,52980,4776
1114112,52981,210
1114112,52983,29
1114112,52984,1
1114112,52985,3
1114112,52989,1
1114112,52992,6316
1114112,52993,11
1114112,52996,1265
1114112,53000,608
1114112,53008,91
1114112,53009,3
1114112,53011,6
1114112,53013,12
1114112,53020,3
1114112,53028,29
1114112,53036,1
1114112,53040,1
1114112,53048,1
1114112,53076,19833
1114112,53077,107
1114112,53080,3407
1114112,53084,4943
1114112,53092,468
1114112,53093,119
1114112,53095,38
1114112,53097,1443
1114112,53100,1
1114112,53104,229
1114112,53105,1
1114112,53108,60
1114112,53112,3
1114112,53125,6
1114112,53132,166
1114112,53133,1
1114112,53160,203
1114112,53161,1
1114112,53168,248
1114112,53188,139
1114112,53192,17
1114112,53216,7360
1114112,53217,103
1114112,53220,349
1114112,53224,325
1114112,53232,29
1114112,53233,9
1114112,53235,4
1114112,53237,202
1114112,53244,237
1114112,53245,3
1114112,53248,21
1114112,53252,63
1114112,53260,1
1114112,53261,1
1114112,53265,2
1114112,53272,569
1114112,53273,3
1114112,53276,15
1114112,53300,455
1114112,53301,100
1114112,53304,1121
1114112,53308,44
1114112,53316,7
1114112,53319,1
1114112,53321,1
1114112,53328,1246
1114112,53332,2
1114112,53336,1
1114112,53349,2
1114112,53356,12497
1114112,53360,1462
1114112,53364,15319
1114112,53372,7
1114112,53377,3
1114112,53384,1
1114112,53412,6725
1114112,53413,109
1114112,53416,285
1114112,53420,555
1114112,53428,213
1114112,53429,97
1114112,53431,87
1114112,53433,922
1114112,53440,16569
1114112,53441,370
1114112,53444,5574
1114112,53448,1483
1114112,53456,1035
1114112,53457,812
1114112,53459,4
1114112,53461,315
1114112,53468,12048
1114112,53469,295
1114112,53472,49
1114112,53476,77
1114112,53484,382
1114112,53485,55
1114112,53487,8
1114112,53489,172
1114112,53496,5
1114112,53524,1
1114112,53552,1946
1114112,53553,127
1114112,53556,131
1114112,53560,367
1114112,53568,27
1114112,53569,2
1114112,53571,18
1114112,53573,67
1114112,53580,7252
1114112,53581,2967
1114112,53584,420
1114112,53588,7392
1114112,53596,282
1114112,53597,3
1114112,53599,8
1114112,53601,23
1114112,53605,1
1114112,53608,2
1114112,53612,2
1114112,53636,34
1114112,53640,506
1114112,53664,11118
1114112,53665,55
1114112,53668,101
1114112,53672,330
1114112,53680,755
1114112,53681,163
1114112,53683,20
1114112,53685,11725
1114112,53692,1
1114112,53696,1
1114112,53708,1
1114112,53720,1
1114112,53748,1236
1114112,53752,5
1114112,53756,2
1114112,53776,5
1114112,53804,5489
1114112,53805,13
1114112,53808,117
1114112,53812,452
1114112,53820,43
1114112,53821,1
1114112,53825,253
1114112,53832,7
1114112,53860,2
1114112,53888,6301
1114112,53892,10
1114112,53896,7
1114112,53909,4
1114112,53916,347
1114112,53920,8
1114112,53924,25
1114112,53944,10784
1114112,53945,19665
1114112,53948,12
1114112,53952,119
1114112,53960,51
1114112,53965,1
1114112,53972,1
1114112,54000,3739
1114112,54001,104
1114112,54004,172
1114112,54008,214
1114112,54016,2536
1114112,54017,27
1114112,54019,7
1114112,54021,34
1114112,54028,22859
1114112,54029,83
1114112,54030,2
1114112,54032,6664
1114112,54036,3058
1114112,54044,322
1114112,54045,788
1114112,54047,179
1114112,54049,195
1114112,54053,49
1114112,54056,3446
1114112,54057,115
1114112,54060,1687
1114112,54064,130
1114112,54072,14
1114112,54073,36
1114112,54075,95
1114112,54077,266
1114112,54084,12
1114112,54085,1
1114112,54088,1
1114112,54092,1
1114112,54112,2
1114112,54140,1853
1114112,54141,17
1114112,54144,309
1114112,54148,385
1114112,54156,183
1114112,54157,55
1114112,54161,360
1114112,54168,9487
1114112,54169,11
1114112,54172,2269
1114112,54176,837
1114112,54184,38
1114112,54185,134
1114112,54187,86
1114112,54189,110
1114112,54196,5
1114112,54200,3203
1114112,54204,20
1114112,54212,3
1114112,54217,20923
1114112,54224,2914
1114112,54252,19417
1114112,54253,1659
1114112,54256,584
1114112,54260,8234
1114112,54268,134
1114112,54269,1
1114112,54271,6
1114112,54273,141
1114112,54280,2
1114112,54308,1
1114112,54336,30
1114112,54340,10
1114112,54344,10
1114112,54364,3737
1114112,54372,1
1114112,54383,1
1114112,54392,3786
1114112,54393,31
1114112,54396,79
1114112,54400,1017
1114112,54408,340
1114112,54411,260
1114112,54413,1869
1114112,54420,1
1114112,54448,1
1114112,54476,102
1114112,54480,5
1114112,54484,2
1114112,54504,423
1114112,54512,127
1114112,54520,4
1114112,54525,1
1114112,54532,53632
1114112,54540,13237
1114112,54553,1
1114112,54560,1
1114112,54588,11532
1114112,54589,547
1114112,54592,4376
1114112,54596,8134
1114112,54604,19
1114112,54605,32
1114112,54607,75
1114112,54609,587
1114112,54616,34204
1114112,54617,48786
1114112,54620,76740
1114112,54624,2315
1114112,54629,1
1114112,54632,5360
1114112,54633,3289
1114112,54635,292
1114112,54637,5746
1114112,54644,15844
1114112,54645,1652
1114112,54648,316
1114112,54652,128
1114112,54660,285
1114112,54661,24
1114112,54663,121
1114112,54664,13
1114112,54665,14825
1114112,54671,3
1114112,54672,60
1114112,54676,2
1114112,54680,6
1114112,54691,2
1114112,54693,1338
1114112,54700,1
1114112,54728,4772
1114112,54729,17
1114112,54732,2013
1114112,54736,224
1114112,54744,111
1114112,54745,1
1114112,54747,45
1114112,54749,3486
1114112,54756,6048
1114112,54757,115
1114112,54760,1006
1114112,54764,2028
1114112,54772,54
1114112,54773,39
1114112,54775,5
1114112,54777,22
1114112,54784,81
1114112,54785,885
1114112,54788,24515
1114112,54792,1125
1114112,54800,67
1114112,54801,1608
1114112,54803,3
1114112,54805,5452
1114112,54812,825
1114112,54828,2
1114112,54840,10815
1114112,54841,233
1114112,54844,2325
1114112,54848,1261
1114112,54856,1118
1114112,54857,99
1114112,54859,2844
1114112,54861,11105
1114112,54865,34
1114112,54868,12301
1114112,54869,1348
1114112,54872,3819
1114112,54876,3292
1114112,54889,7116
1114112,54896,10
1114112,54915,29
1114112,54924,4574
1114112,54925,95
1114112,54932,9
1114112,54943,9
1114112,54945,597
1114112,54952,3354
1114112,54971,2
1114112,54980,17788
1114112,54981,56
1114112,54984,2187
1114112,54988,229
1114112,54993,4
1114112,54996,34
1114112,54999,322
1114112,55001,115
1114112,55005,1
1114112,55008,30
1114112,55012,13
1114112,55016,22
1114112,55036,35
1114112,55064,935
1114112,55068,22
1114112,55072,136
1114112,55080,14
1114112,55081,2
1114112,55083,6
1114112,55085,1
1114112,55092,2657
1114112,55093,1
1114112,55100,6
1114112,55108,41
1114112,55113,326
1114112,55120,403
1114112,55121,1225
1114112,55124,644
1114112,55128,38
1114112,55129,105
1114112,55136,52
1114112,55137,503
1114112,55141,1366
1114112,55145,9
1114112,55148,1249
1114112,55152,645
1114112,55176,10450
1114112,55177,39
1114112,55180,924
1114112,55184,585
1114112,55192,321
1114112,55193,494
1114112,55195,4
1114112,55197,17
1114112,55216,1
1114112,55217,1
1114112,55221,1
1114112,55230,1
1114112,55236,1
1114112,55249,1
1114112,55255,1
1114112,55284,1
1114112,55291,1
1114112,57370,1
1114112,61548,2
1114112,61950,2
1114112,65279,5
1114112,65282,1
1114112,65283,3
1114112,65284,1
1114112,65288,222
1114112,65290,156
1114112,65291,9
1114112,65293,4
1114112,65294,1
1114112,65296,1
1114112,65297,7
1114112,65306,23
1114112,65308,140
1114112,65309,2
1114112,65311,1
1114112,65313,1
1114112,65314,1
1114112,65315,1
1114112,65319,1
1114112,65325,2
1114112,65330,1
1114112,65332,1
1114112,65334,1
1114112,65335,1
1114112,65339,56
1114112,65342,1
1114112,65362,1
1114112,65372,3
1114112,65374,3
1114112,65378,73
1114112,65381,1
1114112,65463,7
1114112,65507,1
1114112,65509,1
1114112,65532,1
1114112,65533,46
1114112,78147,1
1114112,110593,1
1114112,119046,45
1114112,119047,2
1114112,119865,1
1114112,119882,1
1114112,119977,4
1114112,120068,1
1114112,120108,1
1114112,120109,1
1114112,120112,1
1114112,120125,4
1114112,120172,1
1114112,120591,1
1114112,127149,2
1114112,127166,2
1114112,127179,2
1114112,127185,2
1114112,127471,3
1114112,127472,3
1114112,127535,2
1114112,127569,2
1114112,127902,2
1114112,128163,1
1114112,128214,1
1114112,128269,6
1114112,128309,1
1114112,128405,1
1114112,128512,1
1114112,128525,1
1114112,128526,1
1114112,128536,1
1114112,128566,1
1114112,128994,1
1114112,129321,1
1114112,129392,1
1114112,129776,1
1114112,983258,14
1114112,985160,3
1114112,985172,2
1114112,1097330,1
1114112,1114113,4620278
