Codepoint,Count
32,123320760
10,19477661
51060,10764068
45796,8584827
51032,8558982
46,8223019
49,7843139
50640,7105719
48,6160916
44,6147863
45716,6142586
50,5752238
47196,5601260
54616,4867178
41,4732561
40,4729862
45380,4393056
44032,4281430
51012,4166531
54620,4102041
51648,4043012
49324,3840262
57,3837446
44592,3823591
49828,3801936
47532,3764720
44256,3763401
45824,3706269
49436,3666424
49884,3527584
51008,3228079
101,3220611
51064,3048705
51068,3007922
46020,2938772
50500,2851767
51088,2749092
49688,2727866
51004,2681599
44397,2639470
47484,2555647
97,2552387
46972,2522580
48512,2396174
105,2324137
51452,2272385
111,2230549
50612,2228753
51204,2212708
51,2156837
51221,2144069
45208,2142415
110,2131429
51228,2035361
114,2013647
56,1969365
44396,1968242
44536,1948919
116,1911711
51080,1905691
45,1877715
53,1874282
50900,1860740
52,1842650
44284,1796159
54,1727975
51109,1721348
54644,1716072
49345,1686929
55,1682482
49440,1682087
46041,1672595
46104,1624395
58,1618481
49457,1617014
54617,1592360
47560,1591606
115,1579092
46300,1566593
53944,1565676
54868,1565550
48120,1548581
50896,1541797
44368,1502291
50669,1487784
50632,1459317
108,1435804
50864,1433261
50668,1404559
46308,1398446
48372,1394458
44277,1390155
50948,1350601
50689,1344161
44221,1307180
50724,1285463
50752,1277172
51201,1271801
51312,1249797
49548,1246743
48708,1221346
49888,1211409
49464,1192781
50976,1189130
44172,1176331
50672,1173713
51473,1161135
54664,1152539
47928,1145166
54924,1141983
47564,1078606
48124,1074522
52824,1073379
83,1049568
54532,1049452
44060,1048504
47476,1048398
47749,1013611
53356,998658
44288,993910
44228,993500
47112,974982
99,965916
53440,951439
51652,948582
109,944633
50688,938463
45768,937174
52852,933056
47728,926446
47784,924063
53552,921720
117,905233
46321,899899
51089,898771
104,886329
54980,879117
100,868493
49328,866025
49373,863238
44400,861461
67,854750
50857,850323
52636,844664
46108,842607
47732,841473
47924,829185
48169,811964
51020,805590
51116,797755
48156,793289
45224,790707
65,790421
34,773062
45800,759244
44144,756149
45817,754105
66,737211
47084,736967
45432,730824
44163,727450
54252,722944
48148,715788
54840,711710
48152,700943
53685,695576
54788,693425
45936,690096
50504,682002
48376,677001
84,667427
44036,666175
54665,665139
52264,663676
49885,651716
47932,649754
53076,647827
50836,645604
103,644144
52404,636566
12298,634589
12299,634480
44033,631602
48516,629255
77,626496
50868,622742
50556,621925
54028,621683
50808,615589
51076,614069
53664,607021
53412,596607
45236,594230
48176,591150
39,579505
49444,577178
126,569254
51333,568711
46356,559462
112,555957
50577,555767
50629,542873
47336,539877
121,530768
49892,527361
124,521687
52629,520381
44053,515251
49549,504428
54624,504030
70,502867
48260,494332
54364,493442
73,490079
47700,485529
54805,484823
44208,481441
46021,477089
80,475177
55176,469539
46160,461885
69,460994
68,460157
49849,458009
44057,456906
52488,456570
54632,454189
48652,448739
48277,444117
47000,442661
46412,433946
54588,433805
44148,429958
53468,427614
47141,424690
102,423710
54000,423150
52380,418524
48288,415056
47197,414852
50696,413917
46988,413906
45912,406948
52572,405811
54633,403653
47140,402325
51592,398233
107,395264
47588,393919
78,390423
44608,389755
75,389362
51649,389113
98,387622
45908,386691
48264,382714
51077,381195
82,379115
51216,377390
76,374692
79,372684
52397,371352
47549,371236
44048,365566
47,365231
48520,362503
47553,361523
45348,358643
47785,357918
44428,352191
52280,350335
53945,349705
44620,342148
54032,341910
53804,340890
54168,338748
50773,333482
54637,332602
45804,332503
47536,331945
49569,331359
44552,329944
53580,328476
50557,327709
48513,327356
47480,323475
54200,322907
118,322286
46608,320942
52384,320240
47568,319434
86,318182
54217,318144
49900,318051
50508,317224
50506,314933
44305,314621
71,314290
51456,313195
51200,311224
46976,309031
44201,308739
50616,304965
49332,303191
49437,301577
72,299845
51665,299560
52376,299316
183,297146
46993,295645
50872,295001
48155,294050
52628,292858
48149,290791
54408,288565
48337,285939
50520,284119
48320,282821
50528,282008
48324,280630
53216,279216
48373,275892
50676,275762
44553,274443
50732,273684
47448,270925
50630,269678
54876,268744
49696,265654
44257,262966
119,257872
48143,257160
51656,254379
50501,249706
47161,248966
46384,247358
50977,246588
47308,246114
54693,244991
54889,243867
52509,240246
44540,238860
51313,238299
47548,234977
44544,231232
45212,230930
51316,230628
47200,230526
85,229148
54872,228472
47581,228165
54540,227209
52285,226774
47492,226251
45733,225400
52992,223755
87,220439
52768,218472
49496,214026
50728,214002
48177,211919
53364,211450
51613,211182
47004,211174
54016,210534
44537,201412
54596,198266
51208,198112
49692,196412
47672,196210
50892,195678
53448,192069
51901,186796
50416,185437
45320,184993
47566,183769
48276,182822
74,179978
54140,178884
44508,178293
49352,178177
49340,175323
47049,174646
46304,171819
47144,171578
54056,169413
46028,169346
53444,168012
48660,165931
52828,165038
49353,164228
52649,163323
51137,162717
45216,161208
49552,159371
54869,157817
44760,156771
53588,154978
54801,154778
51704,151650
48393,150162
55148,148374
52293,148339
45376,148243
49800,147461
47561,147206
50920,145208
50756,145011
50644,144469
44204,143779
50472,143188
51276,142564
52964,141581
45812,141563
51256,140672
51217,140436
45684,139773
52712,139469
48128,139067
50516,138342
52292,137202
49836,136891
44264,136676
52492,136370
47088,136301
61,134615
52880,133902
54589,133899
49468,132910
44600,132409
45572,132339
47101,129224
51596,128610
54861,127726
54732,127209
45328,126286
54744,125716
54844,125154
52272,124781
50521,124611
37,124532
49905,123717
50980,122563
52845,121406
54224,120344
47016,118025
49845,117497
54952,117273
47803,116922
54925,116832
54728,116614
33,116161
44040,114573
44480,113685
44160,113679
48380,113564
120,112989
54785,112956
50648,112797
46244,111742
48268,111568
52769,109896
54984,109108
52395,108220
45453,104037
53952,103555
51025,103420
51669,102911
51453,102852
52840,102841
54756,101793
46973,101555
45909,101199
12296,101120
12297,101068
47676,101052
44200,100965
122,99162
88,98590
47168,98289
54260,98106
54253,97201
44275,96640
8217,96635
51320,96554
47533,96396
52789,96156
45436,95976
52265,95404
46301,95069
89,95025
49832,94702
8211,94445
47100,94381
160,93909
54413,92799
53469,92721
62,92573
8216,92501
45458,92167
50880,91270
44152,91024
49660,90941
52981,90750
46907,90742
53556,90337
48296,90082
45944,89282
60,88484
53080,88166
45228,87937
48712,87312
52432,87161
49452,86743
51460,86647
51105,85391
53360,84360
48716,83715
47116,83016
45712,82812
52268,82450
50628,82205
53748,81954
45392,81927
54856,81039
51340,80323
51061,79579
44061,79194
49689,78631
50725,78338
50620,77821
52856,76600
47160,76412
55141,76305
47589,76293
47353,75351
50517,75207
52860,75005
53416,74824
50984,74769
49380,74573
47592,74528
46112,74314
53084,74148
51081,73871
50684,73584
50526,73545
45720,73163
50536,73092
44596,73091
45149,72344
54392,70794
45940,70547
51593,70533
54036,70467
50613,70310
47582,70033
59,69914
45772,69662
44512,69615
47609,69494
44417,69362
50772,69304
47788,68970
52972,67330
51096,66551
48036,64965
44340,64805
63,64693
47896,64199
53596,64014
55064,63908
51339,63760
93,63550
47585,63249
91,62975
47540,62292
50529,61597
50837,61124
47792,60424
52980,60395
47456,60117
44054,59740
50024,59570
54812,59539
38,59515
55120,59090
50532,58970
48292,58918
53188,58705
48736,57184
51396,56859
52632,56125
48157,56040
8220,55532
49901,55290
8221,55134
54592,54756
54021,54705
47113,54479
54004,54444
55092,54409
48596,53968
46096,53832
45336,53747
47751,53725
12301,53407
12300,53310
45256,53122
47215,52243
50619,51698
54256,51421
52286,51161
51104,51039
55192,50702
44049,50644
54841,50310
44404,49944
45784,49882
51092,49695
45576,49423
54645,49091
53584,48978
48064,48965
46392,48792
47805,48676
46168,48610
45433,48394
45240,48356
44260,48140
53457,47894
44052,47663
46496,47657
52377,47294
48180,47283
49556,47281
50952,47240
52825,47202
49472,46916
54848,46813
52832,46660
48537,46414
45367,46349
51021,46239
47001,46171
53560,46110
46272,45954
106,45441
54400,45398
22823,45242
54784,45171
53328,44888
43,44828
49912,44805
48317,44770
53916,44342
53441,44179
53456,43950
47204,43893
47673,43820
53668,43490
45180,43418
52968,43317
47029,43216
90,42867
54792,42865
51536,42600
50937,42419
54760,42366
54172,42294
49104,42281
46024,41970
53461,41839
53040,41361
53433,41253
47800,41043
53097,40801
44216,40711
54504,40660
45132,40658
45789,40619
46504,40614
45459,40536
50865,40386
53672,39811
12303,39584
12302,39571
46181,39466
37329,39390
49492,39293
52308,39099
26446,38967
51236,38567
47704,38350
47736,37781
47329,37354
53020,37304
49772,36738
47449,36629
45264,36219
54060,36135
44867,36119
46377,35948
44984,35888
45916,35775
53420,35451
50956,35266
48150,34886
49453,34882
50885,34745
44176,34590
46832,34474
54764,34308
45209,34002
52452,33951
81,33737
47111,33678
52524,33601
52489,33532
46164,33474
35,33331
23665,32664
45230,32522
50997,32462
48731,32458
45516,32248
45440,32230
51232,32099
48164,32072
45769,31896
47716,31726
50745,31270
47104,31181
54804,30795
49933,30790
44220,30637
53011,30462
46500,30388
54001,30180
53948,29852
55121,29813
48729,29810
44192,29623
47148,29614
113,29580
50912,29368
50780,29342
46992,29276
8594,29045
50883,28854
47021,28367
45797,28334
47708,28207
52896,27991
54609,27803
55180,27749
55124,27576
48141,27456
44648,27426
48709,27172
47213,27133
51229,27045
47217,27036
52996,27034
49604,26911
51608,26826
12539,26790
46120,26687
47497,26623
48533,26596
47280,26592
45813,26563
49500,26439
50715,26413
47340,26099
46405,26086
48624,25652
29579,25607
45331,25459
51667,25440
53581,25239
49520,25152
49847,25009
54176,24894
50734,24786
55137,24753
47085,24584
45347,24393
51676,24285
46316,24256
47701,24158
52888,23802
53888,23732
12398,23618
47019,23307
53092,23203
44050,23089
45225,23026
25991,22923
47551,22876
36947,22796
47680,22755
20013,22621
51079,22616
49709,22615
44844,22556
45924,22532
44452,22299
51600,22264
54008,22228
49704,22200
47212,22150
45787,22138
44263,22080
233,22034
23416,21648
50685,21260
48656,21242
50641,21232
51664,21232
45000,21181
48121,21136
47157,20998
46888,20695
55184,20627
12540,20598
47092,20533
46360,20355
51075,20303
49455,20301
23376,20292
44618,20269
37324,20208
49789,20146
46319,20060
50473,19896
54268,19893
27663,19774
53000,19601
48127,19436
48744,19402
22283,18950
20154,18712
51117,18685
47610,18620
26481,18589
45124,18583
46076,18537
24030,18512
45776,18501
46980,18462
42,18337
45828,18240
50560,18222
54749,18147
38215,18137
50420,18060
49910,18022
45229,17986
54536,17954
46989,17938
52237,17832
23433,17825
53372,17786
52392,17785
95,17687
22478,17645
49632,17635
53300,17620
49325,17614
44273,17595
21335,17533
49356,17336
44068,17334
52393,17219
48388,17171
125,17129
53680,17115
1072,17051
53224,16965
65289,16919
19977,16853
22825,16780
49334,16759
39640,16752
26449,16726
65288,16621
51069,16594
48197,16541
1086,16540
1080,16514
44285,16496
45285,16381
20844,16327
50656,16042
47337,16040
51687,16024
45356,15978
51210,15837
23447,15836
45257,15647
51086,15621
12531,15571
54045,15567
24179,15512
9,15504
54800,15354
45397,15343
53681,15311
52868,15293
46161,15287
50928,15286
45068,15278
50549,15159
52884,15089
54204,14951
52983,14825
49483,14734
52412,14671
8212,14638
19968,14623
26085,14623
48289,14598
54057,14537
20065,14502
49714,14441
48391,14429
24029,14403
48165,14399
44292,14306
49368,14289
48279,14230
26032,14144
47579,14016
31038,14011
65306,13969
8596,13900
47120,13882
50743,13864
50631,13833
20803,13753
44202,13734
46307,13673
47925,13610
55128,13557
50694,13553
51677,13499
50812,13493
26126,13482
176,13354
47420,13269
26360,13229
48145,13215
48764,13214
50044,13070
27491,12973
20107,12950
30000,12837
49844,12835
26657,12826
1085,12765
54859,12744
12289,12740
48192,12600
45235,12584
27861,12579
46944,12556
51328,12525
55152,12518
47452,12472
48521,12318
1077,12276
35199,12248
46263,12233
47352,12159
52644,12157
45656,12124
54077,12066
26412,11990
49707,11984
47131,11819
54660,11808
1089,11786
50476,11785
48727,11768
25104,11742
19978,11739
49939,11684
21531,11653
28023,11649
52236,11641
49100,11556
22826,11530
48904,11497
53472,11472
46364,11439
38754,11420
50519,11408
38263,11401
53272,11393
45244,11368
21271,11365
50969,11353
215,11351
53132,11342
53304,11324
32681,11314
27934,11260
12356,11193
123,11094
47156,11073
54411,11073
46523,11067
24503,11049
47017,11044
1088,11011
53808,11000
48316,10946
1082,10902
44988,10893
24180,10876
54169,10865
44180,10848
45934,10831
23546,10791
45929,10747
24220,10746
36557,10739
53489,10695
49480,10659
12288,10629
20809,10583
38498,10575
45349,10551
54945,10522
45130,10497
47128,10496
50700,10466
51424,10416
47364,10409
30707,10365
4510,10331
48012,10321
21407,10317
54648,10283
45803,10249
23478,10241
47931,10186
53428,10186
21069,10173
22320,10143
49456,10127
8251,10110
46036,10086
19990,10083
38525,10058
27494,10012
29983,9939
46357,9857
54148,9844
37089,9826
12685,9812
31070,9809
54144,9797
49341,9785
50424,9754
26397,9735
49481,9711
55113,9708
47693,9677
44732,9671
45700,9564
44628,9547
55016,9490
45324,9477
21644,9423
52408,9422
44272,9368
26420,9367
27700,9364
44845,9343
34892,9321
47344,9310
51564,9290
45352,9241
51923,9219
20027,9206
53244,9165
8764,9161
37096,9079
44415,9075
20161,9061
45128,9021
38867,9015
28961,8958
54161,8925
48757,8913
45740,8903
50633,8873
12473,8867
45377,8867
49465,8844
47464,8842
27704,8833
45140,8766
49808,8748
12452,8722
45734,8710
46748,8707
48977,8624
40845,8607
53665,8563
44611,8505
26376,8497
54635,8470
32291,8454
52897,8450
23609,8449
50967,8383
44861,8376
53104,8369
12523,8367
54049,8293
33288,8240
252,8220
37117,8201
24093,8200
20351,8164
22827,8145
53095,8118
30333,8062
38272,8029
44557,8015
44432,7998
227,7989
50505,7988
30343,7935
52656,7896
34903,7875
21490,7832
55193,7832
19979,7823
45544,7799
53812,7795
27743,7787
1074,7761
26371,7759
27827,7757
25919,7747
47028,7743
54999,7728
49528,7708
25152,7684
21496,7682
36249,7675
20043,7656
23567,7642
9679,7609
8230,7608
53077,7585
51329,7584
19981,7581
26519,7578
47469,7556
1090,7549
49920,7529
45927,7491
44081,7486
225,7476
50741,7474
30456,7429
37165,7382
28450,7374
12521,7371
1081,7355
50760,7350
48044,7329
47607,7326
49244,7279
45815,7275
49916,7267
44852,7186
49744,7183
44217,7181
24544,7164
12290,7157
45196,7157
12394,7130
1083,7107
32645,7102
26377,7087
20116,7069
23798,7067
53431,7058
32854,7006
53093,7002
24460,6997
54988,6980
12488,6956
24950,6955
26124,6947
26494,6937
46037,6936
51697,6935
46609,6915
23448,6912
46317,6906
44734,6897
45580,6887
24515,6862
21892,6854
53413,6844
32147,6836
46385,6805
29702,6774
45713,6774
47103,6771
50659,6760
12375,6756
26041,6745
54196,6736
27665,6715
12363,6703
12392,6701
49108,6701
48184,6685
35352,6671
48173,6663
24066,6651
24373,6624
49438,6621
31561,6602
47926,6587
47357,6585
39340,6575
55036,6554
45396,6551
20108,6536
23828,6520
12383,6519
23450,6499
45448,6484
46916,6473
20840,6471
50136,6468
44051,6455
48307,6417
45805,6397
20316,6393
12522,6385
26408,6377
49388,6308
23470,6301
48400,6287
945,6251
32654,6231
54857,6230
50924,6214
49401,6207
44161,6197
30693,6175
49343,6175
44645,6173
21476,6167
21270,6166
8226,6158
22899,6152
26178,6119
21313,6110
12425,6092
20140,6091
33251,6064
49899,6055
22763,6015
44413,6013
53553,5986
47688,5978
30010,5963
46524,5933
20449,5913
50276,5854
37326,5832
28152,5822
20195,5801
12483,5796
12435,5793
31062,5792
22235,5786
12427,5782
35895,5782
8213,5764
45660,5764
53568,5758
46176,5711
9734,5710
21516,5706
25934,5704
44637,5703
12450,5677
36890,5659
27946,5626
23389,5603
38598,5594
45573,5585
24615,5581
246,5566
228,5558
53960,5544
21513,5531
53825,5529
33457,5524
53220,5521
50545,5509
54396,5452
55129,5452
44403,5450
52300,5447
54273,5420
36,5400
12395,5400
37805,5397
12463,5388
24107,5387
22530,5319
26149,5311
22269,5289
52841,5272
53459,5265
65374,5211
31435,5204
47691,5190
31119,5189
12358,5170
47495,5165
44749,5154
46388,5147
48730,5144
64,5141
23432,5129
54736,5124
23559,5117
44992,5112
50740,5102
38918,5091
44169,5086
26611,5085
35542,5083
12426,5067
45806,5067
35211,5050
21129,5049
24441,5048
52180,5034
26143,5016
33775,5012
50028,5007
20843,5004
23527,4996
54187,4967
54044,4957
52971,4953
51468,4946
50771,4943
52740,4938
31150,4908
33521,4903
51082,4890
45840,4866
27966,4844
27402,4840
45233,4838
36335,4837
21517,4822
27138,4820
44361,4820
48531,4818
44405,4814
23435,4806
45252,4781
35998,4769
53476,4763
50564,4751
46280,4746
22522,4730
40643,4727
33258,4725
21512,4724
237,4719
47105,4717
37325,4716
44151,4715
51788,4706
20061,4702
45823,4699
12414,4693
51480,4687
53820,4687
243,4683
21518,4680
20839,4671
29289,4651
12471,4627
9675,4619
23403,4594
27835,4585
21028,4577
45937,4577
38642,4575
12489,4574
8224,4567
26063,4553
24314,4552
23398,4544
49564,4532
20315,4517
20117,4515
47576,4513
51144,4497
1091,4492
96,4483
44145,4472
1076,4438
12390,4434
27888,4420
51222,4420
28304,4401
55072,4396
48855,4389
31185,4386
54156,4385
46763,4380
54996,4363
47605,4359
50704,4359
49512,4351
26223,4344
29577,4343
49240,4333
21608,4330
32773,4313
23577,4301
47502,4297
47159,4257
25215,4251
1084,4245
20998,4245
44225,4220
52873,4212
46749,4205
26681,4199
12367,4196
46497,4194
24291,4193
49816,4187
53640,4186
23383,4182
12524,4181
12365,4178
38517,4167
33394,4152
27784,4148
48724,4134
23459,4124
12510,4118
24859,4107
52196,4104
26989,4094
12399,4088
30452,4076
55136,4075
20845,4064
24247,4047
28639,4046
12479,4036
45184,4030
8811,4026
8810,4022
20853,4019
4370,4017
34276,4009
22781,3998
12459,3987
51500,3987
22806,3982
30028,3961
12364,3960
54605,3957
21629,3952
30003,3923
33836,3913
33391,3906
12525,3891
48139,3877
30494,3874
38899,3869
12472,3861
48261,3851
30435,3848
39208,3846
45843,3836
54548,3836
40599,3818
38737,3815
24605,3811
1575,3796
21151,3795
21555,3778
30340,3770
35696,3763
54943,3759
224,3755
49296,3738
20687,3733
34907,3732
12371,3730
26361,3729
12316,3724
38463,3717
20986,3712
35242,3711
22799,3701
21033,3699
48528,3688
52869,3668
46948,3664
12373,3659
31456,3651
39515,3649
35486,3647
21205,3637
232,3632
39854,3632
30334,3627
25033,3625
28330,3623
45227,3623
54663,3622
31532,3604
48309,3604
39080,3593
22294,3590
20445,3588
24344,3582
12461,3580
38283,3573
47945,3564
52899,3556
257,3555
21475,3554
44788,3551
48420,3546
49903,3546
49804,3545
12385,3537
12362,3535
22312,3532
23542,3532
21776,3522
54047,3522
52600,3515
26234,3511
36523,3510
20856,3509
8722,3507
37070,3495
24038,3491
50567,3491
20659,3490
52270,3490
26753,3481
12415,3478
25010,3467
49664,3464
31354,3458
49384,3452
27941,3447
47719,3447
50584,3446
20399,3443
24230,3432
44484,3423
47477,3420
49360,3408
44555,3407
48159,3394
37086,3392
38515,3392
25964,3380
50432,3380
27583,3377
21021,3374
49567,3372
35264,3371
29694,3365
65292,3364
27468,3357
21103,3352
31680,3352
45919,3346
21046,3334
21029,3330
27969,3315
39636,3315
24464,3314
45012,3312
226,3310
25925,3309
50949,3307
22303,3306
28006,3304
24481,3296
20196,3295
959,3287
46027,3282
36066,3252
31168,3246
55145,3234
1075,3231
20304,3225
50143,3223
24535,3222
22580,3221
36914,3220
12434,3214
24335,3204
12501,3170
20462,3169
46991,3166
22810,3154
52520,3151
36948,3143
12387,3142
22857,3132
45139,3115
45072,3109
12354,3108
20365,3105
44900,3100
53597,3099
46039,3097
19971,3092
38291,3085
35328,3070
50040,3070
51673,3062
55081,3050
23526,3045
40179,3036
49408,3032
1103,3027
32769,3023
54029,3023
29081,3007
24310,3002
44191,3000
50840,3000
54064,2994
50661,2991
47569,2989
46769,2985
54757,2976
44278,2964
35299,2960
22025,2948
37636,2946
24037,2941
50544,2936
30465,2934
46375,2932
44928,2924
37675,2912
28246,2910
12391,2909
12458,2903
53485,2901
20808,2891
21315,2890
24120,2888
54607,2882
44624,2876
34399,2873
20219,2872
21213,2865
12467,2863
12428,2859
45588,2857
52984,2854
12464,2845
23500,2843
12388,2841
8228,2839
29992,2833
50515,2832
27801,2824
27211,2821
35498,2813
35914,2808
12496,2806
20234,2805
23721,2805
47952,2805
23004,2800
36896,2799
30002,2797
25136,2792
27054,2782
21443,2779
50893,2775
45339,2761
53484,2754
22914,2753
44039,2746
29572,2717
12418,2714
27849,2713
54185,2689
21152,2687
30007,2687
12469,2686
35703,2679
54189,2678
35433,2677
12384,2675
957,2674
9632,2672
36960,2671
12490,2663
48195,2663
21491,2661
36939,2657
46373,2656
12377,2650
26954,2650
49524,2647
24418,2644
33274,2644
26417,2638
51110,2634
20358,2627
45210,2626
48960,2622
12515,2621
49819,2616
962,2615
432,2609
946,2601
26157,2596
12502,2594
35377,2586
35672,2584
22290,2580
26185,2580
12486,2571
20141,2571
46378,2571
20250,2568
32000,2568
24819,2560
12491,2556
38596,2555
12454,2552
48848,2550
53168,2544
49397,2542
20426,2538
48852,2536
234,2535
32218,2535
50687,2533
52244,2533
28779,2530
21488,2528
28872,2526
45832,2526
20301,2523
26893,2523
44316,2523
44808,2517
12828,2514
49837,2506
39321,2505
44516,2504
38534,2501
12424,2500
36554,2494
47787,2494
65293,2491
44096,2487
45600,2485
44312,2482
31481,2479
1099,2471
38957,2470
45143,2469
47567,2468
53336,2467
23494,2459
49399,2456
23569,2452
49780,2445
49256,2431
23481,2426
189,2424
12451,2422
47868,2422
1100,2421
39759,2421
24422,2418
20869,2417
1604,2413
47940,2413
24800,2409
54747,2408
52240,2401
50621,2393
25105,2385
49677,2381
21463,2376
31179,2373
32113,2372
21729,2365
44636,2365
22612,2364
27425,2364
35576,2358
23621,2355
51132,2353
33609,2352
20736,2350
12481,2348
52041,2348
30410,2346
953,2335
44424,2335
30446,2333
47133,2333
45825,2331
53160,2323
65308,2322
46208,2319
65310,2317
19969,2314
53237,2314
272,2313
12511,2303
24847,2303
54393,2302
1057,2301
1073,2300
44622,2296
47943,2294
28113,2293
40779,2288
34389,2287
44079,2287
956,2286
53217,2286
37758,2285
45798,2283
250,2278
27874,2278
46403,2278
52313,2278
24471,2276
45253,2275
8592,2272
38728,2268
23519,2264
36215,2262
52320,2252
12517,2250
49913,2250
52296,2249
12512,2247
27597,2242
27744,2233
20271,2232
20170,2224
20037,2219
21697,2219
23431,2218
38750,2213
21688,2210
53932,2210
21147,2209
33021,2205
12460,2204
1079,2199
49891,2197
34255,2193
50617,2192
25163,2188
12503,2185
23565,2185
25151,2183
26354,2183
50547,2180
52496,2177
38292,2175
55001,2173
12416,2168
24478,2166
22915,2165
961,2164
48072,2164
51792,2161
24773,2157
49752,2155
25976,2154
21453,2153
50670,2152
21209,2145
50032,2138
46892,2136
12487,2131
30064,2131
26524,2127
22987,2122
50739,2122
22577,2117
50444,2109
36020,2105
24681,2103
25126,2102
30865,2097
48008,2096
54075,2089
37941,2086
21312,2083
244,2079
52684,2079
12513,2076
44893,2070
48333,2067
964,2065
48282,2063
12360,2059
21487,2059
23815,2055
44609,2055
26609,2052
21830,2046
12420,2043
21306,2042
47129,2042
36039,2037
38364,2036
20197,2035
27231,2034
31206,2030
21746,2027
12456,2024
21916,2024
22120,2024
1095,2021
45404,2020
39023,2014
23713,2013
31085,2013
1087,2012
45721,2008
21360,2006
29790,2005
4527,2004
33268,2000
53308,1998
46629,1996
46896,1994
29238,1992
32080,1989
50493,1989
37141,1988
955,1987
27683,1987
13217,1986
38936,1985
30495,1984
50581,1977
8545,1976
22296,1976
201,1971
47020,1969
29699,1968
21451,1965
49396,1963
29256,1962
23436,1954
1050,1952
4513,1952
8451,1952
9312,1952
36617,1951
949,1948
12369,1948
20489,1947
23792,1947
47355,1941
53252,1941
47596,1939
92,1938
34899,1937
20837,1936
21338,1933
1093,1926
51247,1922
45845,1911
23460,1910
48374,1908
48016,1907
24685,1906
51796,1904
21375,1902
20849,1899
25903,1898
39006,1898
25552,1897
28147,1896
31146,1896
22818,1895
30439,1890
40778,1884
31649,1883
12480,1881
12495,1877
20132,1876
26007,1867
45231,1866
20185,1864
22240,1860
45552,1858
231,1856
65295,1856
38738,1855
40635,1854
47172,1853
38742,1852
34382,1847
35519,1847
54476,1847
9733,1846
35282,1846
34920,1843
36899,1843
9313,1840
36986,1840
12497,1838
46904,1837
4523,1836
45738,1836
23616,1833
38632,1832
45188,1832
178,1831
12474,1830
20210,1825
12431,1824
51107,1824
30427,1818
31995,1814
52871,1809
54053,1807
35430,1806
22855,1801
31350,1799
48167,1799
37009,1797
39770,1793
49821,1793
51609,1788
49072,1784
24022,1783
46404,1773
36196,1772
28580,1763
40372,1763
50657,1763
36234,1762
12494,1759
32764,1748
45032,1741
22812,1740
54652,1740
50280,1738
28165,1737
27515,1736
52258,1730
53248,1726
33865,1722
47008,1722
12417,1721
36817,1721
417,1720
51674,1715
45565,1714
23561,1711
44641,1711
47384,1711
29234,1706
32946,1706
38651,1706
34311,1703
37002,1703
36106,1701
12514,1697
21462,1697
22378,1695
20025,1693
49776,1693
36275,1689
20057,1687
20855,1686
21439,1686
31684,1684
47721,1684
45952,1683
22675,1682
33293,1681
50025,1678
29287,1673
29563,1673
32020,1673
44866,1672
27929,1670
29305,1670
40680,1668
20063,1667
28149,1667
21477,1666
44300,1666
52676,1666
28009,1663
45321,1663
53232,1663
25142,1660
22995,1659
49344,1659
55012,1659
963,1657
21519,1655
32232,1655
22238,1654
29151,1651
31278,1651
24076,1647
44058,1646
28436,1645
24196,1644
21235,1642
39318,1642
24935,1639
48281,1637
37504,1636
12376,1634
20303,1634
27915,1634
51244,1634
51900,1633
28331,1631
29141,1630
20811,1628
24565,1622
38512,1622
44613,1621
29029,1618
44751,1617
36786,1615
22659,1614
38450,1614
29645,1610
40654,1610
38520,1609
51219,1608
33290,1607
26222,1605
52507,1605
48136,1604
21521,1603
29987,1603
50852,1602
47493,1600
53920,1599
53429,1598
21332,1597
30332,1597
34030,1597
28207,1596
47801,1595
26997,1592
53008,1592
51670,1585
32676,1581
48456,1578
223,1575
37101,1574
20801,1572
26410,1572
35258,1571
36628,1568
12381,1567
37027,1565
12499,1564
51568,1564
1040,1560
22352,1558
23562,1556
35937,1554
22196,1552
32317,1552
52776,1552
22909,1551
24489,1550
12519,1547
46400,1545
46372,1538
20818,1533
50491,1532
19996,1530
23627,1527
27166,1527
22317,1524
49116,1522
33509,1513
33267,1509
44860,1507
51361,1506
34081,1504
27611,1503
33310,1499
51540,1499
29275,1498
38663,1498
32032,1497
1606,1492
1610,1491
21322,1491
21570,1490
947,1489
12402,1488
23652,1487
30069,1486
38568,1486
39791,1485
34349,1484
31934,1483
23822,1482
32701,1481
33256,1475
36032,1474
33674,1472
1585,1471
27193,1469
35488,1468
22862,1466
26399,1465
24067,1463
94,1462
23614,1459
24307,1459
33337,1458
34217,1458
45449,1458
4355,1455
22291,1454
26465,1447
50908,1447
54512,1445
33538,1443
24459,1439
177,1434
954,1432
20094,1432
51544,1431
1052,1430
26395,1428
171,1427
187,1426
1096,1423
46288,1423
24801,1422
32771,1421
26495,1420
30001,1420
34915,1418
50638,1417
38538,1416
35676,1413
44406,1413
26757,1411
50753,1410
39178,1409
241,1395
46895,1395
27604,1394
31169,1394
32882,1392
26690,1387
50140,1383
1608,1382
22343,1382
24904,1381
35201,1381
35347,1380
1055,1379
12429,1379
54772,1378
32862,1375
31077,1374
35609,1374
38307,1374
8364,1372
32227,1372
32901,1372
36988,1372
40860,1372
48204,1370
50297,1370
4354,1367
26039,1366
20126,1364
25913,1364
48765,1364
12455,1362
12484,1361
21127,1361
31056,1361
39131,1361
46433,1359
25918,1357
30563,1357
27442,1356
35722,1356
20136,1351
22495,1351
28982,1351
53573,1351
9651,1348
37449,1347
32005,1346
35320,1344
28136,1343
1605,1339
32993,1339
12304,1336
12305,1336
33769,1336
960,1335
20110,1333
40165,1330
24245,1329
9314,1327
30476,1326
25935,1323
31103,1323
31105,1323
50964,1323
1042,1322
32887,1322
33510,1321
51094,1321
21015,1319
45040,1319
34269,1316
48389,1316
47956,1315
52908,1315
23391,1312
46188,1312
35029,1311
45364,1310
50572,1309
32626,1305
27714,1302
44865,1300
24499,1299
34886,1299
52283,1299
53460,1299
12423,1298
37670,1298
52843,1298
7841,1297
36104,1294
31302,1293
21839,1291
21063,1290
25345,1287
47729,1287
24235,1286
36074,1286
38634,1283
38748,1282
52784,1282
12419,1281
52504,1281
52853,1280
36763,1279
27931,1278
47616,1276
24380,1274
22346,1271
44753,1271
21009,1270
24215,1269
8231,1268
28851,1266
21161,1265
40857,1265
39135,1263
1041,1261
46177,1261
38464,1257
20024,1252
22519,1251
29376,1251
48981,1250
32780,1247
37857,1246
20581,1244
28145,1243
26684,1242
299,1241
26088,1240
50144,1240
20693,1239
236,1238
25144,1238
36784,1238
38597,1238
33883,1236
24231,1231
24311,1231
45001,1231
51005,1230
353,1226
12400,1224
38577,1223
20711,1222
20860,1222
31072,1222
20854,1221
33590,1220
37202,1219
29664,1215
38626,1215
45217,1214
23041,1213
23452,1213
23493,1212
22856,1210
26862,1210
23731,1209
37804,1209
26009,1208
21083,1206
12475,1205
23660,1205
23994,1205
21843,1204
31177,1203
37806,1200
24651,1198
20754,1195
26411,1195
65281,1195
32068,1194
26368,1191
35441,1191
7883,1190
19992,1189
22338,1189
25106,1189
39764,1189
26044,1188
32177,1188
44088,1188
19993,1186
36681,1184
9472,1183
30041,1183
49371,1183
4357,1182
40607,1179
29544,1178
54981,1178
24433,1177
44064,1177
23556,1173
52901,1172
54141,1171
35686,1169
51680,1169
12508,1168
20214,1168
24396,1166
25705,1164
20633,1161
26781,1161
35611,1160
25945,1158
36938,1157
951,1156
13202,1156
24658,1155
32048,1154
20681,1153
24817,1148
948,1143
53599,1143
27741,1142
37291,1141
40657,1141
1058,1140
23380,1140
28357,1140
24184,1135
305,1134
50277,1132
34281,1131
27954,1129
36010,1129
8242,1123
49788,1122
26725,1121
20381,1120
35468,1120
31471,1118
35036,1118
38617,1118
34913,1116
24892,1115
46416,1115
26310,1114
37327,1114
54604,1114
21402,1112
23395,1108
30524,1108
32705,1108
1094,1106
26460,1106
3634,1101
24049,1100
36984,1100
20171,1099
26362,1099
22686,1098
22727,1098
24287,1098
28879,1096
12465,1094
55177,1093
27298,1092
35336,1092
38446,1092
23553,1090
26119,1090
12422,1089
50913,1089
25958,1087
50844,1085
25087,1084
1048,1082
21367,1082
37034,1079
1053,1078
20098,1077
26381,1077
44621,1077
230,1076
28310,1073
29246,1073
23020,1071
32004,1071
26053,1070
29166,1070
53301,1070
24118,1068
25391,1068
23796,1065
248,1064
20896,1063
39192,1063
46836,1062
31449,1058
12379,1057
30331,1057
22996,1056
21460,1053
54017,1053
12527,1051
12593,1051
20309,1050
29995,1049
12393,1046
45957,1044
22830,1042
23472,1042
28415,1041
33459,1040
26131,1035
54030,1035
35069,1034
53805,1034
36650,1033
26187,1032
22411,1030
53108,1029
25351,1026
30053,1026
23458,1024
23612,1024
54072,1024
24178,1021
24917,1018
1576,1016
25216,1016
28193,1016
32879,1016
1583,1015
46920,1015
46043,1014
49573,1014
22937,1012
28516,1012
12449,1011
48783,1011
50041,1008
27810,1007
32752,1007
38988,1007
22369,1001
31161,1000
21566,998
23453,998
26071,998
31461,998
50192,998
45589,997
32380,994
40644,990
29976,988
36895,988
23429,987
38306,987
51789,985
19998,984
21191,982
21495,982
31777,980
1078,977
3619,976
34277,975
969,974
322,972
25955,972
26707,972
37323,972
30799,971
26159,968
45925,967
12505,966
37509,966
49668,962
20841,960
65381,960
50881,959
22266,957
52040,957
51260,956
45337,954
12468,953
38761,952
40670,952
242,951
22839,950
29033,948
24040,947
20241,946
49928,945
24863,942
29872,942
21934,941
45365,941
12500,939
1056,938
35657,938
36229,935
37030,935
39740,935
940,928
36920,928
12408,927
24265,927
22336,923
35061,923
916,922
27155,922
45785,921
33287,920
50636,920
20999,919
23532,919
50052,919
7879,918
972,915
27877,915
32043,915
31859,914
12405,913
12493,910
26469,910
47296,910
49679,910
8544,909
24237,909
30740,909
51469,909
3609,908
23558,906
23696,905
36942,904
40718,904
1054,903
33324,903
33945,903
36001,903
36562,903
1043,902
27891,902
51165,902
25079,900
12643,898
27578,898
27575,897
23487,895
44848,895
9834,893
38620,892
25696,890
12378,889
23455,889
46616,888
26031,887
965,886
38451,886
943,884
20842,884
26352,884
20877,882
22833,882
39000,881
47577,881
12615,879
27512,879
22616,876
19975,874
39592,874
21002,873
363,872
7901,872
20056,872
27963,872
35373,870
12516,869
31243,869
51724,869
12477,867
32173,867
32722,867
38627,867
36637,866
12397,865
29105,865
4352,864
39438,864
30149,862
50713,862
25206,861
601,860
9315,860
20142,860
21218,860
29066,860
35563,860
37969,860
27880,859
30889,859
48808,859
24351,858
31309,858
20525,857
12596,855
7871,854
20551,854
33067,854
40575,854
27453,853
33707,851
7853,850
30436,847
25165,846
31807,846
32066,845
25831,844
46516,844
23475,842
32025,842
35222,842
37340,842
27589,841
29748,841
32057,841
33879,840
24449,839
31558,838
26666,837
8734,836
9794,836
44748,836
47421,836
259,835
35140,835
20804,833
952,832
30496,831
32819,831
4592,830
30952,830
48768,830
12498,829
7845,827
20937,827
24799,827
37111,827
12470,825
23338,824
32618,824
37041,823
49565,823
32013,822
45728,822
32396,821
31821,820
38555,820
20339,819
30431,819
24052,818
53601,818
12506,817
23637,817
32714,817
22618,816
36861,816
4363,815
8729,815
26647,815
27490,815
12601,814
39532,813
32340,812
50575,812
45841,811
20908,810
48052,809
229,808
33853,808
20992,806
9473,805
30058,805
7843,803
45255,802
54157,802
12462,800
38972,800
47748,800
38518,799
8467,798
20523,798
1110,797
36865,796
24930,793
269,791
31574,791
720,790
12509,790
52252,789
31066,787
46121,787
12599,786
50164,784
12613,783
20035,783
26970,783
37197,783
333,782
33995,782
28525,781
35422,781
37528,780
1044,779
27005,777
23384,774
44733,773
21214,772
26691,772
30382,771
31192,770
54184,768
21202,767
24517,767
26217,766
27573,766
21050,765
22900,762
26366,762
36848,762
52309,762
51753,761
4535,760
21342,760
24149,760
26792,759
36051,759
45955,759
48341,758
54216,757
37444,755
235,754
263,754
35413,754
20439,753
20253,752
32650,751
37912,750
38706,750
50693,749
12372,748
20113,748
12411,747
24525,747
12293,746
22865,746
50489,746
21281,745
55197,745
40251,744
48201,744
49636,744
35910,742
28010,741
52423,741
24207,740
29031,740
30603,740
51684,740
23064,739
23663,739
24246,739
32996,739
40180,738
48737,738
38996,737
26045,736
163,734
21051,734
21619,734
28716,733
44873,732
24033,731
32822,731
30070,730
31526,730
47872,730
35527,729
38920,729
45964,726
12406,725
25484,725
52405,725
37428,722
46363,722
23019,721
36060,721
24195,720
27770,720
28771,719
44652,718
22756,716
28014,716
33437,716
45237,716
3629,715
53571,714
1101,713
49940,713
24509,712
25512,712
52281,711
20239,710
20778,710
21133,710
21987,710
1051,708
27671,707
9650,706
23791,705
249,704
22533,704
34314,704
12609,703
21578,703
38480,703
44999,703
45076,703
51120,701
21320,700
34101,700
24466,698
27511,698
28040,698
22863,697
1578,696
51018,696
28431,695
23560,692
30097,691
26579,690
29255,690
32076,689
8243,688
24425,688
30566,687
34395,687
45591,687
22971,686
36203,685
54773,685
4361,684
32972,684
1593,683
34880,680
24341,679
8658,678
12507,678
27083,677
21220,675
26093,675
29705,674
39365,674
40658,674
26144,673
35695,672
40801,672
44545,671
12403,670
27493,670
54672,669
24339,668
45400,668
54915,668
32622,666
50995,666
3585,664
33308,663
12641,662
22764,661
23578,661
35558,661
45931,661
28526,660
23566,658
36062,658
26696,657
33738,657
44488,656
46840,656
36870,655
27169,654
25480,653
30772,653
55100,653
21696,651
35215,651
26805,650
44076,650
48856,650
20182,649
24352,649
26060,649
1587,648
20852,647
24494,646
33756,642
38542,642
7897,641
24858,641
32118,641
32026,639
53028,639
52061,638
53487,638
38917,637
40723,637
54865,637
3648,636
21894,635
23396,635
29575,635
51809,634
23531,633
25289,633
48600,632
26716,631
23736,629
30095,629
20305,628
31143,628
52647,627
30591,626
35613,626
24218,622
33292,622
53569,620
25448,619
31687,619
36838,619
730,618
54212,618
32363,617
36011,617
712,616
1059,616
30887,616
3851,615
21326,615
31227,615
48632,615
65372,615
20139,614
28548,613
22721,612
38647,612
29508,611
13213,609
22696,609
50936,609
45996,607
47604,607
12309,606
12368,606
7891,605
12610,604
34157,604
34560,604
12409,603
37129,603
3617,602
9633,602
20285,602
32905,601
21435,600
46999,600
53951,600
12308,599
12532,599
3591,598
23142,598
27833,598
34945,598
24101,597
966,595
7899,595
26619,595
30079,595
1607,594
26441,593
36781,593
214,592
24046,591
33311,591
38477,591
20505,590
29229,590
47284,590
48140,590
24059,589
52311,589
22767,588
253,587
21809,587
181,586
3633,586
24429,586
54777,586
31637,585
26089,584
27161,584
12366,583
21704,583
29273,583
45003,583
45341,583
53496,583
49485,582
49541,582
21109,581
50679,581
65379,581
30913,580
25562,579
20307,577
26228,577
36996,577
27735,576
28504,576
32160,576
65378,576
34203,575
23506,574
65309,574
20613,573
30690,572
29677,571
38442,571
38556,571
46889,571
50045,571
12466,570
24785,570
45033,570
51249,570
52284,570
37666,568
53909,568
27996,567
36042,567
22564,566
27608,565
65357,565
50855,564
21450,563
24290,563
25776,563
28271,563
31118,562
23653,561
26525,561
45968,560
47032,560
49711,559
20102,558
39530,558
20874,556
36864,555
20465,554
21253,554
48348,554
39151,553
769,552
12619,552
20181,552
30151,552
30330,552
351,551
12518,551
30011,551
36664,551
33032,550
38271,550
941,549
27178,549
9825,548
12457,548
31287,548
3618,547
35500,547
53449,547
28142,546
48604,542
12622,541
21331,541
25771,541
27506,541
36002,541
38914,541
47424,541
22521,540
24086,540
24375,540
35712,540
46276,540
28858,539
52068,538
1061,537
23449,537
33891,537
297,536
21930,536
28814,535
44668,535
25973,534
30305,534
52985,534
45460,531
23563,530
38468,530
20851,529
35731,529
1102,528
25937,528
26791,528
23439,527
26704,526
21452,525
38499,525
27492,524
12370,523
24754,523
32207,523
34074,523
34893,523
25509,522
28196,521
54775,521
26391,520
27264,520
28797,518
32011,518
40664,518
33900,517
12520,516
12616,516
24191,516
27703,516
37193,516
37682,516
35037,515
35531,515
9316,514
23601,513
31237,513
44412,513
46125,513
24501,512
51135,511
47428,510
48484,509
275,508
21359,508
1092,507
28286,507
21319,506
25588,506
35947,506
22561,505
54336,505
20961,504
31505,504
35206,504
46310,504
46428,504
20240,503
20418,503
38907,503
240,502
273,502
22707,502
25299,502
31639,502
52645,502
24213,500
24432,500
45852,500
3657,499
23110,499
24185,499
382,498
9829,498
20133,498
33322,498
44188,498
4364,497
26230,497
20167,496
36208,494
9837,493
26448,493
55108,493
21628,492
32102,492
1577,491
28652,491
33495,491
36447,491
40388,491
193,490
23490,490
1740,489
48976,489
27243,488
34083,488
24187,487
913,486
7847,486
27798,486
38605,486
21484,485
22885,485
50510,485
20313,484
25805,484
39423,484
29128,483
30722,483
39746,483
1047,482
4385,482
24051,482
20625,481
31520,481
33618,481
35946,481
3656,480
1497,479
36321,479
24693,478
25910,477
44333,477
3623,476
31281,476
33802,476
21280,475
34253,475
39722,475
7855,473
21247,473
25098,473
45323,473
45953,473
25240,472
29279,471
31295,470
23550,469
22836,468
28847,467
31572,467
40763,466
1105,465
20363,465
25171,465
35506,465
45451,465
23515,464
12421,463
25331,463
65291,463
26612,462
238,461
21807,461
28417,461
24453,460
31069,460
24161,459
38376,459
44499,459
1581,458
20081,458
27836,458
32190,458
36930,458
10219,457
37240,457
37780,457
20740,456
31689,456
45480,456
48756,456
22372,455
35009,455
35553,454
26575,453
33539,453
48335,453
20048,452
26472,452
53924,452
23572,451
34701,451
50583,451
942,450
3621,450
7885,450
45268,450
53233,450
173,449
967,449
10218,449
33829,449
48304,449
27177,448
35920,448
220,447
33464,447
36299,447
37706,447
55195,447
3626,445
25506,444
21508,443
32918,443
49597,443
4358,442
8546,442
26122,442
35370,442
44077,442
45265,442
51692,442
1602,441
22259,441
25140,441
37772,440
20989,438
25885,438
26705,438
7889,437
27863,437
3636,436
973,435
4453,435
23529,435
24378,435
28129,435
36008,435
54271,435
19976,434
20415,434
21482,434
24845,434
31034,434
23610,433
928,432
30770,432
331,431
25137,431
31361,431
180,430
30701,430
24428,429
25773,429
26463,428
31040,428
38317,428
40786,427
283,426
21344,426
37319,426
239,425
22528,425
23830,425
24573,425
33780,425
52716,425
20826,424
27779,424
51471,424
29087,423
65311,423
7873,422
22893,422
27096,422
28288,422
40573,422
48785,422
30328,421
30528,421
35261,421
1045,420
50157,420
51335,420
24540,419
33655,419
47876,419
51658,419
1063,418
26388,418
29260,418
29926,418
38539,418
40441,418
47960,418
38500,417
26356,416
44165,415
27602,413
29356,413
44593,413
53024,413
53683,412
65286,412
174,411
25563,411
26292,411
347,410
33489,410
34987,410
27807,408
36556,408
12412,407
352,406
12534,406
21340,406
21547,406
24536,406
46756,406
23195,405
24687,405
32214,405
48867,405
36629,404
36983,404
49932,404
55008,404
25972,403
49716,403
23528,402
26580,402
32418,402
45005,402
45844,402
49349,402
20572,401
23725,401
25100,401
36671,401
7907,400
45084,400
12389,399
19985,399
33970,399
24248,398
36794,398
54629,398
1601,397
20729,397
28845,397
34115,397
48640,397
51245,397
13246,396
22330,396
3604,395
21330,395
24109,395
25220,395
25802,395
34224,395
22435,394
24188,394
931,393
24735,393
29237,393
38081,393
20184,392
20276,392
23551,392
25239,392
32724,392
3637,391
1071,390
49713,390
23105,389
29674,389
21448,388
24907,388
12374,387
52772,387
20596,386
26151,386
38472,386
50965,386
13214,385
20083,385
35251,385
50137,385
1580,384
24618,384
27993,384
44985,384
1493,383
29158,383
30433,383
34802,383
36040,383
36070,383
33382,382
35641,382
24613,381
49748,381
12504,380
25353,380
26313,380
33145,380
49248,380
22793,379
32283,379
39376,379
44639,379
51908,379
27530,378
34398,378
21048,377
49508,377
21442,376
35342,376
37057,376
54661,376
21561,375
33487,374
50480,374
28317,373
32974,373
33980,373
49681,373
922,372
35387,372
1603,371
20320,371
28422,371
39342,371
179,370
26263,370
27004,370
32789,370
51264,370
24050,369
24709,369
28611,369
32178,369
34905,369
44779,369
4359,368
9726,368
12621,368
21329,368
24043,368
20129,367
20919,367
21016,367
26106,367
36855,367
44418,367
24448,366
26447,366
20134,365
24403,365
26118,365
27973,365
923,364
50747,364
27088,363
37854,363
22365,362
22805,362
24128,362
12618,361
25915,361
50784,360
8593,359
28204,359
31117,359
52324,359
20379,358
28760,358
32447,358
36814,358
37109,358
49511,358
7929,357
9317,357
20745,357
25933,357
9474,356
30005,356
22243,355
52425,355
65341,355
12620,354
20805,354
23425,353
27508,352
24444,351
29359,351
36935,351
53112,351
22253,350
27994,350
35443,350
54729,350
29483,349
34425,349
9608,348
23130,348
24189,348
24962,348
65339,348
12476,347
38686,347
50056,347
3627,346
24413,346
32774,346
25799,345
28784,345
32858,345
49695,345
3607,344
31282,344
46965,344
8222,343
1588,342
287,341
268,340
24555,340
28222,340
31348,340
31478,340
32990,340
35569,340
38915,340
26680,339
22402,338
25237,338
1064,337
23492,337
30342,337
22916,336
29560,336
36941,336
51572,336
37979,335
1512,334
20806,334
35079,334
36842,334
38289,334
20663,333
24217,333
7877,332
9836,332
27075,332
31569,332
48772,332
54073,332
21610,331
31881,331
33298,330
20493,328
21068,328
24392,328
25265,328
34909,328
8901,327
32690,327
32933,327
3605,325
20225,325
27224,325
36000,325
38745,325
1060,324
20870,324
32156,324
34503,324
45984,324
31563,323
31605,323
36067,323
36084,323
324,322
20901,322
26628,322
31142,322
32034,322
35365,322
35469,322
48464,321
1571,320
25307,320
65294,320
65307,320
1377,319
3610,319
7913,319
12396,319
21474,319
23703,319
38592,319
22575,318
29898,318
35584,318
44740,318
20280,317
21373,317
24254,317
35624,317
38989,317
23002,316
24202,316
24505,316
25613,316
36898,316
38428,316
45811,316
1492,315
20096,315
35380,315
37474,315
53608,315
25308,314
31296,314
36776,314
25324,313
28248,313
48740,313
937,312
20208,312
21932,312
28151,312
29378,312
29436,312
33610,312
48868,312
25928,311
29121,311
31452,311
47760,311
55068,311
35997,310
50853,310
28092,309
39015,309
44736,309
197,308
24716,308
25160,308
48849,308
50548,308
23769,307
28057,307
36259,307
38859,307
20553,306
21189,306
26454,306
45593,306
700,305
51921,305
27927,304
30473,304
53767,304
20062,303
28037,303
31298,303
36578,303
37159,303
45620,303
49443,303
50769,303
25490,302
26332,302
21520,301
32114,301
247,300
22654,300
32143,300
33050,300
35186,300
47791,300
51816,300
22770,299
29747,299
32117,299
1488,298
29788,298
29956,298
35023,298
36027,298
39057,298
44669,298
27171,297
28216,297
38495,297
38924,297
50921,297
54520,297
65290,297
25998,296
30142,296
37507,296
45819,296
35412,295
917,294
20114,294
23265,294
24427,294
25088,294
26028,294
20016,293
21682,293
22993,293
24357,293
28192,292
36023,292
51148,292
167,291
1614,291
19982,291
45395,291
25080,290
27036,290
35270,290
1098,289
28168,289
20498,288
31036,288
36710,288
49424,288
20124,287
52421,287
216,286
25276,286
32244,286
3614,285
8203,285
21705,285
32399,285
48080,285
48628,285
49381,285
281,284
345,284
31063,284
1586,283
7789,283
20282,283
20976,283
24162,283
26658,283
28201,283
28459,283
28657,283
28843,283
33210,283
46052,283
51428,283
26086,282
28041,282
29787,282
54344,282
31048,281
32154,281
32239,281
44872,281
20813,280
30651,280
45340,280
25968,279
25975,279
27839,279
32321,279
52420,279
26132,278
36600,278
20104,277
30475,277
699,276
20559,276
20694,276
26278,276
38931,276
2381,275
3640,275
20302,275
23476,275
25402,275
29420,275
34588,275
26379,274
45705,274
2366,273
8804,273
27497,273
28552,273
29467,273
38563,273
39511,273
29835,272
45664,272
22280,271
31391,271
36949,271
49121,271
29190,270
29509,270
24609,269
26059,269
2352,268
21193,268
24724,268
32599,268
34310,268
49956,268
26012,267
38911,267
20105,266
23997,266
32386,266
22778,265
915,264
934,264
26087,264
31001,264
39336,264
45181,264
12478,263
20284,263
22934,263
24321,263
26976,263
28363,263
29641,263
31570,263
1097,262
26550,262
28385,261
32736,261
33841,261
34093,261
35207,261
39378,261
22894,260
23648,260
25943,260
30428,260
31166,260
31199,260
49513,260
25102,259
31108,259
31661,259
38570,259
39381,259
8776,258
20964,258
38646,258
9318,257
9839,257
23803,257
26207,257
30561,257
32153,257
65039,257
924,256
25159,256
33740,256
38492,256
63615,256
22645,255
29138,255
161,254
24764,254
29734,254
35565,254
48876,254
23495,253
24190,253
25582,253
27712,253
28925,253
35351,253
46515,253
46543,253
25542,252
27794,252
32191,252
36969,252
12623,251
37944,251
46528,251
22739,250
24315,250
27427,250
33541,250
36913,250
38666,250
40300,250
4399,249
21137,249
21733,249
22768,249
24944,249
26020,249
28205,249
29953,249
53636,249
1062,248
603,247
28507,247
35226,247
36655,247
50941,247
51844,247
52048,247
20702,246
30691,246
32903,246
35060,246
38695,246
39662,246
65297,246
3588,245
12380,245
20018,245
25954,245
26214,245
29113,245
36798,245
45272,245
1500,244
25429,244
34180,244
47587,244
53963,244
28748,243
28857,243
37045,243
381,242
12401,242
20491,242
32829,242
45280,242
3592,241
4538,241
22602,241
26451,241
31049,241
31958,241
32051,241
24524,240
50768,240
54048,240
3594,239
24746,239
8482,238
28319,238
39150,238
20816,237
21106,237
26827,237
30048,237
36958,237
23233,236
38928,236
8207,235
23624,235
29017,235
38997,235
53192,235
7909,234
25499,234
36774,234
20046,233
23643,233
50999,233
8206,232
21361,232
29399,232
33733,232
47933,232
50939,232
596,231
24115,231
26564,231
27472,231
36213,231
47436,231
54745,231
52257,230
4366,229
9654,229
20957,229
23697,229
24266,229
37406,229
40232,229
8718,228
24871,228
27292,228
35738,228
36981,228
1046,227
3021,227
24656,227
26179,227
27153,227
28251,227
28252,227
30906,227
32463,227
32768,227
44863,227
172,226
7911,226
22679,226
24467,226
24680,226
27754,226
50433,226
52312,226
3649,225
30352,225
9792,224
20160,224
22275,224
25114,224
32880,224
33180,224
35674,224
37066,224
45369,224
65298,224
19994,223
21240,223
24922,223
33600,223
35586,223
51984,223
44341,222
12413,221
20848,221
20940,221
21307,221
29827,221
37138,221
26029,220
35480,220
48725,220
339,219
21365,219
22633,219
24594,219
25110,219
26943,219
26963,219
28325,219
29855,219
40169,219
921,218
4526,218
12382,218
20918,218
22408,218
29200,218
31401,218
44041,218
361,217
1600,217
8225,217
30274,217
32893,217
3632,216
24942,216
26364,216
28342,216
31152,216
35477,216
37048,216
48068,216
54159,216
23831,215
24755,215
25300,215
33294,215
37956,215
7779,214
31018,214
22969,213
26254,213
29123,213
29503,213
29590,213
31716,213
48137,213
55080,213
8239,212
21556,212
31686,212
35501,212
618,211
1069,211
20044,211
20511,211
20914,211
22622,211
26462,211
27146,211
29887,211
35424,211
35578,211
38357,211
50573,211
52993,211
914,210
950,210
22697,210
24125,210
32067,210
39166,210
53892,210
3660,209
20864,209
27489,209
31975,209
32988,209
44564,209
53896,209
13201,208
13218,208
25014,208
26512,208
31406,208
33253,208
38138,208
49791,208
261,207
21091,207
22242,207
26974,207
36963,207
245,206
1199,206
4304,206
20889,206
24490,206
30008,206
30928,206
31929,206
35010,206
35492,206
37628,206
38533,206
38902,206
30050,205
31293,205
32210,205
23554,204
25463,204
26477,204
30355,204
38308,204
211,203
20206,203
20238,203
20885,203
23784,203
29380,203
29482,203
29494,203
33624,203
36068,203
36991,203
53628,203
8595,202
26641,202
35379,202
53832,202
20516,201
21449,201
26413,201
26847,201
30059,201
36286,201
44059,201
53125,201
968,200
23888,200
25731,200
31909,200
36606,200
23541,199
26771,199
31515,199
32023,199
50992,199
29914,198
32172,198
33065,198
36468,198
38343,198
47949,198
54932,198
304,197
818,197
958,197
4312,197
8484,197
20846,197
20982,197
21421,197
28187,197
29233,197
33026,197
36978,197
49537,197
20661,196
21049,196
36367,196
38313,196
51133,196
53009,196
279,195
1591,195
7751,195
21764,195
28393,195
29618,195
29801,195
30031,195
30408,195
36974,195
38281,195
54956,195
7923,194
8201,194
21040,194
23534,194
24336,194
26311,194
29814,194
31407,194
34183,194
48763,194
52833,194
196,193
22750,193
25996,193
35359,193
1257,192
1489,192
3652,192
22374,192
28699,192
37782,192
29184,191
33126,191
34028,191
35363,191
38331,191
1408,190
24343,190
27085,190
28171,190
28381,190
29366,190
36031,190
46532,190
337,189
9319,189
12355,189
21123,189
23588,189
26001,189
26249,189
35475,189
38609,189
39118,189
9670,188
12631,188
22887,188
29916,188
33909,188
37341,188
46420,188
1502,187
20175,187
21350,187
24062,187
32305,187
32735,187
33255,187
38613,187
27507,186
28408,186
30033,186
31109,186
31167,186
31890,186
32318,186
35013,186
36956,186
37523,186
38360,186
45368,186
46848,186
53013,186
974,185
20977,185
23138,185
24163,185
24193,185
27982,185
33406,185
36012,185
38669,185
52744,185
1582,184
27599,184
27850,184
30406,184
35533,184
36795,184
54084,184
1070,183
21187,183
25342,183
25505,183
26083,183
31379,183
35504,183
48869,183
52201,183
53276,183
29822,182
32835,182
35090,182
38948,182
39137,182
48473,182
49093,182
1398,181
1808,181
20892,181
26021,181
40848,181
47288,181
199,180
21542,180
24382,180
26480,180
31209,180
32937,180
35449,180
36783,180
38493,180
40594,180
3942,179
10240,179
25836,179
25950,179
26834,179
26908,179
29738,179
32186,179
36766,179
38678,179
44460,179
46132,179
22285,178
24682,178
26329,178
28472,178
33144,178
33426,178
3611,177
9678,177
20041,177
50816,177
12492,176
21576,176
22496,176
35438,176
37808,176
45408,176
48193,176
55083,176
186,175
920,175
7717,175
8208,175
30171,175
35239,175
37300,175
51696,175
8547,174
20882,174
22974,174
27529,174
31047,174
40660,174
1513,173
1589,173
4467,173
6098,173
23913,173
25993,173
31840,173
33016,173
38656,173
7893,172
12453,172
21208,172
22931,172
23947,172
24300,172
25481,172
29554,172
30044,172
31041,172
31487,172
46252,172
53235,172
927,171
7745,171
20834,171
22434,171
23608,171
25329,171
28511,171
29792,171
31019,171
36685,171
49961,171
27803,170
38816,170
51108,170
53488,170
8195,169
20237,169
24111,169
25304,169
28155,169
28179,169
30828,169
34746,169
36362,169
48755,169
20448,168
22985,168
27782,168
28082,168
30087,168
34299,168
36033,168
36879,168
37257,168
48923,168
49536,168
9553,167
20799,167
21560,167
26133,167
26999,167
28500,167
28937,167
35961,167
38593,167
49429,167
51693,167
52263,167
54019,167
6176,166
23241,166
23544,166
24034,166
26080,166
28085,166
28567,166
33469,166
33688,166
34678,166
53972,166
26107,165
26800,165
31665,165
35516,165
50184,165
54484,165
24369,164
24739,164
26607,164
32964,164
36205,164
38797,164
703,163
26898,163
32353,163
33673,163
34943,163
35585,163
9671,162
20055,162
20800,162
24795,162
31712,162
33031,162
40434,162
44876,162
46411,162
50712,162
3586,161
8805,161
20891,161
24910,161
29723,161
29863,161
33289,161
185,160
1111,160
7919,160
22270,160
23833,160
24320,160
25209,160
29159,160
33804,160
34220,160
34928,160
8322,159
8800,159
20598,159
27766,159
28369,159
29742,159
32652,159
38580,159
1468,158
12404,158
12636,158
22472,158
29004,158
29417,158
38684,158
39729,158
47717,158
660,157
21741,157
23707,157
26000,157
27544,157
27965,157
29885,157
33454,157
51368,157
616,156
10217,156
25176,156
26479,156
31080,156
31258,156
251,155
1514,155
1609,155
13212,155
20689,155
23849,155
28186,155
28361,155
29669,155
35616,155
380,154
8712,154
21457,154
23186,154
24666,154
28356,154
29852,154
31431,154
31903,154
38584,154
44656,154
22869,153
24112,153
24642,153
24833,153
26161,153
26866,153
28966,153
29281,153
31455,153
37026,153
51124,153
1112,152
20539,152
27859,152
33059,152
643,151
22570,151
36024,151
37013,151
38588,151
1464,150
4397,150
20812,150
20814,150
23574,150
24575,150
24947,150
25226,150
26984,150
38522,150
40613,150
48529,150
7915,149
12627,149
20698,149
24198,149
26367,149
32260,149
33104,149
36007,149
40023,149
53965,149
2344,148
27796,148
28644,148
29392,148
30086,148
31482,148
32597,148
32624,148
33777,148
37237,148
47694,148
3641,147
35028,147
48472,147
53153,147
6070,146
10216,146
20006,146
22039,146
22353,146
25551,146
25818,146
26286,146
27875,146
29848,146
33452,146
36953,146
37707,146
20180,145
21345,145
23386,145
26092,145
26308,145
39493,145
19988,144
26576,144
34870,144
36830,144
192,143
346,143
932,143
1616,143
3964,143
12628,143
22218,143
26297,143
28595,143
36317,143
37679,143
48295,143
9711,142
23805,142
26191,142
26874,142
27721,142
28610,142
29266,142
33694,142
33993,142
36843,142
38321,142
44667,142
51211,142
53332,142
205,141
8218,141
9492,141
24598,141
27738,141
29978,141
32362,141
34562,141
35494,141
38614,141
1491,140
9475,140
21047,140
35388,140
36575,140
36605,140
40612,140
8250,139
8531,139
19989,139
21427,139
24736,139
25666,139
26517,139
26820,139
28448,139
30123,139
35266,139
35330,139
1381,138
1594,138
20020,138
20482,138
26522,138
30990,138
35064,138
36571,138
54993,138
1504,137
9320,137
22534,137
26166,137
27745,137
32302,137
33433,137
40065,137
40478,137
51036,137
1463,136
4457,136
4520,136
20001,136
21494,136
23344,136
23385,136
24039,136
24199,136
24358,136
24616,136
24775,136
26365,136
27748,136
28608,136
33136,136
36767,136
38494,136
48968,136
49765,136
254,135
1506,135
2350,135
3938,135
22609,135
23077,135
26646,135
27135,135
27542,135
28079,135
30643,135
30959,135
35382,135
48336,135
48784,135
1584,134
7921,134
13199,134
21234,134
25001,134
27114,134
28139,134
31098,134
33714,134
49651,134
1574,133
21445,133
22615,133
23057,133
23825,133
27607,133
27841,133
27972,133
28683,133
34662,133
51922,133
54887,133
462,132
3639,132
8240,132
21163,132
21378,132
22576,132
22880,132
27773,132
28154,132
28609,132
28629,132
28641,132
29973,132
38889,132
49944,132
20621,131
21355,131
21489,131
24340,131
24677,131
27778,131
29760,131
30697,131
31068,131
38560,131
47316,131
7849,130
20405,130
23786,130
24055,130
24661,130
34396,130
34875,130
37749,130
38712,130
46179,130
46328,130
1400,129
22777,129
24826,129
25096,129
25912,129
28020,129
32341,129
33465,129
33686,129
35582,129
36884,129
37586,129
39034,129
49333,129
65299,129
1705,128
20474,128
21363,128
21473,128
22874,128
23631,128
24608,128
25293,128
29020,128
31121,128
32121,128
35059,128
39472,128
50248,128
985173,128
2368,127
21535,127
23777,127
24183,127
29701,127
33446,127
34218,127
34645,127
36198,127
36339,127
37122,127
38583,127
985172,127
12407,126
20004,126
22313,126
26108,126
27774,126
29118,126
29520,126
31257,126
33240,126
35493,126
36420,126
44496,126
9655,125
20767,125
21066,125
21471,125
22890,125
23729,125
24133,125
24713,125
27957,125
28392,125
33247,125
35559,125
7857,124
8838,124
27726,124
28689,124
28988,124
29036,124
32209,124
33146,124
36880,124
44170,124
52152,124
350,123
4449,123
21160,123
21426,123
23467,123
46265,123
49484,123
3650,122
8730,122
26977,122
27595,122
33531,122
33635,122
36635,122
2367,121
7936,121
12353,121
22484,121
25166,121
26848,121
29182,121
31310,121
31329,121
33833,121
34955,121
54896,121
935,120
1618,120
8260,120
20355,120
22687,120
26426,120
27822,120
29226,120
29796,120
32058,120
32929,120
33203,120
36587,120
37261,120
37294,120
39385,120
690,119
3906,119
4308,119
20122,119
20828,119
21155,119
24070,119
28451,119
31992,119
32852,119
45412,119
49101,119
593,118
688,118
1503,118
8249,118
8743,118
20597,118
25032,118
26342,118
26894,118
28783,118
32184,118
32943,118
32997,118
36820,118
37039,118
37264,118
37434,118
38466,118
45672,118
49705,118
49929,118
650,117
3651,117
3926,117
9660,117
20173,117
21352,117
23724,117
24426,117
28590,117
31503,117
32784,117
35535,117
37321,117
53821,117
54803,117
25812,116
26274,116
29495,116
29609,116
29673,116
29912,116
31627,116
33131,116
35538,116
39986,116
44921,116
47608,116
49745,116
52965,116
54680,116
7944,115
21895,115
22868,115
25082,115
28481,115
28805,115
29421,115
29539,115
29615,115
29783,115
36649,115
38332,115
38548,115
39635,115
52044,115
54269,115
2325,114
12624,114
26127,114
26216,114
28003,114
31291,114
38309,114
38601,114
365,113
1821,113
6042,113
9500,113
20294,113
20632,113
22234,113
23629,113
23884,113
25534,113
25830,113
26613,113
32777,113
35445,113
37467,113
52787,113
1456,112
3954,112
8200,112
12530,112
21577,112
23491,112
25269,112
25277,112
29749,112
29969,112
30094,112
30883,112
38134,112
45215,112
46624,112
51277,112
194,111
3007,111
8532,111
8644,111
9827,111
21672,111
23700,111
28122,111
28433,111
31453,111
32047,111
36827,111
36929,111
38991,111
44193,111
47228,111
47620,111
52255,111
198,110
609,110
925,110
1816,110
7747,110
20070,110
20652,110
24931,110
25942,110
29625,110
29802,110
32593,110
33576,110
37073,110
39641,110
45692,110
49462,110
4368,109
13221,109
21215,109
21454,109
22475,109
28234,109
28540,109
29245,109
29750,109
30422,109
30703,109
33108,109
33276,109
34507,109
35491,109
37266,109
39514,109
48752,109
2375,108
21942,108
23522,108
23996,108
26017,108
26241,108
26799,108
28789,108
29771,108
33976,108
34966,108
40060,108
47301,108
65285,108
265,107
733,107
20934,107
22904,107
24275,107
25040,107
26227,107
32570,107
32925,107
33390,107
34072,107
1499,106
1511,106
2340,106
7875,106
20513,106
24361,106
26262,106
27000,106
27762,106
28418,106
32831,106
39658,106
51284,106
52436,106
212,105
218,105
321,105
20670,105
21325,105
21364,105
23451,105
24977,105
25035,105
25844,105
29740,105
33109,105
34214,105
36282,105
37172,105
38275,105
38506,105
39675,105
49327,105
641,104
7952,104
23113,104
27197,104
27387,104
29022,104
29667,104
36493,104
46612,104
53317,104
1573,103
7917,103
21290,103
23507,103
23611,103
27901,103
28836,103
30423,103
30424,103
31165,103
32097,103
37090,103
37328,103
37396,103
39013,103
40442,103
50686,103
52881,103
4384,102
8842,102
8843,102
9321,102
22882,102
23388,102
28039,102
28909,102
30045,102
33502,102
33725,102
34153,102
37292,102
658,101
1617,101
3635,101
20398,101
20873,101
21211,101
24324,101
24976,101
25475,101
27777,101
28765,101
34388,101
36965,101
47900,101
47904,101
48615,101
918,100
8786,100
12594,100
12614,100
21413,100
24211,100
24409,100
29599,100
31264,100
32631,100
34137,100
34196,100
34411,100
35473,100
37526,100
39333,100
39525,100
40853,100
44055,100
52912,100
65287,100
4468,99
21646,99
21736,99
24091,99
24465,99
24973,99
31061,99
34809,99
35734,99
35768,99
38717,99
38829,99
39442,99
40665,99
51023,99
188,98
1495,98
2990,98
4540,98
8660,98
9702,98
24423,98
24840,98
26195,98
28467,98
39409,98
39443,98
39524,98
40306,98
65533,98
3939,97
7771,97
12629,97
20786,97
20912,97
20941,97
21929,97
23068,97
23919,97
28557,97
29595,97
30861,97
36303,97
39002,97
3921,96
24264,96
25112,96
25765,96
28976,96
35041,96
36019,96
36917,96
36999,96
38968,96
45794,96
45992,96
53572,96
65325,96
626,95
1387,95
4320,95
8470,95
12359,95
12640,95
20329,95
22030,95
25746,95
26742,95
27628,95
27713,95
28096,95
29794,95
36867,95
38346,95
40668,95
929,94
1508,94
2354,94
7903,94
20995,94
21172,94
23646,94
24359,94
25153,94
25305,94
28654,94
36893,94
37276,94
49640,94
53316,94
169,93
2360,93
22524,93
23521,93
25143,93
26111,93
29282,93
31668,93
32865,93
33285,93
34241,93
39187,93
40736,93
50152,93
1615,92
2346,92
3923,92
8857,92
12625,92
20547,92
21153,92
24887,92
25764,92
26415,92
29744,92
29831,92
29833,92
31545,92
32257,92
35465,92
35522,92
36212,92
36676,92
37347,92
38287,92
38469,92
40481,92
40629,92
49576,92
49676,92
367,91
638,91
1410,91
1662,91
20034,91
22892,91
24561,91
25233,91
27355,91
27603,91
31319,91
32189,91
34957,91
36828,91
39745,91
40595,91
46432,91
1460,90
1590,90
3762,90
3908,90
20796,90
23462,90
23615,90
24676,90
24803,90
27531,90
28437,90
29730,90
30636,90
30758,90
31252,90
31584,90
31895,90
31922,90
35048,90
36368,90
36805,90
39164,90
51725,90
8548,89
8746,89
9758,89
20552,89
22432,89
22804,89
26171,89
26597,89
26790,89
27873,89
33073,89
34384,89
37001,89
38182,89
45199,89
46507,89
46764,89
48961,89
51705,89
65282,89
256,88
451,88
23508,88
25135,88
27598,88
29312,88
31911,88
33894,88
37549,88
39825,88
49941,88
50488,88
51400,88
54340,88
65300,88
1505,87
3928,87
9640,87
20451,87
21888,87
22769,87
24035,87
24288,87
24796,87
27014,87
29791,87
31642,87
33402,87
33889,87
36877,87
44524,87
45548,87
53377,87
355,86
4317,86
4321,86
6178,86
12485,86
19987,86
22350,86
22744,86
24394,86
24996,86
25628,86
26990,86
29642,86
30462,86
35574,86
35709,86
38599,86
40548,86
46924,86
50569,86
729,85
771,85
2494,85
3608,85
6040,85
6184,85
20029,85
21465,85
25244,85
25496,85
26102,85
26806,85
27189,85
29647,85
32930,85
35598,85
36816,85
36866,85
37085,85
39132,85
39912,85
40784,85
44344,85
65296,85
206,84
2351,84
10043,84
23418,84
23480,84
24646,84
25774,84
27060,84
27131,84
27133,84
27852,84
28236,84
29764,84
31232,84
32963,84
34935,84
36793,84
38047,84
38922,84
46627,84
48920,84
50717,84
53792,84
285,83
1825,83
20534,83
21327,83
25511,83
26485,83
26987,83
27819,83
28100,83
28655,83
33832,83
36611,83
36785,83
39003,83
46544,83
48130,83
51508,83
51904,83
12635,82
20497,82
24900,82
25282,82
25856,82
26023,82
27396,82
27454,82
28640,82
29136,82
30862,82
35715,82
35821,82
38622,82
39250,82
51804,82
52505,82
919,81
8801,81
20823,81
21162,81
21414,81
22652,81
23039,81
23244,81
24974,81
25911,81
26577,81
27347,81
28212,81
28618,81
32426,81
33102,81
33184,81
33213,81
33564,81
34216,81
34974,81
35442,81
36035,81
38470,81
48040,81
49412,81
537,80
865,80
1490,80
1548,80
8054,80
8166,80
20592,80
21237,80
22586,80
27781,80
28895,80
29298,80
29781,80
29786,80
30196,80
31466,80
33678,80
35874,80
47325,80
51708,80
222,79
1241,79
3624,79
8745,79
9516,79
20737,79
21917,79
22846,79
24278,79
24742,79
25447,79
25986,79
26202,79
26247,79
26543,79
26685,79
27194,79
29309,79
30683,79
31216,79
31998,79
32033,79
32180,79
33218,79
34186,79
36132,79
36857,79
39134,79
44356,79
1496,78
2357,78
6189,78
10006,78
20189,78
20262,78
20685,78
21897,78
23018,78
23305,78
24061,78
24684,78
25494,78
26121,78
26842,78
29433,78
29743,78
29923,78
30831,78
31377,78
32233,78
32361,78
32406,78
33398,78
33659,78
35350,78
36400,78
38395,78
40092,78
49661,78
52341,78
53776,78
54480,78
1465,77
1501,77
1569,77
1711,77
3603,77
3655,77
3936,77
8744,77
9507,77
20911,77
21138,77
22797,77
24330,77
24958,77
27431,77
29486,77
32070,77
32709,77
32856,77
33351,77
35338,77
35461,77
37255,77
39252,77
44752,77
65340,77
2342,76
2992,76
8704,76
12600,76
23626,76
25138,76
26623,76
28237,76
28711,76
29001,76
29857,76
32002,76
39302,76
40614,76
49521,76
338,75
4314,75
6047,75
9322,75
20467,75
21305,75
22323,75
22625,75
23348,75
23401,75
23968,75
25327,75
25854,75
26840,75
29165,75
29986,75
30450,75
31623,75
32203,75
32718,75
34282,75
35774,75
36077,75
39200,75
44901,75
45145,75
46952,75
47441,75
165,74
402,74
1049,74
1813,74
2980,74
6016,74
10625,74
12611,74
20319,74
20406,74
20658,74
20984,74
21483,74
22715,74
23014,74
25161,74
26205,74
29242,74
29557,74
30526,74
30926,74
31153,74
35440,74
36009,74
40285,74
40407,74
48208,74
65312,74
22132,73
22992,73
24072,73
24411,73
26885,73
27167,73
28465,73
29859,73
29864,73
30813,73
31337,73
31820,73
33545,73
33682,73
39353,73
46248,73
48673,73
48905,73
49369,73
53500,73
54691,73
1579,72
6031,72
8150,72
20375,72
20420,72
20506,72
20966,72
22068,72
23461,72
24283,72
25880,72
27424,72
27556,72
27627,72
28734,72
29634,72
30241,72
30827,72
30849,72
31330,72
31378,72
33304,72
33492,72
33796,72
36049,72
37397,72
46376,72
49801,72
50220,72
50796,72
328,71
1397,71
1958,71
3615,71
8205,71
20960,71
21085,71
22516,71
22871,71
23387,71
23477,71
24841,71
25361,71
26839,71
27112,71
27832,71
31359,71
31896,71
32027,71
33181,71
34013,71
35426,71
35518,71
36149,71
36796,71
38370,71
38536,71
38971,71
44425,71
51404,71
65331,71
295,70
539,70
3616,70
3962,70
8202,70
20255,70
21219,70
21283,70
22864,70
25078,70
26302,70
28024,70
28677,70
29211,70
31292,70
31631,70
32408,70
33759,70
33997,70
34910,70
34914,70
35903,70
36993,70
37445,70
39881,70
44348,70
50060,70
50417,70
53280,70
53720,70
53756,70
611,69
2369,69
2965,69
3612,69
12295,69
20120,69
20221,69
21400,69
26991,69
28404,69
29574,69
31402,69
33747,69
34923,69
35760,69
36164,69
36187,69
46998,69
51257,69
702,68
1570,68
1826,68
2984,68
21000,68
25591,68
27450,68
27950,68
28954,68
30168,68
32221,68
32500,68
33729,68
34268,68
35572,68
36109,68
37196,68
37610,68
38065,68
38876,68
46512,68
47224,68
48267,68
49317,68
52181,68
3853,67
8016,67
12386,67
12410,67
20419,67
22982,67
23159,67
24674,67
25806,67
28263,67
32670,67
32792,67
32954,67
33593,67
35489,67
35496,67
36093,67
46517,67
46932,67
50733,67
51334,67
65038,67
592,66
4154,66
8182,66
9830,66
12617,66
12673,66
22730,66
22741,66
23125,66
24635,66
26257,66
28103,66
28698,66
29670,66
30284,66
32467,66
34367,66
34394,66
35673,66
36016,66
38108,66
38913,66
39501,66
48305,66
51682,66
53769,66
65301,66
65313,66
200,65
3009,65
3956,65
7863,65
12671,65
20653,65
20975,65
22948,65
24894,65
24985,65
25514,65
25688,65
27147,65
27470,65
28796,65
32902,65
33519,65
35912,65
38491,65
44676,65
49829,65
53349,65
1592,64
3006,64
4402,64
6020,64
20026,64
20135,64
20256,64
20522,64
20600,64
23071,64
23148,64
26201,64
27580,64
27964,64
28316,64
28712,64
29071,64
29980,64
30757,64
32886,64
34121,64
35698,64
36646,64
37656,64
38541,64
39749,64
54671,64
209,63
1494,63
1824,63
1834,63
2361,63
3595,63
8549,63
20742,63
21246,63
22581,63
23032,63
25273,63
26586,63
27022,63
27886,63
28460,63
29006,63
29662,63
30414,63
30519,63
33931,63
35978,63
35980,63
36015,63
37555,63
37970,63
38290,63
38753,63
39366,63
49300,63
464,62
1810,62
2332,62
7865,62
7984,62
8834,62
20985,62
21297,62
22256,62
24140,62
25711,62
26097,62
26114,62
26299,62
26438,62
27585,62
28322,62
30035,62
30418,62
31565,62
31786,62
32202,62
35408,62
35628,62
37723,62
38543,62
51051,62
635,61
4316,61
5760,61
6036,61
8323,61
12642,61
21585,61
23035,61
25259,61
26389,61
26544,61
27842,61
28514,61
29013,61
29733,61
30066,61
31263,61
31344,61
31805,61
32725,61
33334,61
34219,61
36118,61
36158,61
36613,61
36975,61
38004,61
38772,61
38999,61
40852,61
53319,61
926,60
1030,60
2379,60
3597,60
4017,60
6188,60
21098,60
22661,60
23776,60
23883,60
25101,60
25253,60
25658,60
26856,60
27837,60
28044,60
28051,60
28399,60
30416,60
31260,60
31389,60
32115,60
36059,60
36881,60
37389,60
37756,60
39551,60
40288,60
40367,60
40628,60
46048,60
51686,60
53321,60
54383,60
598,59
1836,59
3737,59
3924,59
6177,59
8001,59
12630,59
20342,59
20881,59
21380,59
22022,59
22419,59
23100,59
23673,59
24752,59
25074,59
26851,59
27792,59
28121,59
28497,59
29703,59
30789,59
33150,59
35386,59
36524,59
38799,59
45201,59
46752,59
4018,58
12626,58
12639,58
20052,58
20346,58
20369,58
20820,58
21185,58
21767,58
26011,58
26507,58
27462,58
29800,58
29856,58
30403,58
32265,58
32435,58
32986,58
37648,58
38369,58
38465,58
40565,58
47583,58
49406,58
378,57
2358,57
4416,57
6180,57
8056,57
12910,57
20179,57
21467,57
22779,57
23545,57
24571,57
25121,57
25196,57
25406,57
25622,57
26783,57
27192,57
27764,57
27961,57
28809,57
30347,57
32423,57
32479,57
34847,57
36677,57
38352,57
38401,57
38990,57
39138,57
40639,57
53954,57
468,56
3606,56
4309,56
6035,56
8134,56
8229,56
13258,56
20521,56
21067,56
21200,56
21256,56
24643,56
26244,56
26444,56
27503,56
27818,56
28180,56
28649,56
29657,56
29805,56
29943,56
30971,56
31204,56
31418,56
31806,56
32326,56
33167,56
33805,56
34174,56
35250,56
35425,56
35728,56
37521,56
39364,56
40483,56
44944,56
48092,56
49550,56
50781,56
51272,56
51655,56
326,55
1115,55
1179,55
2327,55
2997,55
4725,55
8361,55
8656,55
21416,55
22872,55
24421,55
25309,55
28169,55
29243,55
30036,55
31125,55
32566,55
32609,55
33034,55
33988,55
35745,55
36771,55
37476,55
39184,55
47756,55
53852,55
65326,55
933,54
8741,54
9323,54
9824,54
20150,54
20794,54
21035,54
21078,54
21336,54
21525,54
23001,54
24420,54
24920,54
26422,54
29908,54
33503,54
34814,54
36103,54
36424,54
37145,54
38824,54
45330,54
45918,54
597,53
695,53
815,53
1067,53
1670,53
1968,53
7693,53
7895,53
12634,53
20010,53
21543,53
21636,53
21693,53
22922,53
22949,53
24576,53
25119,53
25369,53
25558,53
25581,53
26359,53
27268,53
27664,53
27733,53
28198,53
29313,53
29861,53
31852,53
32069,53
32224,53
34065,53
34067,53
36544,53
37168,53
38312,53
44089,53
44109,53
1396,52
3535,52
4311,52
9424,52
9737,52
20235,52
20436,52
20605,52
20731,52
22421,52
22512,52
22665,52
22994,52
26177,52
28510,52
28727,52
29922,52
32377,52
32938,52
35617,52
37320,52
39347,52
49304,52
49736,52
49856,52
491,51
2994,51
7881,51
8736,51
12911,51
20183,51
21097,51
22040,51
22384,51
22766,51
23445,51
24473,51
24688,51
26109,51
26112,51
26142,51
26336,51
28059,51
28197,51
28508,51
28541,51
29854,51
30430,51
31513,51
32763,51
33261,51
34521,51
35033,51
35098,51
35362,51
36058,51
37043,51
37259,51
38388,51
38994,51
47971,51
52460,51
65283,51
65305,51
332,50
431,50
776,50
936,50
1462,50
2985,50
2991,50
3625,50
6179,50
20472,50
21507,50
22307,50
22702,50
24012,50
24182,50
25569,50
25793,50
26825,50
26855,50
26941,50
27010,50
27029,50
27960,50
28031,50
28366,50
29030,50
30165,50
30922,50
33012,50
33094,50
33410,50
33463,50
33513,50
35588,50
37228,50
38567,50
38604,50
38619,50
39509,50
45856,50
47045,50
48225,50
51445,50
65349,50
119047,50
335,49
371,49
1025,49
1405,49
3505,49
3751,49
22536,49
22947,49
23094,49
24717,49
25129,49
26355,49
26829,49
28071,49
28373,49
28846,49
29422,49
29722,49
29759,49
30871,49
31131,49
32016,49
32299,49
33453,49
33615,49
34722,49
34784,49
35039,49
35885,49
35930,49
36022,49
37011,49
37054,49
37278,49
38610,49
38778,49
39608,49
65303,49
623,48
1118,48
8204,48
8321,48
20350,48
20524,48
21150,48
23194,48
23229,48
25198,48
25298,48
25758,48
26515,48
26539,48
27035,48
27809,48
28545,48
28651,48
29325,48
29492,48
30137,48
33534,48
33606,48
34044,48
34542,48
36130,48
37678,48
38349,48
38519,48
38935,48
39030,48
39165,48
39244,48
44116,48
53265,48
65302,48
1962,47
4528,47
6043,47
7887,47
12306,47
21207,47
21395,47
23735,47
24258,47
24895,47
25084,47
25405,47
25615,47
26627,47
27284,47
27719,47
27760,47
27921,47
28074,47
28579,47
28601,47
29014,47
29114,47
29654,47
31186,47
31255,47
32094,47
32222,47
34201,47
34952,47
36745,47
36797,47
36845,47
37489,47
38639,47
39479,47
44247,47
48223,47
48780,47
50304,47
52916,47
55065,47
202,46
213,46
379,46
632,46
1065,46
1108,46
1187,46
1391,46
1815,46
1845,46
1964,46
9523,46
10145,46
12432,46
20077,46
20130,46
20215,46
20519,46
21182,46
21980,46
22958,46
24282,46
25295,46
26082,46
26152,46
26584,46
26654,46
27596,46
28564,46
28810,46
31181,46
31925,46
32697,46
33075,46
33419,46
35203,46
36944,46
38633,46
38932,46
38945,46
44444,46
45044,46
48519,46
50911,46
53123,46
900,45
1461,45
3512,45
4315,45
9324,45
12433,45
21563,45
21914,45
22788,45
22829,45
23067,45
24623,45
26160,45
27426,45
28825,45
30655,45
31246,45
32024,45
32485,45
32511,45
34527,45
35088,45
35273,45
35427,45
35548,45
36129,45
38002,45
39173,45
40335,45
50801,45
55029,45
119046,45
191,44
607,44
902,44
1407,44
3760,44
7716,44
7749,44
7851,44
7940,44
9491,44
12912,44
20447,44
24212,44
24789,44
26231,44
27567,44
28267,44
30721,44
30977,44
31305,44
31787,44
32680,44
32894,44
33178,44
33511,44
35987,44
38177,44
39154,44
40182,44
40201,44
40687,44
48964,44
1510,43
1922,43
1929,43
1960,43
3713,43
6033,43
8052,43
8943,43
9333,43
9398,43
9642,43
12678,43
21034,43
21417,43
22925,43
25130,43
25285,43
26215,43
26232,43
26272,43
26967,43
27331,43
27728,43
28703,43
29693,43
30090,43
31271,43
31353,43
34254,43
34402,43
35167,43
35219,43
36091,43
36125,43
36341,43
37000,43
37239,43
44419,43
47392,43
49539,43
49773,43
65317,43
65327,43
716,42
2349,42
2986,42
6023,42
6038,42
6091,42
6199,42
12632,42
20570,42
21351,42
22445,42
22626,42
22734,42
23308,42
23486,42
26775,42
27795,42
27825,42
28095,42
28228,42
28670,42
29028,42
29232,42
29761,42
29942,42
30399,42
31567,42
31966,42
32007,42
32508,42
32687,42
32966,42
33778,42
35566,42
35805,42
36973,42
37799,42
38155,42
38830,42
48142,42
49212,42
49297,42
50695,42
51145,42
52453,42
65315,42
3761,41
5160,41
8550,41
9426,41
20311,41
20385,41
20608,41
20904,41
21522,41
21676,41
22300,41
22745,41
23613,41
24224,41
24259,41
24289,41
24331,41
24537,41
25243,41
25343,41
26786,41
27584,41
28185,41
28220,41
29351,41
32327,41
33425,41
33713,41
34154,41
34193,41
34563,41
34733,41
36889,41
37470,41
37676,41
39671,41
40284,41
40577,41
44080,41
52253,41
1378,40
2975,40
8194,40
8209,40
8839,40
20047,40
21592,40
22628,40
23296,40
23420,40
24407,40
25252,40
26280,40
26578,40
27018,40
28025,40
28583,40
28678,40
29010,40
29518,40
29999,40
32098,40
33445,40
35463,40
36154,40
37336,40
39389,40
44171,40
44266,40
44387,40
51723,40
55149,40
65321,40
1256,39
1412,39
1473,39
1835,39
2306,39
3732,39
3785,39
4462,39
4469,39
6041,39
6194,39
20202,39
20446,39
20898,39
21382,39
23454,39
23517,39
23591,39
24500,39
24557,39
26256,39
26283,39
27838,39
27867,39
28181,39
30719,39
30908,39
31060,39
31968,39
34509,39
35799,39
36703,39
38660,39
38771,39
38930,39
39491,39
39706,39
44956,39
45423,39
48460,39
53209,39
65332,39
162,38
648,38
1818,38
2348,38
4369,38
4757,38
8709,38
11264,38
20278,38
20291,38
20332,38
20955,38
21855,38
21978,38
22537,38
22891,38
23633,38
25436,38
26429,38
27463,38
27905,38
28889,38
29715,38
29807,38
31598,38
31844,38
36092,38
36100,38
36852,38
37007,38
37335,38
38675,38
39717,38
45006,38
47889,38
50588,38
51136,38
51415,38
52516,38
53696,38
54160,38
54372,38
65343,38
466,37
594,37
9332,37
12291,37
20295,37
21333,37
22281,37
22387,37
22603,37
22852,37
23437,37
24319,37
24604,37
25340,37
26049,37
26531,37
26708,37
27278,37
27410,37
29254,37
29632,37
29809,37
30239,37
30290,37
31178,37
31289,37
31469,37
31908,37
33242,37
33750,37
33799,37
34532,37
36141,37
37195,37
39467,37
39661,37
44777,37
50043,37
50697,37
51916,37
277,36
1959,36
3538,36
3722,36
3745,36
7867,36
7927,36
8652,36
12664,36
20336,36
21095,36
21947,36
22063,36
25004,36
27299,36
27668,36
28070,36
28107,36
28189,36
28458,36
28542,36
29346,36
29403,36
29602,36
30063,36
30194,36
30759,36
31124,36
31163,36
32884,36
32899,36
33592,36
33984,36
34442,36
34962,36
35627,36
36264,36
37032,36
37170,36
37605,36
37624,36
37742,36
38471,36
38635,36
38929,36
39069,36
39822,36
44173,36
45384,36
45915,36
48568,36
48680,36
49968,36
50605,36
51172,36
52328,36
53357,36
53961,36
65304,36
65314,36
652,35
1216,35
1329,35
3015,35
3530,35
8324,35
9325,35
9833,35
12444,35
12637,35
12638,35
20146,35
20440,35
20970,35
21223,35
22718,35
22986,35
23742,35
24818,35
25417,35
25721,35
26172,35
26213,35
26421,35
26482,35
26558,35
27277,35
27785,35
28034,35
28479,35
28546,35
28856,35
29129,35
30956,35
32006,35
32294,35
32403,35
32648,35
32982,35
33559,35
33745,35
33948,35
34849,35
35668,35
36924,35
37092,35
37658,35
38392,35
38827,35
40782,35
51220,35
52688,35
309,34
642,34
721,34
1068,34
2995,34
4121,34
4152,34
6191,34
8288,34
8853,34
9334,34
9635,34
10084,34
11568,34
12633,34
20054,34
20384,34
20428,34
20643,34
21070,34
21481,34
21564,34
22467,34
23043,34
23847,34
24405,34
24932,34
25242,34
25458,34
25466,34
25891,34
26497,34
26530,34
27086,34
29038,34
29157,34
29689,34
32289,34
32791,34
33586,34
34865,34
35302,34
35570,34
35607,34
35692,34
36627,34
37312,34
37664,34
38389,34
44677,34
46136,34
51864,34
65279,34
65345,34
65362,34
127925,34
168,33
264,33
293,33
697,33
970,33
3019,33
6195,33
8553,33
9495,33
20193,33
20545,33
21073,33
21295,33
21632,33
21854,33
22363,33
22684,33
23408,33
24999,33
25150,33
25302,33
25312,33
25645,33
25778,33
25826,33
25829,33
26797,33
27179,33
27513,33
27844,33
28153,33
28255,33
28506,33
28792,33
28956,33
29706,33
30402,33
31518,33
31616,33
32044,33
33607,33
33940,33
34308,33
35331,33
35834,33
36123,33
36626,33
36872,33
36910,33
37169,33
38356,33
38431,33
38969,33
38982,33
39108,33
45134,33
47036,33
47887,33
48344,33
49493,33
49817,33
50168,33
53196,33
54337,33
65328,33
65330,33
166,32
255,32
803,32
2330,32
2970,32
3515,32
3658,32
3776,32
4140,32
4141,32
4305,32
6198,32
7844,32
8756,32
8835,32
12357,32
20005,32
20341,32
20470,32
20515,32
20717,32
20876,32
21010,32
21018,32
21346,32
21464,32
21485,32
21709,32
21936,32
23016,32
23706,32
24135,32
25407,32
25504,32
26164,32
26688,32
27159,32
27359,32
27404,32
27800,32
28753,32
29432,32
29468,32
29562,32
29770,32
30505,32
31079,32
31434,32
31508,32
31964,32
32199,32
32251,32
32737,32
33914,32
34298,32
34473,32
34996,32
35348,32
35583,32
35970,32
36961,32
38475,32
38552,32
38603,32
39631,32
39955,32
40511,32
44456,32
45985,32
46429,32
48492,32
51031,32
51552,32
54997,32
65334,32
349,31
1066,31
1392,31
1927,31
2343,31
4653,31
6044,31
6075,31
7840,31
7992,31
12801,31
21017,31
21177,31
21533,31
21766,31
22260,31
22287,31
22809,31
22841,31
22920,31
22952,31
23167,31
23204,31
23762,31
25634,31
25722,31
26928,31
27263,31
27481,31
27498,31
28126,31
28888,31
29611,31
29881,31
29934,31
30365,31
30559,31
30702,31
32945,31
33540,31
33603,31
33899,31
34109,31
35575,31
36152,31
36603,31
37351,31
37439,31
38050,31
39286,31
39633,31
45197,31
47437,31
51732,31
53245,31
53752,31
53904,31
55040,31
65507,31
119977,31
195,30
810,30
4143,30
4325,30
4500,30
6017,30
6186,30
7960,30
9484,30
9838,30
12612,30
19984,30
20718,30
20879,30
21737,30
22258,30
22331,30
22376,30
22563,30
23443,30
23630,30
24013,30
24686,30
24758,30
25234,30
25288,30
25401,30
25644,30
25720,30
26547,30
27382,30
27656,30
27783,30
29736,30
30023,30
30130,30
30294,30
31259,30
31432,30
32346,30
32842,30
32907,30
33434,30
33660,30
34295,30
35600,30
35828,30
36667,30
36802,30
36933,30
37192,30
38125,30
38149,30
38459,30
39177,30
40653,30
44268,30
44599,30
46032,30
49257,30
49580,30
50511,30
51929,30
52617,30
65344,30
289,29
369,29
1032,29
1113,29
1171,29
1198,29
3016,29
3508,29
3593,29
3754,29
4307,29
6071,29
6076,29
6086,29
7870,29
8600,29
8706,29
9487,29
12445,29
12913,29
19997,29
20064,29
20123,29
20463,29
20807,29
20906,29
21621,29
21957,29
22656,29
23013,29
23485,29
24102,29
24297,29
24402,29
25085,29
25134,29
25219,29
27084,29
27233,29
28396,29
28503,29
28528,29
28591,29
28702,29
28707,29
28739,29
29522,29
29808,29
31899,29
32476,29
33901,29
34444,29
36291,29
37059,29
37226,29
37463,29
37532,29
37665,29
38286,29
38476,29
38746,29
38795,29
38808,29
38995,29
39237,29
39704,29
45218,29
46692,29
47699,29
48659,29
49793,29
49931,29
51344,29
52287,29
52464,29
53100,29
54076,29
65316,29
127787,29
128566,29
543,28
1178,28
1388,28
1649,28
2359,28
3514,28
3520,28
3540,28
3905,28
4306,28
6072,28
6081,28
8048,28
8710,28
8988,28
8991,28
12482,28
20028,28
20204,28
20430,28
20565,28
20616,28
20723,28
20791,28
21311,28
21738,28
22456,28
22649,28
23075,28
23363,28
23536,28
23965,28
23991,28
24018,28
24089,28
24675,28
25147,28
25424,28
25606,28
26570,28
26964,28
27397,28
27526,28
27579,28
27788,28
28118,28
29272,28
29616,28
29728,28
29840,28
30024,28
30192,28
30805,28
31564,28
31681,28
32085,28
32411,28
32750,28
33014,28
33105,28
34092,28
35730,28
36713,28
36807,28
37365,28
38452,28
38551,28
38962,28
39851,28
44481,28
46045,28
47504,28
47969,28
48283,28
51611,28
52929,28
63612,28
262,27
274,27
357,27
1385,27
3638,27
3719,27
3749,27
3784,27
6192,27
8477,27
9326,27
9585,27
9586,27
9661,27
9676,27
12800,27
21650,27
21828,27
22737,27
23330,27
23570,27
23890,27
25031,27
25513,27
25594,27
26154,27
26683,27
26965,27
27225,27
27740,27
28875,27
29401,27
29607,27
29661,27
29867,27
30083,27
30091,27
30133,27
30221,27
30350,27
30417,27
30562,27
30652,27
30741,27
31014,27
31459,27
31762,27
32461,27
32534,27
32592,27
32596,27
33086,27
33620,27
33647,27
33983,27
34001,27
34111,27
34118,27
34306,27
34796,27
34811,27
35770,27
35832,27
36305,27
36755,27
38296,27
39068,27
39653,27
39654,27
40230,27
40474,27
40527,27
54088,27
65364,27
633,26
1923,26
2370,26
2482,26
3613,26
3904,26
3925,26
4323,26
9496,26
12334,26
12608,26
20040,26
20147,26
20247,26
20859,26
21206,26
21381,26
21703,26
22272,26
22389,26
22617,26
23488,26
23718,26
23723,26
23835,26
23992,26
24530,26
24603,26
24936,26
26398,26
26754,26
26803,26
27519,26
28049,26
28125,26
28558,26
28932,26
29008,26
29179,26
29756,26
29804,26
29989,26
30129,26
30867,26
31017,26
31636,26
31893,26
31921,26
32171,26
32236,26
32350,26
32716,26
33589,26
33831,26
33862,26
35091,26
35265,26
35850,26
36065,26
36328,26
37604,26
37841,26
37925,26
37995,26
38015,26
38765,26
39981,26
40493,26
40636,26
44384,26
44543,26
44781,26
47132,26
51067,26
51084,26
51085,26
52336,26
221,25
399,25
657,25
1406,25
2339,25
2480,25
2509,25
3757,25
3771,25
6018,25
6082,25
8314,25
8551,25
8659,25
9488,25
9641,25
12602,25
12603,25
13211,25
20308,25
20374,25
20769,25
20872,25
21165,25
21931,25
22366,25
23273,25
24272,25
24456,25
24650,25
24726,25
26051,25
26435,25
26604,25
26679,25
26979,25
27203,25
27896,25
28210,25
28656,25
28913,25
29463,25
29774,25
30071,25
30338,25
30358,25
31162,25
31601,25
31632,25
31918,25
32127,25
32761,25
33192,25
33302,25
33491,25
34234,25
34837,25
35437,25
36712,25
36742,25
36992,25
37154,25
37282,25
37297,25
37392,25
37709,25
38348,25
38549,25
39038,25
39361,25
40219,25
40569,25
45545,25
45685,25
45688,25
45910,25
47281,25
47617,25
48428,25
49416,25
53612,25
54402,25
65439,25
65506,25
1404,24
1926,24
3482,24
3501,24
3986,24
4536,24
4651,24
6182,24
6197,24
7961,24
8118,24
8319,24
8942,24
9600,24
12595,24
12604,24
20312,24
20738,24
21171,24
21273,24
21410,24
21673,24
22211,24
22311,24
22549,24
22607,24
22636,24
22956,24
23005,24
23573,24
24158,24
24417,24
24984,24
25173,24
25246,24
25325,24
26167,24
26203,24
26414,24
26873,24
27872,24
27902,24
28191,24
28372,24
28505,24
28844,24
29390,24
29739,24
29920,24
30910,24
30974,24
31215,24
32106,24
32181,24
32675,24
32895,24
33098,24
33231,24
33393,24
33399,24
33400,24
33485,24
33651,24
34148,24
35524,24
35960,24
36028,24
36294,24
36394,24
37019,24
37053,24
38553,24
38662,24
38894,24
38926,24
39391,24
39696,24
40289,24
44092,24
45283,24
45464,24
45807,24
47750,24
48158,24
50735,24
51273,24
51720,24
53048,24
53969,24
54928,24
64017,24
450,23
612,23
800,23
1114,23
2309,23
2495,23
3590,23
4391,23
4514,23
4661,23
7905,23
8552,23
8599,23
11283,23
12583,23
12598,23
20469,23
20900,23
21514,23
21551,23
21822,23
22492,23
22962,23
23162,23
23421,23
24159,23
24222,23
24398,23
24816,23
24852,23
25103,23
25296,23
25467,23
25850,23
26491,23
26726,23
27922,23
28120,23
28509,23
28560,23
28696,23
28701,23
29915,23
29996,23
30246,23
30449,23
31824,23
31883,23
32157,23
32431,23
32451,23
32808,23
32834,23
33139,23
33282,23
33795,23
33960,23
34523,23
35451,23
35549,23
35843,23
36029,23
36064,23
36716,23
36875,23
36894,23
37108,23
37191,23
38054,23
38414,23
38485,23
38789,23
39087,23
39439,23
39796,23
40712,23
44271,23
45748,23
46636,23
48085,23
49372,23
49857,23
190,22
301,22
798,22
1409,22
1729,22
1829,22
1833,22
2472,22
3999,22
4100,22
4145,22
4755,22
7695,22
7846,22
7869,22
12528,22
12529,22
12584,22
21242,22
21356,22
21702,22
22382,22
22413,22
22500,22
22567,22
23089,22
24085,22
24452,22
24842,22
24951,22
25982,22
26212,22
26643,22
26865,22
26869,22
26933,22
27605,22
27916,22
27985,22
28359,22
28593,22
28634,22
28833,22
29076,22
29582,22
29640,22
29729,22
29865,22
30640,22
30879,22
31037,22
31428,22
31691,22
32277,22
32440,22
32883,22
32908,22
33477,22
33524,22
33698,22
33905,22
34085,22
34131,22
34152,22
35126,22
35355,22
35663,22
36330,22
36639,22
37040,22
37119,22
37218,22
37478,22
39180,22
39249,22
39341,22
40260,22
40379,22
47327,22
49509,22
54092,22
54448,22
54673,22
65532,22
208,21
217,21
298,21
739,21
1255,21
1357,21
1379,21
1572,21
1932,21
2993,21
3929,21
3984,21
4096,21
4621,21
6190,21
7723,21
7791,21
7900,21
7925,21
8561,21
8711,21
8765,21
9335,21
9552,21
9756,21
12597,21
13197,21
20421,21
20762,21
20956,21
21647,21
21927,21
23511,21
24337,21
24521,21
24884,21
25201,21
25736,21
25898,21
27267,21
27280,21
27414,21
27475,21
27606,21
27883,21
28301,21
28346,21
28414,21
28473,21
28871,21
28921,21
28948,21
29964,21
30764,21
31525,21
32176,21
32331,21
32422,21
32568,21
32629,21
33151,21
33479,21
33499,21
33579,21
34261,21
34343,21
34584,21
34680,21
35032,21
35759,21
35948,21
36481,21
36995,21
37851,21
38316,21
38713,21
38886,21
39348,21
40517,21
44445,21
45096,21
45777,21
46080,21
46903,21
47465,21
48212,21
53344,21
53373,21
65319,21
182,20
362,20
416,20
711,20
1240,20
1344,20
1348,20
1931,20
2492,20
3549,20
3769,20
4334,20
4619,20
4709,20
6021,20
6026,20
7735,20
7842,20
7896,20
7969,20
8727,20
9327,20
12606,20
12607,20
20174,20
20248,20
20314,20
20629,20
20916,20
20958,20
21250,20
21959,20
22427,20
23234,20
23504,20
23650,20
24041,20
24329,20
24347,20
24908,20
25900,20
26170,20
26316,20
26384,20
26608,20
27045,20
27710,20
27815,20
27962,20
28337,20
28353,20
28364,20
28999,20
29204,20
29481,20
29583,20
29644,20
29763,20
29768,20
30141,20
30313,20
30938,20
30965,20
31171,20
31492,20
31596,20
31742,20
31751,20
31783,20
31957,20
31967,20
32922,20
32924,20
33081,20
33275,20
33670,20
33967,20
35604,20
36034,20
36101,20
36686,20
37103,20
37148,20
37295,20
37502,20
37728,20
38851,20
39255,20
39345,20
40167,20
40198,20
40667,20
40858,20
44164,20
46105,20
46293,20
50360,20
50592,20
52580,20
52748,20
53384,20
54636,20
65335,20
65359,20
318,19
360,19
487,19
496,19
604,19
715,19
736,19
1123,19
1394,19
1961,19
2335,19
2337,19
2476,19
2979,19
3765,19
3910,19
3930,19
4313,19
4322,19
6096,19
6154,19
7985,19
8050,19
8172,19
8236,19
9328,19
9329,19
9425,19
9524,19
9531,19
12541,19
13208,19
17304,19
20022,19
20031,19
20155,19
20310,19
20599,19
21089,19
21158,19
21478,19
21536,19
21788,19
22082,19
22134,19
22714,19
22775,19
22888,19
22902,19
23359,19
24493,19
24516,19
24835,19
24949,19
25000,19
25003,19
25036,19
25747,19
25842,19
25941,19
26305,19
26326,19
26350,19
26407,19
26492,19
26639,19
27028,19
27495,19
28513,19
29224,19
29795,19
29844,19
30442,19
30860,19
31245,19
31811,19
32434,19
32487,19
32776,19
33030,19
33071,19
33187,19
33515,19
33852,19
34184,19
34249,19
34676,19
34942,19
35233,19
35753,19
35913,19
36115,19
36423,19
36604,19
36825,19
36858,19
36873,19
37024,19
37126,19
37725,19
38322,19
38366,19
38405,19
38497,19
38587,19
38606,19
38873,19
38901,19
39046,19
39522,19
39569,19
39730,19
40560,19
40720,19
46513,19
47917,19
47934,19
48877,19
50006,19
50829,19
51006,19
51029,19
51331,19
54357,19
54549,19
54553,19
55127,19
65323,19
65333,19
65336,19
65369,19
204,18
805,18
904,18
1109,18
1399,18
1458,18
1611,18
1823,18
1827,18
2460,18
2468,18
2479,18
2969,18
2996,18
3461,18
3546,18
3600,18
3758,18
4001,18
4116,18
4156,18
4637,18
7912,18
7956,18
8017,18
8560,18
8721,18
9646,18
11280,18
12581,18
12657,18
20279,18
20296,18
20409,18
20518,18
20747,18
20993,18
21170,18
21565,18
21675,18
21754,18
21774,18
21852,18
22431,18
22465,18
22761,18
22870,18
22905,18
23022,18
23072,18
23081,18
23323,18
23547,18
24262,18
24597,18
24641,18
26206,18
26248,18
26264,18
26333,18
26552,18
27459,18
28259,18
28581,18
28673,18
28681,18
28790,18
29134,18
29450,18
29471,18
29548,18
29613,18
29656,18
29877,18
30067,18
30622,18
30684,18
30951,18
31441,18
31465,18
31688,18
31946,18
32131,18
32445,18
33936,18
34453,18
34541,18
34655,18
34873,18
34967,18
35026,18
35174,18
35610,18
36182,18
36726,18
37017,18
37827,18
37848,18
37964,18
37994,18
38420,18
38780,18
39029,18
39432,18
39464,18
39748,18
39952,18
40637,18
45393,18
48715,18
50675,18
51555,18
54676,18
55044,18
65320,18
284,17
316,17
383,17
772,17
797,17
912,17
1029,17
1380,17
2364,17
2478,17
2503,17
3517,17
4112,17
4310,17
4328,17
6050,17
6078,17
6084,17
7703,17
7819,17
7878,17
8255,17
9336,17
10141,17
12430,17
12446,17
12605,17
13897,17
18429,17
20045,17
20080,17
20433,17
20677,17
20743,17
21405,17
21574,17
21860,17
21972,17
22043,17
22791,17
23030,17
23891,17
24733,17
25623,17
25797,17
26457,17
26503,17
26635,17
26978,17
27308,17
27320,17
27566,17
27953,17
28132,17
28327,17
28335,17
28390,17
28565,17
28586,17
29228,17
29600,17
30202,17
30208,17
30460,17
30489,17
30738,17
31155,17
31158,17
31203,17
32365,17
32404,17
32452,17
32466,17
32536,17
32742,17
32748,17
32755,17
33215,17
33418,17
33721,17
34135,17
34303,17
34930,17
35109,17
35606,17
35793,17
35802,17
35938,17
36126,17
36491,17
36869,17
36886,17
36951,17
37077,17
37124,17
37155,17
37204,17
37613,17
37858,17
37878,17
37908,17
38280,17
38681,17
38790,17
39089,17
39241,17
39558,17
39714,17
40077,17
40223,17
40605,17
40634,17
40836,17
44207,17
44664,17
45420,17
45873,17
46260,17
46401,17
47047,17
48111,17
48339,17
50678,17
50809,17
50993,17
51030,17
51288,17
51992,17
52796,17
52900,17
53133,17
53260,17
53291,17
53823,17
53889,17
65318,17
65324,17
65353,17
344,16
621,16
780,16
1028,16
1034,16
1106,16
1382,16
1852,16
2453,16
2463,16
2470,16
3733,16
3735,16
3755,16
3940,16
4367,16
4386,16
7687,16
8363,16
8773,16
11266,16
11274,16
11593,16
12361,16
12644,16
12820,16
12896,16
12897,16
14177,16
16644,16
20008,16
20177,16
20324,16
20360,16
20682,16
20688,16
20735,16
21183,16
21269,16
21321,16
21742,16
21862,16
22271,16
22362,16
22653,16
22681,16
23044,16
23252,16
23318,16
23381,16
23518,16
24069,16
24296,16
24480,16
24628,16
24827,16
25214,16
25313,16
25335,16
25995,16
26219,16
26601,16
26673,16
26832,16
27079,16
27204,16
27287,16
27523,16
27590,16
27701,16
27865,16
28111,16
28137,16
28219,16
28598,16
28720,16
28772,16
29002,16
29018,16
29064,16
29240,16
29591,16
29874,16
30021,16
30742,16
31339,16
31672,16
31867,16
32285,16
32806,16
32920,16
33395,16
33467,16
33922,16
33986,16
34223,16
34756,16
34917,16
35111,16
35591,16
35762,16
35918,16
36837,16
37049,16
37167,16
37194,16
37704,16
38236,16
38373,16
38379,16
38722,16
39019,16
39548,16
39894,16
39908,16
39949,16
45729,16
46431,16
46525,16
46540,16
46960,16
47915,16
48488,16
49839,16
50284,16
50525,16
50634,16
51425,16
51695,16
51988,16
52621,16
53690,16
54280,16
54301,16
54816,16
65363,16
983258,16
294,15
377,15
640,15
714,15
781,15
794,15
799,15
1170,15
1203,15
1924,15
1933,15
1934,15
2326,15
2347,15
2496,15
3277,15
3631,15
3725,15
3738,15
3742,15
3780,15
3920,15
3934,15
4530,15
4843,15
7778,15
7908,15
7977,15
7988,15
8326,15
8414,15
8807,15
9251,15
9604,15
11088,15
11612,15
12814,15
13210,15
16133,15
20233,15
20392,15
20537,15
20626,15
21119,15
21243,15
21277,15
21408,15
21654,15
21668,15
21884,15
21913,15
22031,15
22210,15
22225,15
22479,15
22517,15
22751,15
23236,15
23427,15
23539,15
23548,15
23681,15
24024,15
24081,15
24186,15
24408,15
24822,15
25155,15
25334,15
25384,15
25522,15
25757,15
26100,15
26125,15
26553,15
26590,15
26676,15
26751,15
26969,15
27032,15
27113,15
27208,15
27323,15
27487,15
27570,15
27802,15
27882,15
28112,15
28133,15
28138,15
28614,15
28635,15
28687,15
29117,15
29239,15
29250,15
29785,15
29810,15
29830,15
30072,15
30316,15
30679,15
30732,15
30746,15
30863,15
30945,15
31020,15
31311,15
31528,15
31767,15
32104,15
32412,15
32900,15
32953,15
33214,15
33229,15
33333,15
33455,15
33468,15
33907,15
34068,15
34468,15
34558,15
35292,15
35316,15
35393,15
35415,15
35568,15
35667,15
35726,15
35905,15
36466,15
36718,15
36989,15
36994,15
37653,15
37847,15
37885,15
38358,15
38671,15
38878,15
39033,15
39149,15
39156,15
39198,15
39567,15
40206,15
40633,15
40802,15
45016,15
46909,15
47225,15
47312,15
47467,15
48540,15
49261,15
49409,15
50827,15
51026,15
51585,15
52199,15
52761,15
54368,15
54776,15
54820,15
55057,15
55085,15
65342,15
65356,15
65365,15
65371,15
65392,15
348,14
373,14
536,14
602,14
1233,14
1696,14
3510,14
3630,14
3659,14
3764,14
4324,14
4613,14
6185,14
7964,14
8005,14
8866,14
8978,14
11284,14
11619,14
12272,14
12570,14
12579,14
13247,14
19995,14
20223,14
20442,14
20508,14
20887,14
20939,14
21019,14
21128,14
21398,14
21813,14
21898,14
22092,14
22107,14
22221,14
22255,14
22774,14
23535,14
23597,14
24002,14
24541,14
25199,14
25745,14
25787,14
26027,14
26528,14
26637,14
26837,14
27137,14
27945,14
28195,14
28203,14
28729,14
28818,14
28882,14
29088,14
29408,14
29536,14
29592,14
29700,14
29765,14
29812,14
29826,14
30055,14
30169,14
30244,14
30522,14
30765,14
30923,14
30967,14
31074,14
31213,14
31983,14
32286,14
32338,14
32455,14
32608,14
32637,14
32651,14
32987,14
33029,14
33041,14
33263,14
33421,14
33643,14
33761,14
33806,14
34036,14
34122,14
34199,14
34633,14
34656,14
34829,14
34851,14
34946,14
35070,14
35178,14
35460,14
35513,14
35740,14
35758,14
36136,14
36300,14
36887,14
37221,14
37530,14
37561,14
37583,14
37619,14
37913,14
38532,14
38893,14
38955,14
39035,14
39331,14
39550,14
39553,14
39826,14
40587,14
40701,14
40703,14
40711,14
44376,14
44497,14
44561,14
46216,14
46379,14
47439,14
48170,14
49446,14
49854,14
49989,14
50874,14
52056,14
52537,14
53853,14
53937,14
54409,14
54828,14
65352,14
65366,14
65368,14
65373,14
65438,14
139522,14
184,13
271,13
292,13
308,13
486,13
613,13
620,13
629,13
651,13
661,13
768,13
774,13
775,13
778,13
906,13
1038,13
1402,13
1498,13
1749,13
1936,13
3523,13
3539,13
3779,13
3937,13
4117,13
4124,13
4768,13
4773,13
6030,13
6034,13
6048,13
6087,13
7769,13
7916,13
7937,13
8315,13
8629,13
8747,13
9673,13
12307,13
12562,13
16771,13
20478,13
20502,13
20582,13
20756,13
20925,13
20928,13
20987,13
21623,13
21683,13
21983,13
22036,13
22130,13
22190,13
22204,13
22278,13
22314,13
22412,13
22725,13
22732,13
22859,13
23207,13
23340,13
23468,13
23618,13
23622,13
23679,13
23692,13
23956,13
23986,13
24110,13
24208,13
24239,13
24342,13
24439,13
24745,13
24986,13
25027,13
25454,13
25620,13
26048,13
26145,13
26174,13
26290,13
26432,13
26434,13
26487,13
26629,13
26665,13
26787,13
27001,13
27301,13
27751,13
27887,13
27943,13
28101,13
28143,13
28376,13
28487,13
28572,13
28893,13
28903,13
29092,13
29248,13
29277,13
29746,13
29818,13
29900,13
30178,13
30555,13
30590,13
30710,13
30855,13
31114,13
31496,13
31833,13
32311,13
32368,13
32456,13
32477,13
32501,13
32642,13
32660,13
32703,13
32786,13
33033,13
33137,13
33152,13
33216,13
33303,13
33331,13
33349,13
33706,13
33737,13
34256,13
34315,13
34465,13
34553,13
35097,13
35268,13
35551,13
35635,13
35797,13
35889,13
35955,13
36135,13
36171,13
36406,13
36876,13
37140,13
37142,13
37190,13
37492,13
37517,13
37786,13
37840,13
38000,13
38012,13
38013,13
38024,13
38145,13
38230,13
38329,13
38355,13
38752,13
38828,13
39053,13
39062,13
39469,13
39478,13
39564,13
40273,13
40623,13
44189,13
44219,13
44640,13
45069,13
45628,13
46124,13
46468,13
47637,13
47689,13
47812,13
50155,13
51028,13
51099,13
51348,13
51412,13
51820,13
52128,13
52321,13
52449,13
53629,13
54688,13
65434,13
65509,13
65510,13
69690,13
131111,13
164,12
317,12
323,12
364,12
654,12
656,12
828,12
1026,12
1189,12
1220,12
1389,12
1648,12
2319,12
2324,12
2341,12
2465,12
2474,12
2949,12
3018,12
3484,12
3503,12
3524,12
3739,12
3991,12
4123,12
4129,12
4327,12
4330,12
4428,12
4455,12
4752,12
4770,12
4772,12
4846,12
4877,12
5867,12
6196,12
7729,12
7827,12
7888,12
7953,12
7993,12
8008,12
8058,12
8131,12
8237,12
8663,12
8664,12
8728,12
8895,12
9337,12
9731,12
12653,12
12803,12
14618,12
20030,12
20153,12
20190,12
20318,12
20362,12
20414,12
20443,12
21038,12
21059,12
21093,12
21164,12
21169,12
21263,12
21472,12
21548,12
21638,12
21834,12
22178,12
22217,12
22493,12
22538,12
22558,12
22592,12
23006,12
23301,12
23814,12
24577,12
24698,12
24825,12
25095,12
25187,12
25290,12
25387,12
25412,12
25420,12
25423,12
25554,12
25810,12
25876,12
26155,12
26220,12
26505,12
26622,12
26689,12
26816,12
26919,12
27097,12
27216,12
27330,12
27354,12
27757,12
27871,12
28371,12
28382,12
28860,12
29183,12
29339,12
29394,12
29477,12
29619,12
29979,12
30219,12
30322,12
30509,12
30817,12
31087,12
31145,12
31364,12
31634,12
31658,12
32137,12
32167,12
32225,12
32666,12
32874,12
32989,12
33099,12
33490,12
33529,12
33550,12
33605,12
33617,12
33985,12
34758,12
35390,12
35571,12
35612,12
35646,12
35678,12
35700,12
35789,12
35848,12
36026,12
36153,12
36382,12
36437,12
36831,12
36874,12
36952,12
37038,12
37440,12
37883,12
38035,12
38169,12
38378,12
38382,12
38397,12
38544,12
38654,12
39292,12
39325,12
39557,12
39649,12
39719,12
39850,12
39853,12
40469,12
40479,12
40789,12
44764,12
44792,12
45731,12
46759,12
46767,12
48653,12
48820,12
49445,12
49555,12
50448,12
50600,12
50681,12
51040,12
51066,12
51152,12
51163,12
51824,12
52601,12
52720,12
52733,12
52906,12
53105,12
54971,12
65360,12
210,11
258,11
267,11
270,11
278,11
282,11
303,11
356,11
448,11
501,11
770,11
908,11
981,11
989,11
1211,11
1330,11
1331,11
1384,11
1417,11
1471,11
1509,11
1700,11
1842,11
1920,11
1928,11
2310,11
2371,11
2376,11
2434,11
3014,11
3536,11
3602,11
3654,11
3720,11
3944,11
4155,11
4331,11
4616,11
4632,11
4707,11
7948,11
8000,11
8036,11
8327,11
8562,11
8707,11
8806,11
9415,11
10113,11
11292,11
12549,11
12557,11
12815,11
12898,11
12914,11
13216,11
13931,11
14163,11
16081,11
20011,11
20425,11
21534,11
21643,11
21891,11
21937,11
22057,11
22066,11
22438,11
22593,11
22642,11
22704,11
22898,11
22930,11
23270,11
23690,11
23704,11
23824,11
23874,11
23879,11
23916,11
24450,11
24458,11
24487,11
24488,11
24794,11
24838,11
25026,11
25170,11
25292,11
25346,11
25442,11
25691,11
25816,11
26066,11
26096,11
26198,11
26467,11
26476,11
26529,11
26723,11
27002,11
27046,11
27667,11
27752,11
28004,11
28015,11
28221,11
28287,11
28693,11
28892,11
29106,11
29140,11
29435,11
29447,11
29586,11
29658,11
29668,11
29780,11
29853,11
29869,11
30260,11
30366,11
30388,11
30585,11
30586,11
30708,11
30736,11
30844,11
31059,11
31071,11
31207,11
31286,11
31331,11
31499,11
31799,11
31808,11
32110,11
32142,11
32428,11
32454,11
32473,11
32788,11
32844,11
33051,11
33222,11
33323,11
33583,11
33585,11
33669,11
33735,11
33821,11
34071,11
34098,11
34415,11
34467,11
34649,11
35096,11
35208,11
35419,11
35556,11
35625,11
35711,11
35782,11
35925,11
35962,11
36143,11
36315,11
36426,11
36427,11
36470,11
36719,11
36764,11
36980,11
37015,11
37638,11
37740,11
37783,11
37931,11
38505,11
38576,11
38582,11
38673,11
38960,11
39243,11
39277,11
39449,11
39529,11
40432,11
40486,11
40652,11
40863,11
44120,11
44146,11
44932,11
45930,11
46545,11
46664,11
46961,11
47611,11
48183,11
48404,11
48668,11
50576,11
51027,11
51209,11
51760,11
52057,11
52433,11
52756,11
53036,11
53039,11
53161,11
53164,11
53524,11
53860,11
54105,11
55037,11
57414,11
64257,11
65351,11
147830,11
167414,11
175643,11
291,10
336,10
376,10
449,10
461,10
463,10
467,10
488,10
595,10
614,10
676,10
809,10
1201,10
1207,10
1364,10
1507,10
1612,10
1688,10
1819,10
1830,10
2477,10
2487,10
2488,10
3935,10
4097,10
4151,10
4447,10
4450,10
4547,10
4704,10
4723,10
4733,10
4781,10
4840,10
4848,10
4961,10
6073,10
7852,10
7910,10
8183,10
8308,10
8328,10
8377,10
8469,10
8576,10
8657,10
8869,10
9439,10
11295,10
11575,10
12442,10
12676,10
12802,10
20075,10
20127,10
20137,10
20166,10
20353,10
20417,10
20540,10
20594,10
20713,10
20917,10
21076,10
21232,10
22123,10
22124,10
22150,10
22509,10
22635,10
23066,10
23228,10
23291,10
23360,10
23409,10
23424,10
23466,10
23525,10
23656,10
23737,10
23809,10
24119,10
24171,10
24281,10
24322,10
24447,10
24665,10
24744,10
24808,10
24903,10
24927,10
25022,10
25212,10
25381,10
25536,10
25670,10
25970,10
26101,10
26129,10
26186,10
26324,10
26406,10
26535,10
26755,10
26880,10
27039,10
27053,10
27082,10
27129,10
27226,10
27310,10
27482,10
27780,10
27944,10
28046,10
28254,10
28275,10
28402,10
28577,10
28616,10
28751,10
28766,10
28799,10
28822,10
28958,10
28975,10
29053,10
29084,10
29532,10
29589,10
29605,10
29614,10
29627,10
29639,10
29678,10
29811,10
29846,10
30052,10
30054,10
30164,10
30437,10
30609,10
30800,10
30893,10
30897,10
31055,10
31135,10
31384,10
31462,10
31506,10
31541,10
31557,10
31826,10
32053,10
32162,10
32166,10
32216,10
32288,10
32315,10
32475,10
32483,10
32573,10
32633,10
32923,10
33278,10
33470,10
33523,10
33771,10
33789,10
34078,10
34225,10
34412,10
34430,10
34568,10
34615,10
34664,10
34898,10
34926,10
35078,10
35082,10
35139,10
35272,10
35757,10
35780,10
35878,10
36195,10
36452,10
36705,10
36753,10
36758,10
36804,10
36943,10
37044,10
37061,10
37079,10
37364,10
37558,10
37559,10
37607,10
37669,10
37860,10
37962,10
38055,10
38386,10
38429,10
38433,10
38447,10
38724,10
38964,10
39098,10
39338,10
39369,10
39405,10
39498,10
40204,10
40258,10
40286,10
40602,10
40638,10
40814,10
44167,10
44303,10
44851,10
45560,10
45657,10
46440,10
47744,10
48753,10
48884,10
49853,10
50053,10
50161,10
50269,10
50388,10
50566,10
50614,10
50716,10
50871,10
50909,10
51011,10
51014,10
51691,10
51736,10
52619,10
53293,10
54643,10
54720,10
57348,10
57412,10
65337,10
65346,10
65348,10
207,9
286,9
296,9
306,9
327,9
465,9
542,9
563,9
624,9
740,9
988,9
1169,9
1173,9
1210,9
1254,9
1358,9
1390,9
1474,9
1613,9
1817,9
2329,9
2336,9
2455,9
3008,9
3240,9
3490,9
3714,9
3777,9
3909,9
4003,9
4008,9
4126,9
4332,9
4387,9
4427,9
4488,9
4610,9
4635,9
4845,9
4917,9
6032,9
6181,9
7862,9
7866,9
7874,9
7970,9
7976,9
8022,9
8165,9
8252,9
8289,9
8457,9
8680,9
8723,9
9338,9
9508,9
9747,9
10096,9
10097,9
11286,9
11599,9
12553,9
12559,9
12563,9
13721,9
15661,9
19176,9
20249,9
20416,9
20494,9
20520,9
20667,9
20822,9
20861,9
20915,9
20932,9
21197,9
21681,9
21831,9
21857,9
21966,9
22375,9
22485,9
22669,9
22740,9
22754,9
22780,9
22963,9
22979,9
22984,9
23143,9
23695,9
23886,9
23938,9
23970,9
24063,9
24229,9
24389,9
24412,9
24590,9
24731,9
24906,9
24921,9
25115,9
25476,9
25503,9
25539,9
25662,9
25766,9
25944,9
26104,9
26328,9
26464,9
26511,9
26631,9
26642,9
26671,9
26986,9
27047,9
27048,9
27067,9
27109,9
27315,9
27356,9
27722,9
27739,9
27813,9
27940,9
28144,9
28150,9
28156,9
28170,9
28214,9
28215,9
28274,9
28303,9
28341,9
28695,9
28719,9
28900,9
29074,9
29090,9
29205,9
29270,9
29431,9
29454,9
29682,9
29773,9
29778,9
30043,9
30073,9
30247,9
30306,9
30373,9
30468,9
30653,9
30755,9
30924,9
30932,9
30972,9
31382,9
31613,9
31644,9
31692,9
31721,9
31722,9
31761,9
31776,9
31936,9
32046,9
32187,9
32196,9
32220,9
32303,9
32333,9
32579,9
32600,9
32741,9
32747,9
32779,9
33005,9
33009,9
33235,9
33286,9
33380,9
33505,9
33530,9
33588,9
34182,9
34309,9
34327,9
34597,9
34647,9
34770,9
34916,9
35008,9
35158,9
35777,9
35831,9
36036,9
36094,9
36211,9
36601,9
36638,9
36789,9
36885,9
36926,9
37051,9
37063,9
37087,9
37146,9
37360,9
37376,9
37455,9
37531,9
37576,9
37580,9
37625,9
37662,9
37852,9
37892,9
37957,9
37986,9
38064,9
38094,9
38160,9
38344,9
38488,9
38508,9
38644,9
38676,9
38814,9
38836,9
39056,9
39171,9
39319,9
39665,9
39954,9
40100,9
40140,9
40200,9
40475,9
40655,9
40677,9
40864,9
43093,9
44813,9
45598,9
45775,9
46167,9
46245,9
46273,9
46804,9
46945,9
47044,9
47682,9
47720,9
47941,9
48163,9
48577,9
48880,9
49331,9
49574,9
49997,9
50660,9
50731,9
51207,9
51275,9
51805,9
52124,9
52396,9
52604,9
52616,9
53261,9
53273,9
53949,9
54085,9
54623,9
55169,9
55221,9
57416,9
61950,9
65322,9
65347,9
65377,9
65413,9
65417,9
68611,9
68643,9
69633,9
69637,9
69651,9
489,8
538,8
664,8
704,8
977,8
1027,8
1031,8
1033,8
1035,8
1186,8
1202,8
1224,8
1248,8
1265,8
1332,8
1383,8
1401,8
2334,8
2951,8
3122,8
3134,8
3495,8
3601,8
3767,8
3931,8
4023,8
4318,8
4329,8
4395,8
4420,8
4454,8
4656,8
4706,8
4720,8
6077,8
6100,8
7731,8
7838,8
7898,8
7918,8
8004,8
8021,8
8179,8
8232,8
8598,8
8601,8
8796,8
8970,8
9330,8
9339,8
9374,8
9437,8
9653,8
9742,8
9831,8
9832,8
10013,8
11093,8
11278,8
11579,8
11604,8
12551,8
12560,8
12585,8
12665,8
12899,8
13215,8
13326,8
14688,8
15784,8
20191,8
20335,8
20356,8
20357,8
20461,8
20857,8
20924,8
21092,8
21117,8
21195,8
21387,8
21486,8
21568,8
21658,8
21859,8
21867,8
21899,8
22209,8
22359,8
22367,8
22418,8
22449,8
22816,8
23047,8
23274,8
23457,8
23524,8
23705,8
23744,8
24214,8
24268,8
24377,8
24877,8
24924,8
25018,8
25287,8
25326,8
25668,8
25796,8
25884,8
26128,8
26134,8
26138,8
26181,8
26194,8
26210,8
26250,8
26303,8
26500,8
26594,8
26617,8
26674,8
26719,8
26767,8
26785,8
26822,8
26891,8
27072,8
27198,8
27273,8
27550,8
27571,8
27600,8
27988,8
28053,8
28099,8
28102,8
28167,8
28208,8
28270,8
28354,8
28367,8
28378,8
28463,8
28527,8
28824,8
28883,8
29130,8
29180,8
29196,8
29295,8
29377,8
29547,8
29622,8
29631,8
29638,8
29687,8
29724,8
30030,8
30084,8
30296,8
30337,8
30472,8
30787,8
31095,8
31581,8
31591,8
31600,8
31988,8
32379,8
32469,8
32493,8
32588,8
32745,8
32928,8
33160,8
33205,8
33224,8
33422,8
33537,8
33587,8
33633,8
33897,8
34086,8
34227,8
34297,8
34326,8
34552,8
34586,8
34601,8
34821,8
35431,8
35841,8
35977,8
36169,8
36190,8
36485,8
36636,8
36674,8
36678,8
36731,8
36733,8
36741,8
36801,8
36824,8
36836,8
36990,8
37084,8
37107,8
37150,8
37233,8
37290,8
37313,8
37432,8
37529,8
37663,8
37716,8
37793,8
38315,8
38921,8
38956,8
39064,8
39145,8
39214,8
39233,8
39253,8
39394,8
39470,8
39683,8
39724,8
39747,8
39957,8
40009,8
40018,8
40316,8
40318,8
40480,8
40699,8
40849,8
43092,8
44527,8
44880,8
44891,8
45126,8
45719,8
45818,8
45965,8
45980,8
46030,8
46311,8
46456,8
47297,8
47501,8
48057,8
48612,8
48792,8
49312,8
49575,8
49763,8
50153,8
50460,8
50492,8
50527,8
50535,8
50916,8
51053,8
51087,8
51160,8
51319,8
51583,8
51919,8
51928,8
52337,8
52398,8
52440,8
52757,8
53056,8
53347,8
53692,8
53797,8
54112,8
54228,8
54385,8
54853,8
54885,8
55005,8
55156,8
57360,8
57408,8
65104,8
65338,8
65358,8
65380,8
65398,8
69666,8
127968,8
138624,8
141469,8
168294,8
174886,8
127,7
175,7
219,7
280,7
311,7
314,7
390,7
477,7
619,7
675,7
677,7
801,7
1200,7
1354,7
1415,7
1522,7
1669,7
1683,7
1726,7
1811,7
1855,7
1921,7
2312,7
2380,7
2404,7
2454,7
2489,7
2624,7
2958,7
3000,7
3010,7
3137,7
3262,7
3405,7
3458,7
3773,7
3778,7
4157,7
4326,7
4362,7
4502,7
4509,7
4531,7
4570,7
4650,7
4810,7
4811,7
4853,7
4962,7
6039,7
6085,7
6155,7
7859,7
7882,7
7902,7
7949,7
8033,7
8135,7
8214,7
8304,7
8748,7
8968,7
9427,7
10005,7
10061,7
10112,7
10114,7
10148,7
10230,7
11288,7
11618,7
12294,7
12336,7
12443,7
12526,7
12580,7
12677,7
12689,7
12690,7
12691,7
13198,7
13256,7
15068,7
15118,7
15632,7
15759,7
18755,7
19749,7
20039,7
20086,7
20087,7
20163,7
20164,7
20348,7
20354,7
20391,7
20432,7
20586,7
20724,7
20866,7
21006,7
21179,7
21252,7
21371,7
21422,7
21505,7
22181,7
22185,7
22195,7
22231,7
22247,7
22381,7
22689,7
22883,7
22941,7
23267,7
23377,7
23446,7
23512,7
23576,7
23689,7
23738,7
23789,7
23839,7
23860,7
23878,7
23961,7
23978,7
23988,7
24327,7
24455,7
24472,7
24534,7
24591,7
24694,7
24730,7
24740,7
24768,7
24853,7
24956,7
25108,7
25122,7
25123,7
25352,7
25564,7
26075,7
26137,7
26193,7
26199,7
26551,7
26632,7
26702,7
26727,7
26740,7
26838,7
26849,7
26884,7
26952,7
27012,7
27063,7
27160,7
27565,7
27895,7
28027,7
28134,7
28241,7
28333,7
28435,7
28469,7
28476,7
28478,7
28532,7
28638,7
28668,7
28685,7
28919,7
28949,7
28953,7
29056,7
29100,7
29119,7
29364,7
29629,7
29649,7
29698,7
29716,7
29951,7
29990,7
30117,7
30140,7
30162,7
30286,7
30319,7
30471,7
30490,7
30541,7
30629,7
30637,7
30806,7
30994,7
31064,7
31083,7
31084,7
31157,7
31226,7
31392,7
31423,7
31473,7
31534,7
31774,7
31775,7
32065,7
32442,7
32490,7
32581,7
32646,7
32673,7
32765,7
32838,7
33307,7
33335,7
33338,7
33355,7
33416,7
33471,7
33675,7
33719,7
33858,7
33978,7
34106,7
34407,7
34433,7
34566,7
34638,7
34670,7
34780,7
34894,7
34980,7
34995,7
35062,7
35080,7
35188,7
35241,7
35495,7
35594,7
35724,7
35835,7
36176,7
36199,7
36332,7
36405,7
36418,7
36497,7
36550,7
36659,7
36670,7
36782,7
36790,7
36810,7
36897,7
36905,7
36911,7
36923,7
36985,7
37118,7
37198,7
37318,7
37738,7
37982,7
38014,7
38069,7
38083,7
38262,7
38454,7
38668,7
38775,7
38880,7
38892,7
38912,7
38949,7
38965,7
39001,7
39278,7
39356,7
39387,7
39519,7
39547,7
39650,7
39720,7
39882,7
39899,7
39920,7
39921,7
40304,7
40329,7
40361,7
40422,7
40499,7
40671,7
40706,7
40807,7
44249,7
44279,7
44389,7
44617,7
44649,7
44991,7
45532,7
45691,7
45788,7
45816,7
45880,7
45928,7
46047,7
46095,7
46123,7
46780,7
46963,7
47026,7
47056,7
47147,7
47176,7
47184,7
47613,7
47747,7
48308,7
48718,7
49315,7
49653,7
49686,7
49761,7
49972,7
50435,7
50522,7
50622,7
50736,7
50744,7
51095,7
51292,7
51620,7
51837,7
51872,7
52184,7
53120,7
53375,7
53465,7
54232,7
54560,7
54651,7
54692,7
54700,7
54755,7
54783,7
54897,7
55055,7
55133,7
55165,7
55284,7
61440,7
65463,7
65505,7
68621,7
69675,7
69678,7
127472,7
127479,7
128269,7
170,6
203,6
288,6
330,6
341,6
398,6
490,6
503,6
622,6
655,6
673,6
679,6
728,6
731,6
840,6
881,6
1039,6
1107,6
1119,6
1249,6
1298,6
1467,6
1520,6
1848,6
1994,6
2307,6
2385,6
2441,6
2457,6
2486,6
2497,6
2507,6
2622,6
2879,6
3149,6
3221,6
3378,6
3476,6
3521,6
3545,6
3598,6
3628,6
3789,6
3933,6
3953,6
3993,6
4004,6
4011,6
4019,6
4106,6
4125,6
4150,6
4153,6
4377,6
4465,6
4558,6
4583,6
4587,6
4629,6
4648,6
4777,6
4819,6
4851,6
6025,6
6037,6
6049,6
6240,6
6261,6
7565,6
7733,6
7739,6
7804,6
7826,6
7861,6
8241,6
8310,6
8373,6
8499,6
8501,6
8563,6
8569,6
8646,6
8713,6
8733,6
8757,6
8960,6
8971,6
8984,6
9340,6
9664,6
9776,6
9789,6
9828,6
9866,6
9867,6
10025,6
10060,6
10272,6
11269,6
11270,6
11273,6
11281,6
11285,6
11296,6
11598,6
12317,6
12533,6
12575,6
12578,6
12645,6
12666,6
12682,6
12686,6
12796,6
12816,6
13251,6
13656,6
13970,6
14170,6
14201,6
14291,6
14655,6
14686,6
14720,6
15069,6
15102,6
15111,6
15250,6
15589,6
16094,6
16118,6
16695,6
20101,6
20128,6
20159,6
20203,6
20283,6
20344,6
20377,6
20526,6
20542,6
20617,6
20648,6
20760,6
20907,6
20979,6
20981,6
21041,6
21241,6
21317,6
21353,6
21368,6
21369,6
21669,6
21674,6
21780,6
21850,6
21988,6
22379,6
22404,6
22459,6
22482,6
22487,6
22604,6
22648,6
22786,6
22840,6
22936,6
22999,6
23083,6
23254,6
23479,6
23516,6
23592,6
23755,6
23800,6
23810,6
23975,6
23982,6
23984,6
24132,6
24257,6
24305,6
24312,6
24316,6
24323,6
24404,6
24406,6
24568,6
24599,6
24979,6
25062,6
25164,6
25182,6
25321,6
25366,6
25486,6
25507,6
25540,6
25545,6
25632,6
25709,6
25908,6
25932,6
25987,6
25988,6
26098,6
26165,6
26180,6
26271,6
26387,6
26440,6
26483,6
26538,6
26640,6
26686,6
26801,6
26934,6
26937,6
26995,6
27136,6
27185,6
27866,6
27908,6
27918,6
27979,6
27987,6
28061,6
28244,6
28280,6
28466,6
28538,6
28617,6
28735,6
28752,6
28821,6
29149,6
29369,6
29462,6
29502,6
29697,6
29704,6
29825,6
29862,6
30026,6
30060,6
30074,6
30127,6
30136,6
30157,6
30240,6
30320,6
30520,6
30792,6
30830,6
30869,6
30875,6
30902,6
30927,6
30991,6
31035,6
31050,6
31141,6
31283,6
31366,6
31368,6
31383,6
31476,6
31705,6
31747,6
31755,6
31839,6
31923,6
31994,6
32008,6
32010,6
32030,6
32089,6
32112,6
32241,6
32345,6
32402,6
32783,6
32952,6
32970,6
33107,6
33193,6
33225,6
33241,6
33358,6
33369,6
33411,6
33449,6
33604,6
33683,6
33727,6
33743,6
33787,6
33837,6
33848,6
33972,6
33979,6
33994,6
34003,6
34024,6
34107,6
34176,6
34191,6
34321,6
34427,6
34502,6
34612,6
34690,6
34739,6
34866,6
35085,6
35131,6
35346,6
35435,6
35490,6
35775,6
35803,6
35813,6
35855,6
35887,6
35916,6
36131,6
36616,6
36631,6
36696,6
36808,6
36819,6
36883,6
36998,6
37390,6
37399,6
37512,6
37657,6
37929,6
37984,6
38046,6
38179,6
38334,6
38514,6
38578,6
38937,6
38944,6
39039,6
39042,6
39492,6
39589,6
39616,6
39620,6
39663,6
39757,6
39758,6
39848,6
39872,6
39944,6
40255,6
40311,6
40617,6
40700,6
43371,6
44067,6
44154,6
44226,6
44232,6
44411,6
44602,6
44655,6
44704,6
44869,6
45048,6
45056,6
45085,6
45243,6
45292,6
45312,6
45335,6
45346,6
45355,6
45383,6
45673,6
45701,6
45821,6
46126,6
46196,6
46580,6
46689,6
47007,6
47110,6
47137,6
47187,6
47372,6
47951,6
47977,6
48029,6
48083,6
48146,6
48196,6
48205,6
48379,6
48505,6
48522,6
48793,6
48897,6
48932,6
49119,6
49313,6
49350,6
49359,6
49471,6
49906,6
49922,6
50068,6
50409,6
50437,6
50507,6
50604,6
50618,6
50799,6
50824,6
50945,6
51070,6
51432,6
51484,6
51668,6
52012,6
52326,6
52451,6
52517,6
52741,6
52850,6
53933,6
54551,6
54638,6
54667,6
54953,6
55096,6
57364,6
57413,6
57420,6
65367,6
65412,6
65418,6
68640,6
68660,6
69688,6
110593,6
128286,6
128680,6
131369,6
149885,6
985171,6
260,5
310,5
315,5
354,5
358,5
509,5
600,5
606,5
637,5
649,5
678,5
701,5
742,5
808,5
826,5
827,5
856,5
971,5
985,5
986,5
991,5
1015,5
1036,5
1122,5
1126,5
1174,5
1182,5
1191,5
1206,5
1223,5
1270,5
1271,5
1299,5
1333,5
1335,5
1341,5
1393,5
1457,5
1469,5
1470,5
1521,5
1657,5
1707,5
1735,5
1744,5
1832,5
1930,5
1940,5
2311,5
2386,5
2439,5
2456,5
2458,5
2466,5
2471,5
2950,5
2953,5
2962,5
3248,5
3330,5
3390,5
3596,5
3620,5
3716,5
3747,5
3763,5
3768,5
3913,5
3919,5
4006,5
4009,5
4120,5
4127,5
4144,5
4230,5
4353,5
4393,5
4404,5
4418,5
4441,5
4448,5
4466,5
4482,5
4493,5
4569,5
4618,5
4672,5
4705,5
4726,5
4753,5
4821,5
4829,5
5898,5
6083,5
6158,5
6259,5
7713,5
7732,5
7753,5
7770,5
7788,5
7848,5
7868,5
7884,5
7945,5
7965,5
7973,5
8020,5
8032,5
8312,5
8317,5
8356,5
8376,5
8450,5
8655,5
8726,5
9331,5
9341,5
9342,5
9372,5
9428,5
9432,5
9435,5
9444,5
9499,5
9525,5
9547,5
9581,5
9582,5
9587,5
9672,5
9752,5
9760,5
9917,5
10077,5
10078,5
10209,5
12319,5
12573,5
12661,5
12668,5
12804,5
12900,5
13200,5
13222,5
13223,5
13245,5
13886,5
15749,5
15874,5
16026,5
16054,5
16071,5
16075,5
16129,5
16212,5
16665,5
17177,5
17255,5
17491,5
17673,5
20093,5
20111,5
20115,5
20121,5
20254,5
20480,5
20568,5
20686,5
20763,5
20795,5
20817,5
20821,5
20831,5
21013,5
21065,5
21149,5
21184,5
21201,5
21264,5
21316,5
21430,5
21606,5
21617,5
21734,5
21806,5
21886,5
21919,5
21941,5
21956,5
21986,5
22070,5
22079,5
22093,5
22263,5
22265,5
22276,5
22349,5
22397,5
22403,5
22405,5
22436,5
22469,5
22560,5
22566,5
22596,5
22605,5
22726,5
22989,5
23045,5
23073,5
23087,5
23221,5
23321,5
23503,5
23632,5
23712,5
23733,5
23745,5
23751,5
23761,5
23782,5
23785,5
23821,5
24020,5
24027,5
24042,5
24090,5
24152,5
24286,5
24318,5
24328,5
24332,5
24376,5
24443,5
24508,5
24518,5
24601,5
24670,5
24714,5
24820,5
24872,5
24970,5
25034,5
25169,5
25235,5
25267,5
25284,5
25303,5
25317,5
25333,5
25403,5
25572,5
25589,5
25671,5
25718,5
25754,5
25788,5
25899,5
25909,5
25989,5
26052,5
26057,5
26141,5
26218,5
26251,5
26309,5
26348,5
26588,5
26591,5
26615,5
26675,5
26706,5
26737,5
26802,5
26858,5
27023,5
27025,5
27103,5
27218,5
27296,5
27488,5
27631,5
27653,5
27821,5
27824,5
27986,5
27998,5
28045,5
28076,5
28109,5
28249,5
28355,5
28407,5
28471,5
28518,5
28550,5
28588,5
28632,5
28662,5
28746,5
28806,5
28865,5
28940,5
29032,5
29181,5
29197,5
29210,5
29259,5
29352,5
29606,5
29650,5
29659,5
29777,5
29797,5
29820,5
29824,5
29851,5
29966,5
29982,5
30115,5
30238,5
30267,5
30361,5
30369,5
30394,5
30568,5
30626,5
30766,5
30778,5
30784,5
30970,5
30998,5
31078,5
31104,5
31128,5
31148,5
31212,5
31308,5
31363,5
31398,5
31446,5
31454,5
31491,5
31539,5
31589,5
31630,5
31660,5
31849,5
31961,5
32266,5
32438,5
32472,5
32494,5
32664,5
32731,5
32753,5
32948,5
33154,5
33239,5
33321,5
33328,5
33401,5
33436,5
33560,5
33622,5
33728,5
33742,5
33784,5
33824,5
33903,5
33977,5
34021,5
34069,5
34126,5
34134,5
34160,5
34162,5
34294,5
34381,5
34434,5
34474,5
34500,5
34505,5
34618,5
34619,5
34822,5
34836,5
34850,5
35022,5
35122,5
35153,5
35168,5
35192,5
35410,5
35543,5
35681,5
35742,5
35825,5
35851,5
35944,5
36038,5
36133,5
36277,5
36319,5
36425,5
36522,5
36598,5
36602,5
36851,5
36868,5
36916,5
36921,5
36946,5
37016,5
37082,5
37098,5
37143,5
37152,5
37225,5
37247,5
37304,5
37353,5
37394,5
37456,5
37614,5
37671,5
37846,5
37985,5
38085,5
38144,5
38279,5
38320,5
38367,5
38393,5
38398,5
38585,5
38589,5
38590,5
38763,5
38833,5
38838,5
39049,5
39111,5
39128,5
39147,5
39235,5
39408,5
39536,5
39537,5
39556,5
39739,5
39995,5
40035,5
40346,5
40383,5
40431,5
40485,5
40495,5
40522,5
40586,5
40606,5
40618,5
44104,5
44223,5
44509,5
44665,5
44768,5
44790,5
44816,5
44870,5
45007,5
45281,5
45334,5
45442,5
45481,5
45520,5
45703,5
45744,5
45923,5
45990,5
46000,5
46064,5
46084,5
46696,5
46849,5
47060,5
47106,5
47185,5
47272,5
47383,5
47483,5
47558,5
47811,5
47912,5
47980,5
47984,5
48009,5
48126,5
48220,5
48352,5
48534,5
48645,5
48733,5
48821,5
48873,5
49461,5
49733,5
49760,5
49852,5
49908,5
49915,5
49919,5
50073,5
50108,5
50185,5
50224,5
50524,5
50601,5
50750,5
50776,5
50968,5
51062,5
51138,5
51176,5
51499,5
51721,5
51780,5
51807,5
51835,5
51902,5
51932,5
52000,5
52243,5
52259,5
52273,5
52290,5
52339,5
52847,5
52877,5
52936,5
53083,5
53447,5
53749,5
53917,5
54054,5
54277,5
54284,5
54625,5
54631,5
54646,5
54679,5
54884,5
55004,5
55147,5
57344,5
57368,5
61664,5
65166,5
65420,5
65421,5
67840,5
67853,5
68623,5
68677,5
127482,5
127995,5
131432,5
166902,5
169781,5
985170,5
128,4
129,4
302,4
307,4
342,4
343,4
359,4
368,4
375,4
438,4
495,4
541,4
599,4
625,4
669,4
726,4
743,4
744,4
749,4
868,4
984,4
993,4
1017,4
1116,4
1120,4
1136,4
1168,4
1183,4
1204,4
1212,4
1214,4
1236,4
1251,4
1263,4
1326,4
1337,4
1339,4
1340,4
1350,4
1359,4
1366,4
1386,4
1403,4
1413,4
1443,4
1708,4
1739,4
1954,4
1966,4
2313,4
2328,4
2384,4
2405,4
2437,4
2438,4
2588,4
2604,4
2608,4
2672,4
3095,4
3120,4
3250,4
3265,4
3364,4
3374,4
3511,4
3647,4
3661,4
3669,4
3740,4
3743,4
3746,4
3911,4
3943,4
3988,4
4118,4
4119,4
4158,4
4371,4
4372,4
4379,4
4389,4
4408,4
4411,4
4412,4
4414,4
4417,4
4421,4
4423,4
4430,4
4432,4
4434,4
4436,4
4437,4
4440,4
4442,4
4451,4
4460,4
4508,4
4512,4
4539,4
4548,4
4568,4
4573,4
4588,4
4602,4
4645,4
4657,4
4659,4
4677,4
4722,4
4758,4
4771,4
4778,4
4808,4
4813,4
4824,4
4867,4
5125,4
5761,4
5809,4
5908,4
6022,4
6024,4
6089,4
6114,4
6193,4
6245,4
7505,4
7580,4
7696,4
7697,4
7699,4
7763,4
7775,4
7777,4
7818,4
7854,4
7858,4
7872,4
7890,4
7892,4
7906,4
7920,4
7922,4
7941,4
7989,4
7991,4
8040,4
8113,4
8125,4
8180,4
8210,4
8253,4
8309,4
8311,4
8358,4
8378,4
8419,4
8462,4
8597,4
8627,4
8750,4
9343,4
9373,4
9431,4
9461,4
9462,4
9501,4
9504,4
9515,4
9518,4
9520,4
9528,4
9681,4
9685,4
9767,4
9777,4
9778,4
9779,4
9780,4
9781,4
9782,4
9783,4
9813,4
9835,4
9889,4
10047,4
10115,4
10233,4
11265,4
11279,4
11300,4
11580,4
11607,4
11983,4
12310,4
12311,4
12441,4
12447,4
12542,4
12552,4
12554,4
12561,4
12569,4
12572,4
12646,4
12647,4
12659,4
12660,4
12669,4
12670,4
12683,4
12817,4
12915,4
12916,4
12917,4
12926,4
13263,4
13756,4
14624,4
14771,4
15052,4
15077,4
15587,4
15648,4
15849,4
15873,4
16041,4
16441,4
17305,4
17321,4
18188,4
20060,4
20103,4
20213,4
20367,4
20434,4
20441,4
20563,4
20635,4
20674,4
20720,4
20752,4
20766,4
20883,4
20893,4
20923,4
20943,4
20950,4
20971,4
20973,4
21102,4
21156,4
21248,4
21249,4
21328,4
21385,4
21537,4
21679,4
21745,4
21751,4
21770,4
21796,4
21846,4
21908,4
22065,4
22112,4
22118,4
22121,4
22122,4
22137,4
22170,4
22208,4
22319,4
22348,4
22462,4
22471,4
22513,4
22535,4
22540,4
22542,4
22551,4
22557,4
22680,4
22701,4
22783,4
22820,4
22842,4
22977,4
23049,4
23172,4
23215,4
23230,4
23307,4
23361,4
23397,4
23413,4
23586,4
23708,4
23714,4
23780,4
23781,4
23819,4
23826,4
23837,4
23842,4
23854,4
23869,4
23882,4
23899,4
24011,4
24026,4
24260,4
24367,4
24388,4
24435,4
24548,4
24586,4
24629,4
24653,4
24719,4
24765,4
24876,4
24933,4
25200,4
25286,4
25301,4
25320,4
25375,4
25438,4
25462,4
25471,4
25479,4
25516,4
25597,4
25654,4
25769,4
25772,4
25790,4
25886,4
25940,4
25949,4
25985,4
26015,4
26139,4
26148,4
26258,4
26322,4
26345,4
26437,4
26466,4
26565,4
26574,4
26596,4
26638,4
26648,4
26678,4
26772,4
26857,4
26896,4
26904,4
26907,4
26917,4
26932,4
27056,4
27091,4
27141,4
27163,4
27168,4
27293,4
27307,4
27418,4
27422,4
27484,4
27522,4
27524,4
27635,4
27742,4
27814,4
27900,4
27935,4
27995,4
28012,4
28047,4
28063,4
28065,4
28110,4
28172,4
28174,4
28183,4
28233,4
28235,4
28243,4
28294,4
28424,4
28425,4
28468,4
28493,4
28494,4
28576,4
28666,4
28679,4
28700,4
28798,4
28831,4
28855,4
28902,4
29060,4
29096,4
29097,4
29115,4
29124,4
29319,4
29334,4
29344,4
29379,4
29396,4
29469,4
29519,4
29564,4
29569,4
29637,4
29685,4
29690,4
29709,4
29754,4
29755,4
29815,4
29903,4
29935,4
29994,4
30016,4
30034,4
30068,4
30103,4
30131,4
30146,4
30180,4
30185,4
30201,4
30268,4
30317,4
30318,4
30344,4
30405,4
30413,4
30420,4
30429,4
30517,4
30546,4
30606,4
30695,4
30718,4
30857,4
30907,4
30917,4
30964,4
31009,4
31054,4
31115,4
31116,4
31126,4
31211,4
31328,4
31381,4
31424,4
31429,4
31447,4
31530,4
31568,4
31590,4
31602,4
31607,4
31659,4
31709,4
31718,4
31725,4
31726,4
31734,4
31906,4
31933,4
31986,4
32029,4
32091,4
32092,4
32107,4
32122,4
32174,4
32200,4
32230,4
32273,4
32304,4
32330,4
32437,4
32504,4
32543,4
32589,4
32619,4
32638,4
32775,4
32863,4
32985,4
33060,4
33125,4
33162,4
33368,4
33370,4
33405,4
33450,4
33542,4
33752,4
33764,4
33782,4
33873,4
33910,4
33911,4
33957,4
33965,4
34015,4
34045,4
34100,4
34143,4
34146,4
34188,4
34205,4
34222,4
34330,4
34369,4
34426,4
34476,4
34486,4
34516,4
34635,4
34636,4
34696,4
34719,4
34752,4
34759,4
34833,4
34841,4
34855,4
34941,4
34953,4
35018,4
35065,4
35164,4
35198,4
35247,4
35421,4
35508,4
35562,4
35577,4
35599,4
35661,4
35752,4
35767,4
35791,4
35823,4
35838,4
35846,4
35856,4
35880,4
35924,4
36071,4
36111,4
36116,4
36175,4
36214,4
36245,4
36386,4
36431,4
36448,4
36460,4
36484,4
36530,4
36555,4
36561,4
36618,4
36701,4
36739,4
36747,4
36757,4
36799,4
36856,4
36882,4
37025,4
37036,4
37099,4
37104,4
37125,4
37178,4
37187,4
37357,4
37383,4
37443,4
37582,4
37584,4
37626,4
37632,4
37668,4
37672,4
37698,4
37795,4
37855,4
37902,4
37921,4
37939,4
37946,4
37987,4
38136,4
38278,4
38303,4
38310,4
38425,4
38426,4
38501,4
38616,4
38623,4
38694,4
38699,4
38942,4
38947,4
39028,4
39031,4
39047,4
39176,4
39195,4
39282,4
39428,4
39429,4
39455,4
39489,4
39500,4
39534,4
39544,4
39582,4
39648,4
39973,4
39985,4
40071,4
40158,4
40175,4
40210,4
40227,4
40314,4
40386,4
40403,4
40436,4
40492,4
40550,4
40578,4
40694,4
40714,4
40727,4
40803,4
40806,4
40861,4
40899,4
43384,4
43388,4
44612,4
44627,4
44776,4
44949,4
45013,4
45088,4
45141,4
45232,4
45411,4
45439,4
45488,4
45524,4
45563,4
45597,4
45853,4
45860,4
45935,4
45972,4
45991,4
46042,4
46068,4
46148,4
46153,4
46170,4
46209,4
46264,4
46325,4
46382,4
46552,4
46572,4
46584,4
46860,4
47223,4
47498,4
47556,4
47557,4
47624,4
48065,4
48171,4
48265,4
48572,4
48576,4
48597,4
48599,4
48607,4
48671,4
48677,4
48809,4
48925,4
48979,4
49339,4
49427,4
49494,4
49595,4
49624,4
49715,4
49737,4
49860,4
49864,4
50026,4
50080,4
50292,4
50431,4
50565,4
50647,4
50677,4
50746,4
50828,4
50955,4
50972,4
50975,4
50998,4
51071,4
51083,4
51111,4
51161,4
51205,4
51417,4
51565,4
52271,4
52544,4
52588,4
52660,4
52685,4
52713,4
52777,4
53037,4
53177,4
53464,4
53504,4
53577,4
53606,4
53793,4
54063,4
54621,4
54642,4
54689,4
54748,4
54847,4
54855,4
54867,4
54895,4
54916,4
54960,4
54995,4
55167,4
55196,4
55203,4
55230,4
55255,4
55277,4
57365,4
57381,4
57424,4
61598,4
64031,4
65284,4
65350,4
65414,4
65419,4
65437,4
66489,4
67852,4
68097,4
68608,4
68614,4
68615,4
68619,4
68668,4
69676,4
69682,4
74367,4
119838,4
120125,4
120202,4
127480,4
127798,4
127882,4
127916,4
128149,4
128163,4
128249,4
128250,4
128284,4
128536,4
143961,4
145462,4
149744,4
150034,4
153215,4
168153,4
170248,4
174306,4
149,3
266,3
312,3
313,3
320,3
325,3
340,3
370,3
418,3
419,3
447,3
470,3
483,3
608,3
644,3
665,3
671,3
680,3
684,3
705,3
713,3
785,3
787,3
807,3
816,3
817,3
877,3
882,3
883,3
886,3
887,3
905,3
978,3
987,3
990,3
992,3
1121,3
1131,3
1134,3
1140,3
1152,3
1175,3
1177,3
1192,3
1193,3
1195,3
1196,3
1197,3
1205,3
1208,3
1213,3
1219,3
1232,3
1238,3
1244,3
1250,3
1262,3
1266,3
1267,3
1280,3
1343,3
1346,3
1351,3
1356,3
1365,3
1373,3
1645,3
1665,3
1686,3
1690,3
1938,3
1956,3
2034,3
2323,3
2433,3
2435,3
2442,3
2447,3
2459,3
2462,3
2464,3
2469,3
2475,3
2510,3
2539,3
2602,3
2716,3
2736,3
2750,3
2878,3
2999,3
3093,3
3108,3
3135,3
3142,3
3370,3
3375,3
3376,3
3379,3
3381,3
3383,3
3391,3
3399,3
3504,3
3525,3
3548,3
3734,3
3840,3
3989,3
4102,3
4111,3
4122,3
4142,3
4146,3
4333,3
4335,3
4338,3
4365,3
4374,3
4375,3
4378,3
4388,3
4390,3
4400,3
4401,3
4403,3
4405,3
4406,3
4407,3
4409,3
4410,3
4413,3
4415,3
4431,3
4433,3
4443,3
4463,3
4470,3
4471,3
4472,3
4480,3
4483,3
4486,3
4491,3
4497,3
4506,3
4511,3
4515,3
4517,3
4546,3
4549,3
4551,3
4554,3
4555,3
4565,3
4578,3
4589,3
4590,3
4591,3
4601,3
4603,3
4604,3
4605,3
4606,3
4607,3
4627,3
4658,3
4669,3
4674,3
4708,3
4754,3
4776,3
4827,3
4872,3
4874,3
4875,3
4899,3
4925,3
4928,3
4938,3
4941,3
5766,3
5773,3
5774,3
5794,3
5812,3
5900,3
5906,3
6027,3
6090,3
6092,3
6093,3
6237,3
6238,3
6244,3
7722,3
7957,3
7990,3
8025,3
8060,3
8115,3
8116,3
8234,3
8320,3
8325,3
8463,3
8471,3
8473,3
8475,3
8478,3
8487,3
8520,3
8523,3
8540,3
8541,3
8542,3
8564,3
8635,3
8661,3
8715,3
8731,3
8792,3
8818,3
8855,3
9375,3
9376,3
9403,3
9429,3
9430,3
9442,3
9502,3
9509,3
9517,3
9583,3
9584,3
9665,3
9680,3
9744,3
9992,3
10003,3
10024,3
10031,3
10132,3
10175,3
10277,3
10286,3
10404,3
10434,3
10548,3
10677,3
11377,3
11569,3
11571,3
11605,3
11606,3
11617,3
12436,3
12448,3
12564,3
12567,3
12571,3
12574,3
12576,3
12588,3
12649,3
12658,3
12681,3
12808,3
12921,3
13203,3
13206,3
13220,3
13239,3
13267,3
13466,3
13472,3
13793,3
14167,3
14197,3
14660,3
14717,3
15046,3
15240,3
15634,3
15652,3
15714,3
15809,3
16066,3
16080,3
16464,3
16649,3
16693,3
17650,3
19127,3
19279,3
19634,3
20032,3
20038,3
20073,3
20091,3
20112,3
20165,3
20229,3
20260,3
20272,3
20297,3
20317,3
20343,3
20347,3
20387,3
20388,3
20499,3
20504,3
20558,3
20886,3
20926,3
20938,3
20994,3
21011,3
21124,3
21180,3
21204,3
21274,3
21276,3
21348,3
21396,3
21480,3
21498,3
21499,3
21544,3
21550,3
21558,3
21602,3
21633,3
21653,3
21671,3
21700,3
21710,3
21817,3
21861,3
21890,3
21912,3
21970,3
22013,3
22014,3
22075,3
22089,3
22138,3
22152,3
22165,3
22188,3
22189,3
22216,3
22223,3
22254,3
22274,3
22318,3
22351,3
22391,3
22396,3
22429,3
22430,3
22452,3
22454,3
22466,3
22501,3
22508,3
22597,3
22641,3
22666,3
22688,3
22723,3
22748,3
22752,3
22771,3
22821,3
22828,3
22918,3
22942,3
23012,3
23033,3
23040,3
23063,3
23243,3
23255,3
23304,3
23382,3
23456,3
23483,3
23498,3
23514,3
23571,3
23620,3
23662,3
23674,3
23715,3
23765,3
23768,3
23804,3
23811,3
23838,3
23844,3
23862,3
23871,3
23896,3
23897,3
23948,3
24084,3
24130,3
24271,3
24298,3
24338,3
24354,3
24390,3
24416,3
24451,3
24542,3
24683,3
24700,3
24846,3
24854,3
24867,3
24889,3
25020,3
25097,3
25133,3
25195,3
25225,3
25236,3
25238,3
25260,3
25306,3
25370,3
25386,3
25414,3
25421,3
25426,3
25487,3
25531,3
25586,3
25630,3
25678,3
25703,3
25735,3
25763,3
25791,3
25794,3
25808,3
25825,3
25860,3
25878,3
25890,3
25917,3
25929,3
25965,3
25969,3
26005,3
26014,3
26047,3
26153,3
26196,3
26229,3
26261,3
26269,3
26285,3
26363,3
26450,3
26526,3
26561,3
26626,3
26653,3
26670,3
26722,3
26743,3
26758,3
26784,3
26794,3
26804,3
26826,3
26903,3
26905,3
26906,3
26922,3
26946,3
26968,3
26971,3
26982,3
27108,3
27130,3
27142,3
27176,3
27311,3
27358,3
27449,3
27458,3
27516,3
27675,3
27687,3
27705,3
27737,3
27768,3
27797,3
27862,3
27893,3
27898,3
27948,3
27974,3
27975,3
27981,3
27983,3
28073,3
28108,3
28163,3
28194,3
28218,3
28245,3
28258,3
28282,3
28360,3
28434,3
28457,3
28519,3
28549,3
28553,3
28555,3
28556,3
28563,3
28594,3
28606,3
28628,3
28633,3
28665,3
28691,3
28710,3
28722,3
28732,3
28768,3
28769,3
28774,3
28780,3
28781,3
28819,3
28866,3
28874,3
28877,3
28884,3
28904,3
28922,3
28977,3
29011,3
29061,3
29107,3
29172,3
29247,3
29301,3
29314,3
29330,3
29357,3
29425,3
29472,3
29551,3
29559,3
29588,3
29596,3
29626,3
29646,3
29688,3
29752,3
29775,3
29870,3
29886,3
29894,3
29940,3
29971,3
30027,3
30092,3
30174,3
30183,3
30215,3
30374,3
30438,3
30441,3
30492,3
30502,3
30521,3
30535,3
30720,3
30768,3
30820,3
30868,3
30896,3
31013,3
31025,3
31097,3
31147,3
31200,3
31327,3
31351,3
31357,3
31390,3
31458,3
31467,3
31489,3
31509,3
31533,3
31548,3
31609,3
31698,3
31700,3
31717,3
31779,3
31827,3
31838,3
31845,3
31870,3
31889,3
31949,3
31990,3
31993,3
31999,3
32009,3
32019,3
32039,3
32049,3
32050,3
32150,3
32264,3
32287,3
32290,3
32310,3
32313,3
32324,3
32342,3
32398,3
32421,3
32433,3
32441,3
32482,3
32509,3
32510,3
32521,3
32541,3
32552,3
32554,3
32574,3
32611,3
32657,3
32663,3
32696,3
32707,3
32743,3
32762,3
32770,3
32772,3
32793,3
32813,3
32827,3
32881,3
32992,3
33002,3
33007,3
33008,3
33147,3
33260,3
33313,3
33344,3
33451,3
33488,3
33507,3
33533,3
33544,3
33548,3
33565,3
33581,3
33591,3
33616,3
33630,3
33637,3
33656,3
33666,3
33734,3
33760,3
33776,3
33785,3
33793,3
33828,3
33870,3
33933,3
33951,3
34048,3
34103,3
34113,3
34120,3
34145,3
34155,3
34212,3
34226,3
34231,3
34283,3
34323,3
34328,3
34359,3
34364,3
34386,3
34401,3
34409,3
34417,3
34569,3
34577,3
34593,3
34749,3
34763,3
34799,3
34827,3
34908,3
34997,3
34999,3
35057,3
35058,3
35071,3
35074,3
35084,3
35086,3
35129,3
35172,3
35220,3
35244,3
35269,3
35290,3
35349,3
35406,3
35472,3
35532,3
35547,3
35596,3
35662,3
35691,3
35871,3
35992,3
36014,3
36018,3
36072,3
36156,3
36192,3
36226,3
36284,3
36541,3
36665,3
36689,3
36691,3
36692,3
36706,3
36708,3
36720,3
36724,3
36728,3
36732,3
36743,3
36829,3
36840,3
36841,3
36964,3
36972,3
37095,3
37112,3
37120,3
37144,3
37161,3
37186,3
37208,3
37219,3
37284,3
37322,3
37354,3
37393,3
37496,3
37515,3
37525,3
37538,3
37571,3
37589,3
37719,3
37810,3
37832,3
37862,3
37875,3
37877,3
37903,3
37936,3
37954,3
37992,3
38021,3
38026,3
38044,3
38053,3
38062,3
38067,3
38075,3
38107,3
38119,3
38126,3
38142,3
38175,3
38250,3
38294,3
38381,3
38383,3
38394,3
38531,3
38558,3
38564,3
38569,3
38640,3
38643,3
38649,3
38658,3
38704,3
38705,3
38739,3
38747,3
38801,3
38856,3
38860,3
38906,3
39048,3
39110,3
39130,3
39191,3
39314,3
39334,3
39368,3
39380,3
39384,3
39404,3
39420,3
39425,3
39434,3
39460,3
39486,3
39488,3
39543,3
39545,3
39568,3
39622,3
39711,3
39735,3
39737,3
39752,3
39755,3
39761,3
39925,3
39938,3
39948,3
39993,3
40008,3
40032,3
40050,3
40104,3
40120,3
40199,3
40281,3
40303,3
40415,3
40421,3
40435,3
40509,3
40510,3
40521,3
40535,3
40538,3
40555,3
40557,3
40591,3
40603,3
40672,3
40756,3
40831,3
42649,3
42946,3
43361,3
43362,3
43374,3
43375,3
43378,3
43381,3
43382,3
43385,3
44034,3
44042,3
44107,3
44113,3
44166,3
44236,3
44248,3
44281,3
44290,3
44301,3
44318,3
44359,3
44369,3
44372,3
44421,3
44423,3
44440,3
44614,3
44619,3
44642,3
44761,3
44796,3
44807,3
44977,3
45041,3
45211,3
45313,3
45329,3
45338,3
45345,3
45378,3
45405,3
45425,3
45479,3
45579,3
45608,3
45636,3
45675,3
45722,3
45737,3
45793,3
45850,3
45851,3
45981,3
46077,3
46092,3
46114,3
46159,3
46192,3
46194,3
46207,3
46251,3
46309,3
46315,3
46391,3
46413,3
46489,3
46498,3
46506,3
46588,3
46765,3
46776,3
46881,3
46979,3
47064,3
47119,3
47136,3
47222,3
47245,3
47309,3
47360,3
47440,3
47505,3
47531,3
47559,3
47586,3
47639,3
47679,3
47695,3
47796,3
47828,3
47833,3
47884,3
47930,3
47973,3
47988,3
48096,3
48168,3
48178,3
48198,3
48232,3
48271,3
48383,3
48397,3
48408,3
48419,3
48457,3
48503,3
48536,3
48587,3
48643,3
48684,3
48734,3
48743,3
48865,3
48988,3
49117,3
49326,3
49346,3
49351,3
49441,3
49447,3
49489,3
49490,3
49584,3
49623,3
49648,3
49697,3
49708,3
49710,3
49712,3
49720,3
49823,3
49889,3
49893,3
49957,3
50069,3
50071,3
50100,3
50163,3
50183,3
50332,3
50364,3
50441,3
50499,3
50518,3
50523,3
50582,3
50603,3
50637,3
50652,3
50671,3
50691,3
50692,3
50738,3
50759,3
50788,3
50863,3
50889,3
50973,3
51010,3
51013,3
51015,3
51019,3
51048,3
51059,3
51065,3
51097,3
51113,3
51139,3
51150,3
51263,3
51338,3
51341,3
51413,3
51459,3
51614,3
51659,3
51675,3
51712,3
51851,3
51907,3
51917,3
52033,3
52448,3
52573,3
52593,3
52705,3
52834,3
52851,3
52876,3
52878,3
52927,3
53041,3
53102,3
53241,3
53326,3
53380,3
53436,3
53437,3
53475,3
53494,3
53605,3
53671,3
53689,3
53755,3
53907,3
53991,3
54024,3
54025,3
54052,3
54081,3
54165,3
54197,3
54213,3
54371,3
54428,3
54495,3
54508,3
54525,3
54557,3
54612,3
54613,3
54666,3
54875,3
54917,3
54931,3
54973,3
54987,3
54989,3
55052,3
55093,3
55216,3
55217,3
55220,3
55229,3
55231,3
55232,3
55233,3
55236,3
55237,3
55247,3
55248,3
55249,3
55261,3
55271,3
55275,3
55276,3
55278,3
55283,3
55291,3
57347,3
57349,3
57356,3
57370,3
57372,3
57436,3
65105,3
65169,3
65187,3
65255,3
65262,3
65355,3
65375,3
65399,3
65404,3
65408,3
65411,3
66465,3
67855,3
68466,3
69653,3
69668,3
69670,3
69692,3
74070,3
74144,3
74316,3
119852,3
120109,3
120112,3
120496,3
127471,3
127477,3
127881,3
128171,3
129365,3
131236,3
131388,3
131953,3
136075,3
140464,3
140508,3
141468,3
147831,3
147964,3
148889,3
149899,3
150134,3
152647,3
156077,3
156084,3
156927,3
158253,3
163485,3
169599,3
175648,3
178323,3
985160,3
985169,3
147,2
151,2
290,2
319,2
366,2
393,2
405,2
407,2
423,2
425,2
455,2
458,2
472,2
473,2
476,2
479,2
485,2
494,2
502,2
540,2
557,2
559,2
582,2
585,2
588,2
605,2
610,2
627,2
628,2
630,2
634,2
647,2
653,2
667,2
668,2
685,2
689,2
696,2
734,2
738,2
741,2
745,2
746,2
747,2
777,2
804,2
819,2
829,2
860,2
880,2
911,2
1010,2
1013,2
1016,2
1018,2
1019,2
1153,2
1180,2
1181,2
1184,2
1188,2
1194,2
1209,2
1217,2
1221,2
1231,2
1242,2
1246,2
1247,2
1252,2
1253,2
1258,2
1268,2
1269,2
1273,2
1274,2
1276,2
1307,2
1308,2
1316,2
1317,2
1338,2
1342,2
1363,2
1395,2
1414,2
1425,2
1428,2
1431,2
1433,2
1445,2
1459,2
1524,2
1620,2
1673,2
1706,2
1741,2
1814,2
1890,2
1925,2
1949,2
1967,2
2003,2
2014,2
2017,2
2019,2
2028,2
2331,2
2333,2
2440,2
2443,2
2448,2
2451,2
2452,2
2461,2
2467,2
2498,2
2537,2
2541,2
2544,2
2545,2
2581,2
2598,2
2605,2
2606,2
2610,2
2623,2
2625,2
2745,2
2752,2
2822,2
2835,2
2847,2
2849,2
2861,2
2876,2
2947,2
2959,2
2974,2
3074,2
3105,2
3112,2
3125,2
3127,2
3128,2
3143,2
3228,2
3233,2
3236,2
3243,2
3244,2
3245,2
3246,2
3256,2
3263,2
3271,2
3349,2
3372,2
3373,2
3497,2
3499,2
3542,2
3599,2
3666,2
3772,2
3805,2
3844,2
3845,2
3852,2
3854,2
4013,2
4101,2
4115,2
4220,2
4319,2
4336,2
4356,2
4360,2
4373,2
4376,2
4380,2
4381,2
4382,2
4383,2
4392,2
4394,2
4396,2
4398,2
4419,2
4422,2
4424,2
4425,2
4426,2
4429,2
4435,2
4438,2
4439,2
4444,2
4445,2
4446,2
4452,2
4456,2
4458,2
4459,2
4461,2
4464,2
4473,2
4474,2
4475,2
4476,2
4477,2
4478,2
4479,2
4481,2
4484,2
4485,2
4487,2
4489,2
4490,2
4492,2
4494,2
4495,2
4496,2
4498,2
4499,2
4501,2
4503,2
4504,2
4505,2
4507,2
4516,2
4518,2
4519,2
4521,2
4522,2
4524,2
4525,2
4529,2
4532,2
4533,2
4534,2
4537,2
4541,2
4542,2
4543,2
4544,2
4545,2
4550,2
4552,2
4553,2
4556,2
4557,2
4559,2
4560,2
4561,2
4562,2
4563,2
4564,2
4566,2
4567,2
4571,2
4572,2
4574,2
4575,2
4576,2
4577,2
4579,2
4580,2
4581,2
4582,2
4584,2
4585,2
4586,2
4593,2
4594,2
4595,2
4596,2
4597,2
4598,2
4599,2
4600,2
4611,2
4614,2
4640,2
4667,2
4678,2
4710,2
4774,2
4828,2
4850,2
4870,2
4896,2
4904,2
4920,2
4936,2
4963,2
5071,2
5123,2
5359,2
5584,2
5762,2
5763,2
5764,2
5765,2
5767,2
5768,2
5769,2
5770,2
5771,2
5772,2
5775,2
5776,2
5777,2
5778,2
5779,2
5780,2
5781,2
5782,2
5783,2
5784,2
5785,2
5786,2
5798,2
5800,2
5817,2
5820,2
5827,2
5829,2
5833,2
5839,2
5842,2
5850,2
5852,2
5862,2
6055,2
6062,2
6074,2
6079,2
6119,2
6202,2
6241,2
7060,2
7082,2
7263,2
7498,2
7702,2
7730,2
7767,2
7776,2
7787,2
7805,2
7824,2
7825,2
7835,2
7839,2
7850,2
7904,2
7928,2
7938,2
7939,2
7968,2
7981,2
7996,2
8012,2
8018,2
8041,2
8119,2
8161,2
8223,2
8244,2
8273,2
8290,2
8355,2
8360,2
8367,2
8369,2
8381,2
8402,2
8459,2
8466,2
8496,2
8519,2
8539,2
8554,2
8555,2
8565,2
8614,2
8634,2
8714,2
8854,2
8868,2
8891,2
8904,2
9167,2
9200,2
9344,2
9345,2
9346,2
9377,2
9378,2
9379,2
9380,2
9433,2
9441,2
9443,2
9446,2
9447,2
9510,2
9511,2
9526,2
9533,2
9724,2
9738,2
9739,2
9743,2
9762,2
9774,2
9786,2
9795,2
9934,2
10002,2
10010,2
10011,2
10017,2
10035,2
10049,2
10160,2
10243,2
10249,2
10250,2
10254,2
10261,2
10266,2
10267,2
10280,2
10281,2
10284,2
10291,2
10298,2
10299,2
10310,2
10311,2
10375,2
10402,2
10422,2
10478,2
10549,2
11015,2
11267,2
11268,2
11271,2
11282,2
11581,2
11597,2
11603,2
11613,2
11615,2
11822,2
11825,2
12133,2
12231,2
12318,2
12535,2
12536,2
12537,2
12538,2
12550,2
12556,2
12558,2
12565,2
12577,2
12587,2
12648,2
12650,2
12651,2
12652,2
12654,2
12662,2
12667,2
12672,2
12679,2
12680,2
12684,2
12720,2
12745,2
12784,2
12795,2
12805,2
12806,2
12807,2
12818,2
12819,2
12849,2
12901,2
12902,2
12903,2
12904,2
12905,2
12918,2
12919,2
12920,2
12922,2
12923,2
12927,2
12965,2
13187,2
13192,2
13193,2
13196,2
13205,2
13219,2
13227,2
13233,2
13234,2
13250,2
13272,2
13276,2
13336,2
13527,2
13630,2
13703,2
13759,2
13762,2
13894,2
13910,2
14191,2
14259,2
14345,2
14350,2
14580,2
14652,2
14662,2
14683,2
14846,2
15027,2
15043,2
15058,2
15061,2
15067,2
15272,2
15321,2
15347,2
15378,2
15432,2
15443,2
15583,2
15698,2
15699,2
15726,2
15754,2
15774,2
15793,2
15924,2
15964,2
16042,2
16105,2
16209,2
16229,2
16591,2
16628,2
16647,2
16660,2
16853,2
17080,2
17125,2
17392,2
17483,2
17528,2
18132,2
18292,2
18349,2
18374,2
18860,2
19510,2
19973,2
19980,2
20007,2
20033,2
20144,2
20156,2
20266,2
20274,2
20338,2
20372,2
20376,2
20378,2
20397,2
20431,2
20435,2
20485,2
20496,2
20503,2
20507,2
20510,2
20595,2
20634,2
20636,2
20662,2
20707,2
20744,2
20775,2
20779,2
20793,2
20868,2
20899,2
20929,2
20936,2
20962,2
20988,2
21030,2
21043,2
21071,2
21105,2
21107,2
21132,2
21139,2
21222,2
21239,2
21294,2
21304,2
21309,2
21324,2
21334,2
21357,2
21441,2
21493,2
21527,2
21616,2
21624,2
21627,2
21645,2
21648,2
21659,2
21666,2
21690,2
21716,2
21718,2
21723,2
21747,2
21775,2
21782,2
21880,2
21889,2
21902,2
21923,2
21971,2
21992,2
22032,2
22035,2
22038,2
22047,2
22060,2
22072,2
22108,2
22136,2
22179,2
22182,2
22198,2
22201,2
22203,2
22222,2
22297,2
22334,2
22358,2
22377,2
22395,2
22433,2
22442,2
22443,2
22461,2
22486,2
22499,2
22518,2
22525,2
22531,2
22565,2
22589,2
22677,2
22724,2
22738,2
22746,2
22749,2
22782,2
22795,2
22831,2
22834,2
22843,2
22901,2
22907,2
22943,2
22944,2
22965,2
22968,2
22970,2
23053,2
23054,2
23139,2
23149,2
23190,2
23218,2
23226,2
23253,2
23264,2
23290,2
23299,2
23332,2
23352,2
23402,2
23406,2
23440,2
23474,2
23482,2
23497,2
23509,2
23557,2
23594,2
23635,2
23645,2
23651,2
23661,2
23677,2
23682,2
23747,2
23749,2
23783,2
23808,2
23816,2
23834,2
23859,2
23937,2
23943,2
23952,2
23959,2
23962,2
24004,2
24007,2
24015,2
24025,2
24036,2
24057,2
24080,2
24100,2
24104,2
24127,2
24148,2
24153,2
24192,2
24242,2
24273,2
24277,2
24280,2
24285,2
24308,2
24365,2
24400,2
24414,2
24495,2
24532,2
24551,2
24589,2
24612,2
24617,2
24689,2
24708,2
24722,2
24743,2
24748,2
24757,2
24760,2
24771,2
24787,2
24806,2
24807,2
24848,2
24851,2
24875,2
24880,2
24898,2
24902,2
24925,2
24945,2
24957,2
24961,2
25016,2
25025,2
25037,2
25059,2
25081,2
25139,2
25158,2
25168,2
25193,2
25197,2
25250,2
25254,2
25311,2
25318,2
25357,2
25397,2
25418,2
25431,2
25443,2
25449,2
25451,2
25460,2
25502,2
25571,2
25590,2
25611,2
25619,2
25638,2
25694,2
25715,2
25827,2
25839,2
25846,2
25914,2
25990,2
26050,2
26081,2
26120,2
26140,2
26146,2
26147,2
26156,2
26184,2
26224,2
26235,2
26245,2
26294,2
26325,2
26339,2
26424,2
26428,2
26443,2
26474,2
26478,2
26508,2
26520,2
26534,2
26589,2
26687,2
26692,2
26697,2
26700,2
26709,2
26717,2
26720,2
26748,2
26761,2
26835,2
26859,2
26875,2
26876,2
26895,2
26897,2
26899,2
26935,2
26936,2
26962,2
26994,2
26998,2
27031,2
27058,2
27073,2
27087,2
27118,2
27121,2
27156,2
27195,2
27219,2
27234,2
27253,2
27257,2
27357,2
27361,2
27368,2
27389,2
27401,2
27527,2
27562,2
27563,2
27572,2
27581,2
27593,2
27644,2
27709,2
27804,2
27811,2
27846,2
27856,2
27860,2
27869,2
27889,2
27912,2
27914,2
27930,2
27938,2
27947,2
27949,2
27977,2
27978,2
27984,2
27999,2
28000,2
28052,2
28054,2
28062,2
28072,2
28078,2
28084,2
28087,2
28115,2
28157,2
28227,2
28253,2
28261,2
28265,2
28297,2
28302,2
28324,2
28338,2
28344,2
28365,2
28377,2
28386,2
28389,2
28395,2
28403,2
28409,2
28411,2
28442,2
28486,2
28498,2
28522,2
28551,2
28602,2
28625,2
28661,2
28664,2
28704,2
28708,2
28742,2
28743,2
28754,2
28801,2
28820,2
28859,2
28931,2
28952,2
28998,2
29003,2
29024,2
29120,2
29122,2
29146,2
29164,2
29249,2
29261,2
29269,2
29286,2
29372,2
29409,2
29414,2
29428,2
29458,2
29480,2
29498,2
29534,2
29540,2
29549,2
29555,2
29571,2
29578,2
29597,2
29623,2
29675,2
29721,2
29762,2
29803,2
29806,2
29873,2
29904,2
29921,2
29952,2
30015,2
30065,2
30098,2
30109,2
30179,2
30217,2
30229,2
30243,2
30270,2
30279,2
30300,2
30314,2
30362,2
30364,2
30372,2
30411,2
30415,2
30445,2
30458,2
30531,2
30542,2
30548,2
30554,2
30560,2
30576,2
30605,2
30638,2
30663,2
30733,2
30767,2
30773,2
30793,2
30798,2
30839,2
30870,2
30895,2
30929,2
30937,2
30941,2
30962,2
30992,2
31012,2
31028,2
31051,2
31067,2
31076,2
31081,2
31091,2
31096,2
31100,2
31133,2
31144,2
31151,2
31189,2
31224,2
31233,2
31240,2
31242,2
31249,2
31290,2
31312,2
31347,2
31356,2
31371,2
31395,2
31412,2
31414,2
31442,2
31494,2
31560,2
31597,2
31599,2
31610,2
31641,2
31645,2
31699,2
31706,2
31713,2
31720,2
31729,2
31731,2
31732,2
31744,2
31764,2
31800,2
31809,2
31869,2
31873,2
31955,2
32018,2
32037,2
32095,2
32235,2
32242,2
32309,2
32323,2
32344,2
32371,2
32392,2
32393,2
32397,2
32453,2
32489,2
32499,2
32526,2
32537,2
32544,2
32571,2
32583,2
32594,2
32595,2
32607,2
32647,2
32661,2
32704,2
32726,2
32728,2
32751,2
32782,2
32796,2
32823,2
33048,2
33079,2
33080,2
33092,2
33166,2
33200,2
33246,2
33296,2
33387,2
33412,2
33431,2
33441,2
33443,2
33484,2
33536,2
33578,2
33602,2
33623,2
33642,2
33661,2
33798,2
33854,2
33869,2
33921,2
33943,2
33949,2
33954,2
33969,2
33990,2
34010,2
34025,2
34031,2
34079,2
34095,2
34114,2
34133,2
34147,2
34159,2
34164,2
34167,2
34198,2
34213,2
34221,2
34238,2
34239,2
34300,2
34335,2
34345,2
34347,2
34356,2
34383,2
34451,2
34454,2
34471,2
34490,2
34555,2
34578,2
34611,2
34623,2
34624,2
34643,2
34650,2
34659,2
34686,2
34723,2
34740,2
34741,2
34882,2
34919,2
34978,2
34989,2
34993,2
35005,2
35046,2
35050,2
35093,2
35105,2
35114,2
35115,2
35128,2
35134,2
35142,2
35163,2
35169,2
35179,2
35200,2
35246,2
35263,2
35313,2
35398,2
35416,2
35458,2
35470,2
35573,2
35580,2
35622,2
35637,2
35649,2
35670,2
35679,2
35737,2
35779,2
35824,2
35852,2
35854,2
35859,2
35861,2
35866,2
35868,2
35870,2
35875,2
35877,2
35993,2
36052,2
36075,2
36080,2
36081,2
36107,2
36134,2
36148,2
36151,2
36170,2
36188,2
36191,2
36194,2
36233,2
36238,2
36255,2
36270,2
36276,2
36310,2
36324,2
36374,2
36381,2
36443,2
36475,2
36498,2
36499,2
36521,2
36527,2
36534,2
36542,2
36584,2
36619,2
36620,2
36722,2
36744,2
36752,2
36823,2
36834,2
36850,2
36878,2
36919,2
36945,2
36971,2
37042,2
37060,2
37075,2
37123,2
37131,2
37171,2
37174,2
37177,2
37220,2
37234,2
37242,2
37250,2
37306,2
37332,2
37350,2
37366,2
37451,2
37453,2
37501,2
37522,2
37564,2
37574,2
37579,2
37631,2
37667,2
37674,2
37703,2
37713,2
37714,2
37722,2
37735,2
37744,2
37796,2
37819,2
37834,2
37882,2
37895,2
37927,2
37942,2
37971,2
38018,2
38025,2
38039,2
38043,2
38052,2
38057,2
38123,2
38129,2
38172,2
38190,2
38199,2
38201,2
38235,2
38274,2
38314,2
38347,2
38362,2
38387,2
38400,2
38407,2
38410,2
38417,2
38422,2
38423,2
38439,2
38445,2
38453,2
38473,2
38484,2
38621,2
38657,2
38702,2
38729,2
38735,2
38769,2
38794,2
38812,2
38822,2
38850,2
38854,2
38881,2
38896,2
38967,2
38973,2
39044,2
39063,2
39076,2
39082,2
39095,2
39139,2
39146,2
39186,2
39189,2
39196,2
39197,2
39201,2
39221,2
39234,2
39245,2
39276,2
39290,2
39320,2
39328,2
39377,2
39397,2
39406,2
39417,2
39441,2
39446,2
39463,2
39477,2
39502,2
39535,2
39580,2
39581,2
39585,2
39586,2
39607,2
39612,2
39647,2
39686,2
39727,2
39768,2
39808,2
39824,2
39839,2
39879,2
39905,2
39906,2
39975,2
39983,2
39994,2
40007,2
40019,2
40054,2
40056,2
40088,2
40133,2
40195,2
40377,2
40378,2
40409,2
40516,2
40583,2
40584,2
40641,2
40692,2
40697,2
40724,2
40748,2
40761,2
40766,2
40780,2
40810,2
40846,2
40850,2
40854,2
40855,2
40859,2
42571,2
42582,2
42601,2
42605,2
42606,2
42795,2
42797,2
42842,2
42843,2
42856,2
42895,2
43090,2
43360,2
43363,2
43364,2
43365,2
43366,2
43367,2
43368,2
43369,2
43370,2
43372,2
43373,2
43376,2
43377,2
43379,2
43380,2
43383,2
43386,2
43387,2
44035,2
44037,2
44047,2
44056,2
44086,2
44162,2
44195,2
44265,2
44274,2
44282,2
44289,2
44309,2
44311,2
44313,2
44390,2
44393,2
44407,2
44430,2
44431,2
44448,2
44449,2
44453,2
44468,2
44471,2
44502,2
44514,2
44529,2
44550,2
44551,2
44563,2
44568,2
44572,2
44583,2
44586,2
44606,2
44610,2
44616,2
44630,2
44644,2
44684,2
44697,2
44708,2
44780,2
44902,2
44904,2
44936,2
44994,2
45104,2
45133,2
45168,2
45219,2
45234,2
45263,2
45284,2
45326,2
45327,2
45342,2
45344,2
45366,2
45381,2
45387,2
45401,2
45403,2
45443,2
45457,2
45468,2
45517,2
45523,2
45561,2
45714,2
45735,2
45759,2
45761,2
45790,2
45792,2
45831,2
45871,2
45913,2
45917,2
45933,2
45961,2
45963,2
45975,2
46029,2
46035,2
46056,2
46069,2
46083,2
46093,2
46098,2
46140,2
46149,2
46175,2
46183,2
46237,2
46261,2
46327,2
46329,2
46332,2
46336,2
46344,2
46381,2
46383,2
46393,2
46461,2
46472,2
46488,2
46501,2
46502,2
46511,2
46556,2
46596,2
46601,2
46625,2
46635,2
46677,2
46700,2
46741,2
46755,2
46758,2
46775,2
46905,2
46913,2
46917,2
46933,2
46994,2
46995,2
46996,2
46997,2
47003,2
47010,2
47024,2
47048,2
47090,2
47099,2
47107,2
47108,2
47115,2
47127,2
47162,2
47167,2
47189,2
47207,2
47218,2
47232,2
47252,2
47332,2
47368,2
47380,2
47385,2
47393,2
47396,2
47400,2
47408,2
47411,2
47413,2
47473,2
47474,2
47485,2
47500,2
47503,2
47520,2
47539,2
47543,2
47552,2
47555,2
47562,2
47565,2
47572,2
47573,2
47575,2
47580,2
47584,2
47632,2
47633,2
47635,2
47644,2
47674,2
47675,2
47722,2
47723,2
47733,2
47754,2
47764,2
47772,2
47786,2
47799,2
47808,2
47810,2
47816,2
47829,2
47869,2
47897,2
47918,2
47919,2
47921,2
47942,2
47947,2
47955,2
47959,2
47961,2
47976,2
48037,2
48043,2
48046,2
48058,2
48079,2
48081,2
48102,2
48144,2
48147,2
48153,2
48154,2
48160,2
48161,2
48172,2
48175,2
48202,2
48213,2
48272,2
48275,2
48280,2
48285,2
48293,2
48313,2
48315,2
48323,2
48363,2
48396,2
48409,2
48421,2
48448,2
48475,2
48476,2
48477,2
48527,2
48532,2
48544,2
48548,2
48564,2
48565,2
48569,2
48617,2
48625,2
48661,2
48665,2
48674,2
48688,2
48696,2
48717,2
48745,2
48812,2
48824,2
48828,2
48839,2
48841,2
48864,2
48892,2
48903,2
48908,2
48952,2
48989,2
49009,2
49184,2
49268,2
49269,2
49308,2
49319,2
49329,2
49354,2
49374,2
49378,2
49405,2
49448,2
49458,2
49463,2
49478,2
49491,2
49551,2
49553,2
49571,2
49572,2
49608,2
49633,2
49684,2
49703,2
49732,2
49770,2
49843,2
49872,2
49894,2
49895,2
49898,2
49904,2
49909,2
49914,2
49918,2
49927,2
49948,2
50051,2
50072,2
50110,2
50116,2
50141,2
50193,2
50228,2
50236,2
50295,2
50392,2
50426,2
50452,2
50502,2
50550,2
50553,2
50554,2
50562,2
50563,2
50570,2
50666,2
50703,2
50749,2
50751,2
50797,2
50800,2
50815,2
50832,2
50856,2
50859,2
50879,2
50882,2
50887,2
50891,2
50899,2
50903,2
50914,2
50917,2
50919,2
50931,2
50970,2
50971,2
50981,2
51022,2
51033,2
51039,2
51074,2
51078,2
51091,2
51112,2
51114,2
51142,2
51180,2
51203,2
51215,2
51223,2
51235,2
51250,2
51305,2
51314,2
51318,2
51356,2
51357,2
51367,2
51389,2
51440,2
51441,2
51443,2
51462,2
51475,2
51556,2
51580,2
51601,2
51636,2
51650,2
51651,2
51671,2
51672,2
51685,2
51690,2
51694,2
51779,2
51798,2
51808,2
51817,2
51832,2
51863,2
51876,2
51880,2
51927,2
51949,2
52034,2
52188,2
52209,2
52238,2
52279,2
52291,2
52317,2
52348,2
52383,2
52400,2
52403,2
52430,2
52468,2
52495,2
52547,2
52579,2
52608,2
52635,2
52653,2
52664,2
52677,2
52794,2
52800,2
52839,2
52848,2
52849,2
52925,2
52928,2
52986,2
52989,2
53017,2
53021,2
53044,2
53081,2
53101,2
53121,2
53140,2
53179,2
53181,2
53263,2
53289,2
53329,2
53363,2
53369,2
53378,2
53388,2
53474,2
53497,2
53513,2
53517,2
53589,2
53604,2
53616,2
53624,2
53627,2
53688,2
53691,2
53700,2
53708,2
53741,2
53765,2
53780,2
53784,2
53811,2
53840,2
53905,2
53947,2
53970,2
53976,2
53993,2
54033,2
54193,2
54223,2
54259,2
54262,2
54275,2
54288,2
54327,2
54355,2
54365,2
54381,2
54417,2
54419,2
54420,2
54456,2
54497,2
54533,2
54545,2
54595,2
54611,2
54618,2
54619,2
54622,2
54626,2
54627,2
54630,2
54641,2
54682,2
54685,2
54686,2
54719,2
54721,2
54735,2
54737,2
54738,2
54763,2
54768,2
54771,2
54780,2
54789,2
54807,2
54831,2
54833,2
54862,2
54866,2
54890,2
54941,2
54958,2
54969,2
55024,2
55071,2
55139,2
55164,2
55183,2
55218,2
55219,2
55222,2
55223,2
55224,2
55225,2
55226,2
55227,2
55228,2
55234,2
55235,2
55238,2
55243,2
55244,2
55245,2
55246,2
55250,2
55251,2
55252,2
55253,2
55254,2
55256,2
55257,2
55258,2
55259,2
55260,2
55262,2
55263,2
55264,2
55265,2
55266,2
55267,2
55268,2
55269,2
55270,2
55272,2
55273,2
55274,2
55279,2
55280,2
55281,2
55282,2
55285,2
55286,2
55287,2
55288,2
55289,2
55290,2
57373,2
57376,2
57382,2
57394,2
57418,2
57425,2
58280,2
58720,2
61548,2
61998,2
64511,2
65077,2
65081,2
65085,2
65087,2
65091,2
65106,2
65111,2
65112,2
65113,2
65114,2
65115,2
65116,2
65198,2
65207,2
65268,2
65271,2
65329,2
65361,2
65370,2
65376,2
65385,2
65391,2
65394,2
65400,2
65422,2
65429,2
65433,2
65504,2
66464,2
66466,2
66467,2
66481,2
66482,2
66736,2
66748,2
67843,2
67850,2
67856,2
67859,2
67860,2
67872,2
67875,2
67885,2
67889,2
68132,2
68352,2
68358,2
68397,2
68453,2
68630,2
68638,2
68653,2
68889,2
68893,2
69669,2
69671,2
69677,2
69681,2
69698,2
69700,2
71881,2
73773,2
73784,2
73792,2
73850,2
74039,2
74054,2
74140,2
74163,2
74282,2
74302,2
74362,2
74425,2
74475,2
74515,2
74551,2
74595,2
110598,2
119821,2
119834,2
119853,2
119862,2
119884,2
119982,2
120108,2
120114,2
120203,2
120204,2
127137,2
127147,2
127149,2
127150,2
127153,2
127163,2
127165,2
127166,2
127169,2
127179,2
127181,2
127182,2
127183,2
127185,2
127195,2
127197,2
127198,2
127535,2
127569,2
127765,2
127869,2
127902,2
127904,2
127908,2
127912,2
127918,2
127922,2
127939,2
127988,2
128077,2
128104,2
128118,2
128142,2
128214,2
128252,2
128262,2
128276,2
128293,2
128373,2
128463,2
128512,2
128522,2
128699,2
128759,2
129666,2
132116,2
132629,2
133417,2
136212,2
136309,2
136419,2
136470,2
137793,2
138416,2
138711,2
138759,2
139070,2
139828,2
140756,2
140911,2
141520,2
141811,2
144064,2
144561,2
145029,2
145303,2
146707,2
147982,2
148039,2
148306,2
148324,2
151467,2
152989,2
153146,2
153179,2
153306,2
155274,2
158947,2
162355,2
162458,2
162551,2
162756,2
163767,2
164544,2
166253,2
166785,2
167074,2
167116,2
168376,2
168405,2
169223,2
169347,2
172727,2
173566,2
723028,2
985114,2
1097330,2
143,1
146,1
276,1
300,1
329,1
384,1
385,1
392,1
400,1
404,1
409,1
412,1
415,1
421,1
430,1
437,1
456,1
457,1
459,1
460,1
469,1
471,1
474,1
475,1
478,1
482,1
493,1
500,1
508,1
515,1
520,1
527,1
530,1
531,1
546,1
550,1
551,1
554,1
555,1
556,1
558,1
560,1
561,1
562,1
566,1
575,1
576,1
577,1
615,1
645,1
663,1
666,1
672,1
674,1
681,1
682,1
683,1
710,1
773,1
788,1
789,1
812,1
820,1
822,1
838,1
885,1
910,1
982,1
1014,1
1024,1
1104,1
1124,1
1125,1
1128,1
1130,1
1132,1
1135,1
1137,1
1138,1
1139,1
1150,1
1162,1
1163,1
1164,1
1165,1
1166,1
1167,1
1172,1
1176,1
1190,1
1215,1
1222,1
1225,1
1226,1
1227,1
1228,1
1229,1
1230,1
1234,1
1235,1
1237,1
1239,1
1245,1
1259,1
1260,1
1261,1
1264,1
1272,1
1275,1
1277,1
1278,1
1279,1
1281,1
1282,1
1284,1
1285,1
1286,1
1287,1
1288,1
1290,1
1292,1
1293,1
1294,1
1296,1
1297,1
1306,1
1309,1
1318,1
1319,1
1327,1
1334,1
1336,1
1345,1
1347,1
1349,1
1352,1
1353,1
1355,1
1360,1
1361,1
1362,1
1411,1
1418,1
1430,1
1435,1
1436,1
1437,1
1444,1
1448,1
1451,1
1523,1
1547,1
1567,1
1623,1
1632,1
1633,1
1635,1
1637,1
1642,1
1655,1
1661,1
1664,1
1667,1
1672,1
1676,1
1681,1
1685,1
1704,1
1709,1
1710,1
1722,1
1730,1
1734,1
1737,1
1742,1
1746,1
1758,1
1764,1
1776,1
1777,1
1783,1
1846,1
1850,1
1884,1
1896,1
1937,1
1945,1
1946,1
1965,1
1998,1
1999,1
2002,1
2006,1
2015,1
2222,1
2223,1
2305,1
2365,1
2407,1
2411,1
2416,1
2499,1
2504,1
2508,1
2535,1
2538,1
2582,1
2583,1
2591,1
2596,1
2616,1
2617,1
2620,1
2631,1
2652,1
2673,1
2711,1
2724,1
2733,1
2743,1
2753,1
2754,1
2755,1
2845,1
2852,1
2858,1
2864,1
2871,1
2952,1
2954,1
2963,1
2972,1
3047,1
3100,1
3103,1
3107,1
3111,1
3114,1
3116,1
3117,1
3118,1
3139,1
3146,1
3147,1
3202,1
3223,1
3242,1
3253,1
3255,1
3257,1
3264,1
3270,1
3274,1
3347,1
3351,1
3356,1
3359,1
3360,1
3363,1
3366,1
3392,1
3451,1
3452,1
3462,1
3473,1
3493,1
3507,1
3589,1
3642,1
3664,1
3665,1
3667,1
3671,1
3741,1
3787,1
3797,1
3855,1
3918,1
3946,1
3963,1
3970,1
3971,1
4038,1
4098,1
4103,1
4105,1
4113,1
4114,1
4133,1
4135,1
4136,1
4139,1
4147,1
4148,1
4175,1
4213,1
4214,1
4222,1
4226,1
4231,1
4232,1
4233,1
4339,1
4608,1
4609,1
4624,1
4634,1
4654,1
4660,1
4664,1
4666,1
4675,1
4730,1
4736,1
4741,1
4756,1
4763,1
4784,1
4794,1
4809,1
4816,1
4817,1
4826,1
4842,1
4854,1
4864,1
4866,1
4876,1
4878,1
4884,1
4897,1
4901,1
4912,1
4921,1
4923,1
4931,1
4933,1
4937,1
4939,1
4944,1
4949,1
5024,1
5030,1
5058,1
5061,1
5065,1
5069,1
5081,1
5093,1
5103,1
5106,1
5107,1
5108,1
5109,1
5130,1
5144,1
5154,1
5161,1
5169,1
5222,1
5229,1
5235,1
5251,1
5259,1
5314,1
5316,1
5787,1
5788,1
5792,1
5804,1
5810,1
5815,1
5818,1
5822,1
5868,1
5894,1
5895,1
5896,1
5902,1
6019,1
6053,1
6059,1
6063,1
6065,1
6095,1
6113,1
6157,1
6200,1
6205,1
6243,1
6247,1
6530,1
6540,1
6577,1
6587,1
6598,1
6673,1
6676,1
6691,1
6694,1
6718,1
6756,1
6757,1
6764,1
6766,1
6772,1
6917,1
6931,1
6953,1
6957,1
6958,1
6961,1
6966,1
6980,1
7043,1
7050,1
7055,1
7059,1
7067,1
7070,1
7077,1
7259,1
7268,1
7269,1
7281,1
7282,1
7428,1
7431,1
7497,1
7504,1
7517,1
7547,1
7551,1
7578,1
7586,1
7682,1
7683,1
7690,1
7691,1
7692,1
7710,1
7711,1
7712,1
7727,1
7728,1
7737,1
7738,1
7744,1
7752,1
7755,1
7766,1
7772,1
7773,1
7774,1
7786,1
7790,1
7793,1
7806,1
7810,1
7811,1
7821,1
7830,1
7831,1
7834,1
7856,1
7860,1
7864,1
7880,1
7894,1
7914,1
7942,1
7955,1
7972,1
7980,1
7997,1
8009,1
8013,1
8037,1
8038,1
8039,1
8086,1
8112,1
8127,1
8132,1
8144,1
8145,1
8158,1
8160,1
8164,1
8190,1
8219,1
8227,1
8245,1
8259,1
8264,1
8266,1
8279,1
8298,1
8313,1
8329,1
8339,1
8366,1
8370,1
8453,1
8460,1
8465,1
8468,1
8474,1
8476,1
8480,1
8481,1
8488,1
8493,1
8495,1
8498,1
8502,1
8503,1
8534,1
8566,1
8567,1
8568,1
8608,1
8624,1
8625,1
8653,1
8662,1
8665,1
8674,1
8691,1
8702,1
8719,1
8739,1
8740,1
8749,1
8751,1
8752,1
8753,1
8754,1
8755,1
8758,1
8771,1
8781,1
8799,1
8802,1
8852,1
8862,1
8872,1
8882,1
8896,1
8897,1
8898,1
8909,1
8961,1
8963,1
8969,1
8987,1
8997,1
9004,1
9025,1
9033,1
9082,1
9187,1
9242,1
9347,1
9348,1
9349,1
9381,1
9382,1
9383,1
9384,1
9385,1
9386,1
9387,1
9388,1
9389,1
9390,1
9391,1
9392,1
9393,1
9394,1
9395,1
9396,1
9397,1
9399,1
9400,1
9408,1
9413,1
9421,1
9434,1
9436,1
9438,1
9440,1
9445,1
9448,1
9449,1
9463,1
9464,1
9465,1
9485,1
9486,1
9489,1
9490,1
9493,1
9494,1
9497,1
9498,1
9503,1
9505,1
9506,1
9512,1
9513,1
9514,1
9519,1
9521,1
9522,1
9527,1
9529,1
9530,1
9532,1
9534,1
9535,1
9536,1
9537,1
9538,1
9539,1
9540,1
9541,1
9542,1
9543,1
9544,1
9545,1
9546,1
9571,1
9588,1
9618,1
9636,1
9637,1
9638,1
9639,1
9643,1
9687,1
9728,1
9740,1
9741,1
9745,1
9746,1
9748,1
9757,1
9761,1
9763,1
9764,1
9771,1
9773,1
9788,1
9799,1
9803,1
9806,1
9807,1
9809,1
9810,1
9811,1
9818,1
9819,1
9820,1
9821,1
9822,1
9823,1
9842,1
9851,1
9876,1
9893,1
9895,1
9900,1
9901,1
9907,1
9908,1
9909,1
9924,1
9927,1
9968,1
9993,1
10007,1
10008,1
10009,1
10012,1
10014,1
10015,1
10016,1
10018,1
10019,1
10020,1
10021,1
10023,1
10048,1
10070,1
10072,1
10116,1
10122,1
10123,1
10124,1
10125,1
10133,1
10140,1
10194,1
10232,1
10241,1
10245,1
10247,1
10248,1
10251,1
10253,1
10255,1
10257,1
10258,1
10259,1
10263,1
10265,1
10269,1
10270,1
10274,1
10276,1
10279,1
10290,1
10293,1
10294,1
10302,1
10307,1
10314,1
10321,1
10336,1
10338,1
10350,1
10354,1
10355,1
10357,1
10362,1
10364,1
10370,1
10376,1
10390,1
10394,1
10395,1
10426,1
10430,1
10435,1
10436,1
10444,1
10462,1
10467,1
10469,1
10472,1
10475,1
10495,1
10539,1
10540,1
10545,1
10546,1
10741,1
10764,1
10769,1
10812,1
10822,1
10998,1
11013,1
11227,1
11228,1
11299,1
11393,1
11399,1
11407,1
11411,1
11417,1
11423,1
11431,1
11433,1
11436,1
11441,1
11496,1
11497,1
11574,1
11588,1
11611,1
11631,1
11832,1
11964,1
12055,1
12070,1
12105,1
12131,1
12155,1
12176,1
12220,1
12244,1
12273,1
12292,1
12320,1
12335,1
12337,1
12347,1
12555,1
12566,1
12568,1
12582,1
12586,1
12589,1
12655,1
12656,1
12663,1
12674,1
12675,1
12712,1
12713,1
12714,1
12722,1
12736,1
12791,1
12794,1
12797,1
12799,1
12809,1
12810,1
12811,1
12812,1
12813,1
12821,1
12822,1
12823,1
12824,1
12825,1
12826,1
12827,1
12881,1
12906,1
12907,1
12908,1
12909,1
12988,1
13172,1
13184,1
13185,1
13186,1
13188,1
13194,1
13195,1
13204,1
13207,1
13209,1
13224,1
13225,1
13226,1
13228,1
13229,1
13230,1
13231,1
13232,1
13235,1
13236,1
13237,1
13238,1
13240,1
13241,1
13242,1
13243,1
13244,1
13248,1
13249,1
13252,1
13253,1
13254,1
13255,1
13257,1
13264,1
13268,1
13270,1
13275,1
13277,1
13314,1
13315,1
13324,1
13331,1
13360,1
13375,1
13376,1
13415,1
13427,1
13480,1
13489,1
13494,1
13522,1
13531,1
13590,1
13608,1
13625,1
13632,1
13646,1
13657,1
13677,1
13704,1
13736,1
13744,1
13791,1
13815,1
13841,1
13842,1
13885,1
13889,1
13898,1
13908,1
13937,1
13938,1
13971,1
13983,1
14019,1
14054,1
14073,1
14122,1
14123,1
14135,1
14149,1
14168,1
14185,1
14200,1
14224,1
14306,1
14341,1
14385,1
14435,1
14447,1
14527,1
14550,1
14565,1
14578,1
14586,1
14617,1
14632,1
14661,1
14668,1
14676,1
14680,1
14695,1
14707,1
14741,1
14757,1
14766,1
14814,1
14817,1
14831,1
14903,1
14936,1
14972,1
14989,1
15076,1
15099,1
15100,1
15104,1
15120,1
15129,1
15142,1
15174,1
15184,1
15191,1
15206,1
15224,1
15242,1
15243,1
15289,1
15293,1
15307,1
15313,1
15315,1
15341,1
15342,1
15429,1
15571,1
15577,1
15590,1
15602,1
15622,1
15625,1
15629,1
15650,1
15697,1
15705,1
15707,1
15708,1
15719,1
15742,1
15746,1
15799,1
15811,1
15817,1
15823,1
15836,1
15838,1
15886,1
15974,1
15984,1
16057,1
16087,1
16091,1
16162,1
16183,1
16213,1
16217,1
16272,1
16368,1
16371,1
16388,1
16410,1
16411,1
16412,1
16429,1
16482,1
16558,1
16579,1
16610,1
16612,1
16614,1
16619,1
16636,1
16642,1
16681,1
16711,1
16772,1
16774,1
16837,1
16847,1
16883,1
16895,1
16948,1
16985,1
17077,1
17093,1
17096,1
17099,1
17174,1
17287,1
17329,1
17332,1
17333,1
17334,1
17335,1
17336,1
17339,1
17342,1
17343,1
17346,1
17347,1
17349,1
17350,1
17351,1
17356,1
17372,1
17507,1
17775,1
17786,1
17810,1
17938,1
17945,1
18052,1
18079,1
18175,1
18212,1
18227,1
18501,1
18511,1
18518,1
18575,1
18584,1
18610,1
18740,1
18791,1
18805,1
18809,1
18884,1
18937,1
18958,1
18972,1
19003,1
19114,1
19115,1
19128,1
19195,1
19199,1
19284,1
19292,1
19298,1
19325,1
19349,1
19433,1
19507,1
19561,1
19592,1
19652,1
19727,1
19730,1
19745,1
19779,1
19787,1
19789,1
19808,1
19811,1
19831,1
19836,1
19858,1
19893,1
19966,1
20000,1
20017,1
20050,1
20051,1
20059,1
20071,1
20097,1
20109,1
20157,1
20169,1
20172,1
20176,1
20186,1
20187,1
20258,1
20265,1
20273,1
20286,1
20292,1
20340,1
20359,1
20386,1
20396,1
20452,1
20453,1
20455,1
20456,1
20458,1
20464,1
20492,1
20495,1
20500,1
20501,1
20532,1
20533,1
20536,1
20544,1
20620,1
20628,1
20650,1
20656,1
20697,1
20700,1
20709,1
20719,1
20725,1
20726,1
20732,1
20734,1
20757,1
20787,1
20798,1
20858,1
20880,1
20890,1
20903,1
20913,1
20931,1
20942,1
20967,1
21003,1
21014,1
21042,1
21061,1
21101,1
21104,1
21116,1
21130,1
21140,1
21144,1
21173,1
21192,1
21233,1
21254,1
21259,1
21358,1
21362,1
21388,1
21389,1
21393,1
21418,1
21436,1
21515,1
21523,1
21524,1
21526,1
21549,1
21557,1
21567,1
21582,1
21596,1
21599,1
21620,1
21642,1
21652,1
21663,1
21665,1
21687,1
21691,1
21694,1
21695,1
21713,1
21721,1
21727,1
21750,1
21756,1
21811,1
21815,1
21816,1
21820,1
21868,1
21872,1
21883,1
21896,1
21926,1
21939,1
21943,1
21949,1
21952,1
21955,1
21969,1
21973,1
21991,1
22009,1
22048,1
22049,1
22050,1
22095,1
22099,1
22114,1
22116,1
22125,1
22133,1
22135,1
22147,1
22149,1
22159,1
22164,1
22169,1
22174,1
22197,1
22229,1
22232,1
22251,1
22261,1
22288,1
22293,1
22301,1
22304,1
22327,1
22328,1
22329,1
22339,1
22368,1
22380,1
22383,1
22385,1
22399,1
22406,1
22416,1
22425,1
22426,1
22428,1
22439,1
22446,1
22448,1
22453,1
22457,1
22473,1
22491,1
22494,1
22502,1
22507,1
22510,1
22511,1
22515,1
22523,1
22539,1
22545,1
22556,1
22568,1
22598,1
22601,1
22608,1
22620,1
22621,1
22623,1
22637,1
22655,1
22658,1
22663,1
22673,1
22676,1
22690,1
22698,1
22699,1
22700,1
22703,1
22708,1
22709,1
22719,1
22742,1
22757,1
22794,1
22796,1
22801,1
22811,1
22844,1
22845,1
22848,1
22850,1
22853,1
22860,1
22867,1
22889,1
22919,1
22954,1
22955,1
23011,1
23025,1
23062,1
23065,1
23082,1
23090,1
23091,1
23092,1
23093,1
23096,1
23134,1
23140,1
23154,1
23156,1
23160,1
23164,1
23166,1
23187,1
23198,1
23199,1
23206,1
23219,1
23239,1
23240,1
23247,1
23249,1
23256,1
23258,1
23260,1
23319,1
23341,1
23354,1
23358,1
23370,1
23372,1
23502,1
23505,1
23510,1
23530,1
23543,1
23575,1
23581,1
23583,1
23595,1
23596,1
23604,1
23617,1
23667,1
23676,1
23688,1
23691,1
23702,1
23709,1
23710,1
23719,1
23739,1
23743,1
23748,1
23754,1
23757,1
23770,1
23812,1
23829,1
23852,1
23861,1
23870,1
23893,1
23894,1
23900,1
23901,1
23904,1
23920,1
23921,1
23928,1
23934,1
23935,1
23944,1
23974,1
23976,1
23979,1
23980,1
23993,1
24000,1
24005,1
24019,1
24045,1
24053,1
24065,1
24079,1
24082,1
24088,1
24129,1
24131,1
24200,1
24223,1
24243,1
24249,1
24267,1
24270,1
24295,1
24302,1
24333,1
24356,1
24372,1
24374,1
24384,1
24397,1
24469,1
24491,1
24504,1
24552,1
24553,1
24559,1
24572,1
24607,1
24614,1
24625,1
24638,1
24639,1
24652,1
24705,1
24707,1
24715,1
24741,1
24756,1
24759,1
24762,1
24769,1
24778,1
24779,1
24788,1
24791,1
24804,1
24810,1
24814,1
24815,1
24860,1
24893,1
24901,1
24909,1
24928,1
24939,1
24953,1
24978,1
24980,1
24981,1
24982,1
25002,1
25019,1
25039,1
25042,1
25077,1
25099,1
25109,1
25118,1
25132,1
25146,1
25172,1
25180,1
25184,1
25191,1
25205,1
25222,1
25231,1
25270,1
25291,1
25319,1
25322,1
25341,1
25359,1
25364,1
25396,1
25428,1
25453,1
25469,1
25472,1
25488,1
25515,1
25519,1
25524,1
25527,1
25541,1
25556,1
25559,1
25576,1
25577,1
25579,1
25602,1
25604,1
25637,1
25642,1
25652,1
25661,1
25681,1
25695,1
25712,1
25730,1
25733,1
25743,1
25744,1
25749,1
25768,1
25803,1
25823,1
25824,1
25833,1
25841,1
25847,1
25874,1
25892,1
25906,1
25947,1
25978,1
26003,1
26025,1
26030,1
26038,1
26046,1
26054,1
26064,1
26069,1
26077,1
26079,1
26103,1
26115,1
26116,1
26176,1
26188,1
26192,1
26204,1
26208,1
26209,1
26221,1
26233,1
26236,1
26238,1
26246,1
26266,1
26275,1
26279,1
26289,1
26291,1
26312,1
26319,1
26327,1
26373,1
26403,1
26409,1
26423,1
26433,1
26484,1
26489,1
26490,1
26506,1
26521,1
26523,1
26536,1
26537,1
26542,1
26546,1
26549,1
26554,1
26555,1
26560,1
26562,1
26585,1
26592,1
26610,1
26614,1
26625,1
26634,1
26655,1
26661,1
26667,1
26677,1
26724,1
26729,1
26733,1
26738,1
26745,1
26750,1
26752,1
26760,1
26779,1
26796,1
26821,1
26823,1
26861,1
26881,1
26886,1
26887,1
26938,1
26942,1
26944,1
26947,1
26958,1
26959,1
26961,1
26992,1
26993,1
27011,1
27013,1
27017,1
27020,1
27026,1
27033,1
27038,1
27040,1
27059,1
27062,1
27068,1
27080,1
27089,1
27098,1
27106,1
27111,1
27120,1
27122,1
27132,1
27145,1
27149,1
27154,1
27181,1
27188,1
27206,1
27215,1
27217,1
27222,1
27238,1
27242,1
27249,1
27252,1
27259,1
27260,1
27279,1
27283,1
27291,1
27297,1
27309,1
27324,1
27332,1
27334,1
27367,1
27372,1
27379,1
27383,1
27409,1
27421,1
27429,1
27455,1
27465,1
27466,1
27483,1
27536,1
27617,1
27622,1
27633,1
27645,1
27650,1
27681,1
27682,1
27715,1
27753,1
27755,1
27759,1
27789,1
27791,1
27817,1
27820,1
27828,1
27843,1
27845,1
27847,1
27857,1
27858,1
27870,1
27911,1
27939,1
27955,1
27967,1
27976,1
27980,1
28001,1
28002,1
28005,1
28013,1
28016,1
28018,1
28032,1
28050,1
28064,1
28067,1
28068,1
28088,1
28106,1
28127,1
28128,1
28177,1
28202,1
28262,1
28277,1
28279,1
28291,1
28296,1
28300,1
28313,1
28336,1
28343,1
28384,1
28397,1
28398,1
28406,1
28413,1
28427,1
28428,1
28430,1
28438,1
28441,1
28445,1
28453,1
28461,1
28484,1
28490,1
28491,1
28495,1
28499,1
28512,1
28534,1
28536,1
28544,1
28561,1
28575,1
28584,1
28585,1
28587,1
28592,1
28596,1
28603,1
28626,1
28646,1
28658,1
28659,1
28660,1
28692,1
28705,1
28721,1
28740,1
28744,1
28758,1
28770,1
28777,1
28800,1
28816,1
28828,1
28861,1
28873,1
28905,1
28908,1
28916,1
28923,1
28927,1
28951,1
28960,1
28980,1
28994,1
28995,1
29015,1
29026,1
29042,1
29043,1
29049,1
29065,1
29073,1
29078,1
29127,1
29131,1
29135,1
29148,1
29152,1
29169,1
29173,1
29203,1
29213,1
29215,1
29219,1
29227,1
29263,1
29267,1
29268,1
29297,1
29308,1
29310,1
29311,1
29322,1
29355,1
29374,1
29430,1
29437,1
29439,1
29452,1
29459,1
29461,1
29466,1
29489,1
29516,1
29517,1
29527,1
29542,1
29566,1
29568,1
29585,1
29608,1
29610,1
29648,1
29651,1
29666,1
29681,1
29695,1
29711,1
29712,1
29732,1
29737,1
29741,1
29745,1
29753,1
29766,1
29784,1
29793,1
29828,1
29829,1
29832,1
29837,1
29838,1
29849,1
29850,1
29866,1
29868,1
29871,1
29878,1
29879,1
29880,1
29897,1
29907,1
29954,1
29959,1
29965,1
29975,1
30013,1
30014,1
30042,1
30047,1
30049,1
30056,1
30061,1
30096,1
30100,1
30105,1
30128,1
30150,1
30154,1
30195,1
30204,1
30207,1
30209,1
30218,1
30230,1
30242,1
30250,1
30259,1
30261,1
30272,1
30275,1
30304,1
30308,1
30309,1
30312,1
30326,1
30339,1
30353,1
30381,1
30389,1
30391,1
30396,1
30412,1
30434,1
30440,1
30447,1
30459,1
30466,1
30485,1
30488,1
30501,1
30511,1
30516,1
30529,1
30534,1
30556,1
30567,1
30570,1
30571,1
30578,1
30580,1
30589,1
30592,1
30617,1
30639,1
30650,1
30654,1
30673,1
30677,1
30682,1
30700,1
30705,1
30714,1
30716,1
30717,1
30729,1
30751,1
30779,1
30782,1
30783,1
30791,1
30807,1
30818,1
30824,1
30834,1
30835,1
30873,1
30874,1
30877,1
30884,1
30892,1
30899,1
30948,1
30955,1
30963,1
30966,1
30976,1
30999,1
31005,1
31039,1
31044,1
31046,1
31092,1
31106,1
31111,1
31120,1
31137,1
31160,1
31164,1
31174,1
31176,1
31188,1
31197,1
31205,1
31244,1
31266,1
31267,1
31268,1
31294,1
31301,1
31304,1
31306,1
31321,1
31322,1
31325,1
31335,1
31336,1
31340,1
31385,1
31409,1
31427,1
31430,1
31448,1
31460,1
31512,1
31582,1
31593,1
31603,1
31608,1
31611,1
31614,1
31618,1
31620,1
31622,1
31626,1
31635,1
31654,1
31657,1
31662,1
31704,1
31707,1
31714,1
31727,1
31735,1
31750,1
31765,1
31769,1
31792,1
31797,1
31801,1
31815,1
31823,1
31828,1
31830,1
31834,1
31836,1
31851,1
31858,1
31871,1
31874,1
31875,1
31876,1
31910,1
31913,1
31935,1
31945,1
31976,1
31984,1
32003,1
32015,1
32028,1
32062,1
32071,1
32083,1
32120,1
32129,1
32140,1
32175,1
32192,1
32195,1
32197,1
32204,1
32205,1
32228,1
32263,1
32272,1
32282,1
32307,1
32325,1
32339,1
32349,1
32357,1
32359,1
32374,1
32385,1
32390,1
32391,1
32394,1
32410,1
32416,1
32419,1
32420,1
32465,1
32474,1
32481,1
32491,1
32496,1
32512,1
32517,1
32518,1
32529,1
32531,1
32533,1
32538,1
32540,1
32545,1
32547,1
32549,1
32553,1
32560,1
32565,1
32584,1
32610,1
32616,1
32641,1
32665,1
32669,1
32730,1
32739,1
32758,1
32767,1
32781,1
32814,1
32820,1
32821,1
32824,1
32825,1
32826,1
32836,1
32839,1
32840,1
32847,1
32848,1
32849,1
32850,1
32855,1
32864,1
32868,1
32869,1
32872,1
32885,1
32889,1
32890,1
32939,1
32944,1
32958,1
32975,1
32999,1
33011,1
33022,1
33027,1
33039,1
33040,1
33047,1
33063,1
33068,1
33087,1
33100,1
33127,1
33129,1
33134,1
33135,1
33140,1
33157,1
33163,1
33171,1
33176,1
33220,1
33233,1
33234,1
33243,1
33248,1
33270,1
33281,1
33283,1
33305,1
33315,1
33317,1
33330,1
33357,1
33383,1
33415,1
33417,1
33432,1
33448,1
33456,1
33493,1
33500,1
33506,1
33526,1
33535,1
33543,1
33549,1
33563,1
33566,1
33568,1
33572,1
33575,1
33594,1
33596,1
33608,1
33613,1
33632,1
33653,1
33667,1
33684,1
33696,1
33703,1
33704,1
33705,1
33709,1
33717,1
33722,1
33723,1
33724,1
33748,1
33788,1
33790,1
33845,1
33849,1
33856,1
33861,1
33864,1
33874,1
33877,1
33887,1
33908,1
33932,1
33941,1
33953,1
33959,1
33971,1
33991,1
34000,1
34006,1
34022,1
34035,1
34042,1
34047,1
34061,1
34136,1
34149,1
34170,1
34171,1
34177,1
34185,1
34189,1
34204,1
34228,1
34233,1
34242,1
34250,1
34258,1
34278,1
34280,1
34285,1
34291,1
34304,1
34316,1
34320,1
34329,1
34334,1
34340,1
34360,1
34372,1
34390,1
34421,1
34443,1
34445,1
34461,1
34464,1
34472,1
34479,1
34489,1
34510,1
34526,1
34573,1
34574,1
34583,1
34608,1
34614,1
34626,1
34627,1
34660,1
34687,1
34693,1
34707,1
34708,1
34718,1
34726,1
34731,1
34735,1
34754,1
34782,1
34787,1
34819,1
34826,1
34831,1
34835,1
34838,1
34854,1
34856,1
34878,1
34881,1
34884,1
34885,1
34889,1
34902,1
34918,1
34929,1
34948,1
34960,1
34977,1
35006,1
35011,1
35012,1
35042,1
35044,1
35055,1
35056,1
35068,1
35073,1
35083,1
35117,1
35120,1
35121,1
35137,1
35144,1
35176,1
35180,1
35195,1
35210,1
35223,1
35224,1
35228,1
35231,1
35253,1
35256,1
35274,1
35280,1
35293,1
35295,1
35301,1
35312,1
35318,1
35329,1
35343,1
35366,1
35384,1
35391,1
35400,1
35409,1
35414,1
35450,1
35482,1
35520,1
35529,1
35536,1
35552,1
35630,1
35632,1
35633,1
35652,1
35682,1
35694,1
35697,1
35708,1
35714,1
35744,1
35746,1
35748,1
35773,1
35785,1
35796,1
35806,1
35814,1
35817,1
35819,1
35826,1
35865,1
35867,1
35894,1
35926,1
35952,1
35954,1
35958,1
35959,1
35964,1
35973,1
35988,1
35996,1
35999,1
36025,1
36054,1
36057,1
36076,1
36078,1
36083,1
36085,1
36088,1
36090,1
36114,1
36122,1
36127,1
36138,1
36139,1
36144,1
36145,1
36146,1
36155,1
36167,1
36172,1
36179,1
36204,1
36206,1
36222,1
36225,1
36273,1
36301,1
36302,1
36323,1
36331,1
36337,1
36342,1
36347,1
36348,1
36357,1
36372,1
36373,1
36391,1
36393,1
36413,1
36454,1
36461,1
36463,1
36513,1
36538,1
36547,1
36552,1
36564,1
36596,1
36608,1
36612,1
36647,1
36662,1
36673,1
36675,1
36700,1
36702,1
36725,1
36735,1
36761,1
36775,1
36777,1
36779,1
36826,1
36847,1
36853,1
36863,1
36904,1
36912,1
36918,1
36922,1
36931,1
36932,1
36934,1
36968,1
36982,1
36997,1
37023,1
37064,1
37071,1
37078,1
37081,1
37083,1
37094,1
37127,1
37132,1
37134,1
37135,1
37137,1
37147,1
37156,1
37160,1
37163,1
37166,1
37179,1
37207,1
37241,1
37243,1
37245,1
37258,1
37265,1
37267,1
37301,1
37314,1
37330,1
37337,1
37343,1
37363,1
37367,1
37375,1
37380,1
37387,1
37404,1
37411,1
37414,1
37433,1
37441,1
37446,1
37448,1
37454,1
37457,1
37466,1
37469,1
37477,1
37484,1
37511,1
37513,1
37514,1
37554,1
37585,1
37591,1
37593,1
37598,1
37617,1
37618,1
37630,1
37645,1
37661,1
37686,1
37724,1
37726,1
37739,1
37753,1
37754,1
37762,1
37770,1
37771,1
37813,1
37831,1
37835,1
37836,1
37843,1
37879,1
37891,1
37932,1
37933,1
37938,1
37953,1
37960,1
37968,1
37980,1
37990,1
37991,1
37997,1
38005,1
38016,1
38017,1
38061,1
38073,1
38082,1
38089,1
38102,1
38109,1
38112,1
38130,1
38152,1
38156,1
38180,1
38194,1
38202,1
38220,1
38240,1
38241,1
38251,1
38256,1
38257,1
38276,1
38284,1
38295,1
38304,1
38305,1
38311,1
38326,1
38333,1
38335,1
38341,1
38342,1
38351,1
38391,1
38396,1
38406,1
38436,1
38440,1
38460,1
38461,1
38516,1
38526,1
38529,1
38559,1
38579,1
38595,1
38600,1
38602,1
38618,1
38661,1
38664,1
38670,1
38672,1
38691,1
38698,1
38700,1
38701,1
38726,1
38744,1
38757,1
38758,1
38796,1
38803,1
38832,1
38840,1
38857,1
38864,1
38865,1
38887,1
38890,1
38895,1
38925,1
38927,1
38938,1
38940,1
39025,1
39037,1
39051,1
39067,1
39072,1
39073,1
39088,1
39092,1
39093,1
39096,1
39100,1
39103,1
39104,1
39112,1
39115,1
39119,1
39122,1
39136,1
39141,1
39193,1
39199,1
39218,1
39226,1
39227,1
39230,1
39232,1
39248,1
39263,1
39266,1
39272,1
39280,1
39285,1
39300,1
39307,1
39309,1
39344,1
39346,1
39354,1
39395,1
39399,1
39426,1
39427,1
39490,1
39496,1
39540,1
39562,1
39563,1
39576,1
39577,1
39578,1
39584,1
39588,1
39591,1
39611,1
39621,1
39634,1
39644,1
39651,1
39659,1
39668,1
39672,1
39715,1
39731,1
39732,1
39734,1
39775,1
39795,1
39809,1
39816,1
39819,1
39827,1
39838,1
39846,1
39861,1
39864,1
39865,1
39886,1
39895,1
39907,1
39927,1
39945,1
39962,1
39969,1
39970,1
39971,1
39996,1
39998,1
40014,1
40020,1
40022,1
40024,1
40031,1
40039,1
40053,1
40055,1
40057,1
40058,1
40059,1
40069,1
40074,1
40091,1
40095,1
40119,1
40131,1
40132,1
40156,1
40157,1
40161,1
40166,1
40176,1
40213,1
40220,1
40222,1
40224,1
40235,1
40236,1
40265,1
40275,1
40276,1
40292,1
40297,1
40322,1
40353,1
40369,1
40384,1
40427,1
40440,1
40444,1
40445,1
40455,1
40459,1
40501,1
40502,1
40524,1
40529,1
40536,1
40567,1
40574,1
40576,1
40579,1
40619,1
40621,1
40624,1
40656,1
40659,1
40669,1
40713,1
40715,1
40729,1
40731,1
40737,1
40769,1
40799,1
40812,1
40816,1
40818,1
40821,1
40830,1
40856,1
40865,1
40866,1
40981,1
41259,1
42332,1
42563,1
42564,1
42565,1
42574,1
42575,1
42578,1
42579,1
42590,1
42592,1
42593,1
42600,1
42602,1
42603,1
42604,1
42626,1
42627,1
42632,1
42633,1
42648,1
42787,1
42789,1
42793,1
42794,1
42796,1
42798,1
42799,1
42802,1
42809,1
42894,1
43006,1
43008,1
43039,1
43044,1
43074,1
43075,1
43078,1
43082,1
43086,1
43091,1
43097,1
43099,1
43532,1
43547,1
43561,1
43596,1
43970,1
43971,1
43975,1
43999,1
44003,1
44004,1
44009,1
44038,1
44043,1
44044,1
44045,1
44046,1
44062,1
44063,1
44065,1
44066,1
44069,1
44070,1
44071,1
44072,1
44073,1
44074,1
44075,1
44078,1
44082,1
44083,1
44084,1
44085,1
44087,1
44090,1
44091,1
44093,1
44094,1
44095,1
44097,1
44098,1
44099,1
44100,1
44101,1
44102,1
44103,1
44105,1
44106,1
44108,1
44110,1
44111,1
44112,1
44114,1
44115,1
44117,1
44118,1
44119,1
44121,1
44122,1
44123,1
44124,1
44125,1
44126,1
44127,1
44128,1
44129,1
44130,1
44131,1
44132,1
44133,1
44134,1
44135,1
44136,1
44137,1
44138,1
44139,1
44140,1
44141,1
44142,1
44143,1
44147,1
44149,1
44150,1
44153,1
44155,1
44156,1
44157,1
44158,1
44159,1
44168,1
44174,1
44175,1
44177,1
44178,1
44179,1
44181,1
44182,1
44183,1
44184,1
44185,1
44186,1
44187,1
44190,1
44194,1
44196,1
44197,1
44198,1
44199,1
44203,1
44205,1
44206,1
44209,1
44210,1
44211,1
44212,1
44213,1
44214,1
44215,1
44218,1
44222,1
44224,1
44227,1
44229,1
44230,1
44231,1
44233,1
44234,1
44235,1
44237,1
44238,1
44239,1
44240,1
44241,1
44242,1
44243,1
44244,1
44245,1
44246,1
44250,1
44251,1
44252,1
44253,1
44254,1
44255,1
44258,1
44259,1
44261,1
44262,1
44267,1
44269,1
44270,1
44276,1
44280,1
44283,1
44286,1
44287,1
44291,1
44293,1
44294,1
44295,1
44296,1
44297,1
44298,1
44299,1
44302,1
44304,1
44306,1
44307,1
44308,1
44310,1
44314,1
44315,1
44317,1
44319,1
44320,1
44321,1
44322,1
44323,1
44324,1
44325,1
44326,1
44327,1
44328,1
44329,1
44330,1
44331,1
44332,1
44334,1
44335,1
44336,1
44337,1
44338,1
44339,1
44342,1
44343,1
44345,1
44346,1
44347,1
44349,1
44350,1
44351,1
44352,1
44353,1
44354,1
44355,1
44357,1
44358,1
44360,1
44362,1
44363,1
44364,1
44365,1
44366,1
44367,1
44370,1
44371,1
44373,1
44374,1
44375,1
44377,1
44378,1
44379,1
44380,1
44381,1
44382,1
44383,1
44385,1
44386,1
44388,1
44391,1
44392,1
44394,1
44395,1
44398,1
44399,1
44401,1
44402,1
44408,1
44409,1
44410,1
44414,1
44416,1
44420,1
44422,1
44426,1
44427,1
44429,1
44433,1
44434,1
44435,1
44436,1
44437,1
44438,1
44439,1
44441,1
44442,1
44443,1
44446,1
44447,1
44450,1
44451,1
44454,1
44455,1
44457,1
44458,1
44459,1
44461,1
44462,1
44463,1
44464,1
44465,1
44466,1
44467,1
44469,1
44470,1
44472,1
44473,1
44474,1
44475,1
44476,1
44477,1
44478,1
44479,1
44482,1
44483,1
44485,1
44486,1
44487,1
44489,1
44490,1
44491,1
44492,1
44493,1
44494,1
44495,1
44498,1
44500,1
44501,1
44503,1
44504,1
44505,1
44506,1
44507,1
44510,1
44511,1
44513,1
44515,1
44517,1
44518,1
44519,1
44520,1
44521,1
44522,1
44523,1
44525,1
44526,1
44528,1
44530,1
44531,1
44532,1
44533,1
44534,1
44535,1
44538,1
44539,1
44541,1
44542,1
44546,1
44547,1
44548,1
44549,1
44554,1
44556,1
44558,1
44559,1
44560,1
44562,1
44565,1
44566,1
44567,1
44569,1
44570,1
44571,1
44573,1
44574,1
44575,1
44576,1
44577,1
44578,1
44579,1
44580,1
44581,1
44582,1
44584,1
44585,1
44587,1
44588,1
44589,1
44590,1
44591,1
44594,1
44595,1
44597,1
44598,1
44601,1
44603,1
44604,1
44605,1
44607,1
44615,1
44623,1
44625,1
44626,1
44629,1
44631,1
44632,1
44633,1
44634,1
44635,1
44638,1
44643,1
44646,1
44647,1
44650,1
44651,1
44653,1
44654,1
44657,1
44658,1
44659,1
44660,1
44661,1
44662,1
44663,1
44666,1
44670,1
44671,1
44672,1
44673,1
44674,1
44675,1
44678,1
44679,1
44680,1
44681,1
44682,1
44683,1
44685,1
44686,1
44687,1
44688,1
44689,1
44690,1
44691,1
44692,1
44693,1
44694,1
44695,1
44696,1
44698,1
44699,1
44700,1
44701,1
44702,1
44703,1
44705,1
44706,1
44707,1
44709,1
44710,1
44711,1
44712,1
44713,1
44714,1
44715,1
44716,1
44717,1
44718,1
44719,1
44720,1
44721,1
44722,1
44723,1
44724,1
44725,1
44726,1
44727,1
44728,1
44729,1
44730,1
44731,1
44735,1
44737,1
44738,1
44739,1
44741,1
44742,1
44743,1
44744,1
44745,1
44746,1
44747,1
44750,1
44754,1
44755,1
44756,1
44757,1
44758,1
44759,1
44762,1
44763,1
44765,1
44766,1
44767,1
44769,1
44770,1
44771,1
44772,1
44773,1
44774,1
44775,1
44778,1
44782,1
44783,1
44784,1
44785,1
44786,1
44787,1
44789,1
44791,1
44793,1
44794,1
44795,1
44797,1
44798,1
44799,1
44800,1
44801,1
44802,1
44803,1
44804,1
44805,1
44806,1
44809,1
44810,1
44811,1
44812,1
44814,1
44815,1
44817,1
44818,1
44819,1
44820,1
44821,1
44822,1
44823,1
44824,1
44825,1
44826,1
44827,1
44828,1
44829,1
44830,1
44831,1
44832,1
44833,1
44834,1
44835,1
44836,1
44837,1
44838,1
44839,1
44840,1
44841,1
44842,1
44843,1
44846,1
44847,1
44849,1
44850,1
44853,1
44854,1
44855,1
44856,1
44857,1
44858,1
44859,1
44862,1
44864,1
44868,1
44871,1
44874,1
44875,1
44877,1
44878,1
44879,1
44881,1
44882,1
44883,1
44884,1
44885,1
44886,1
44887,1
44888,1
44889,1
44890,1
44892,1
44894,1
44895,1
44896,1
44897,1
44898,1
44899,1
44903,1
44905,1
44906,1
44907,1
44908,1
44909,1
44910,1
44911,1
44912,1
44913,1
44914,1
44915,1
44916,1
44917,1
44918,1
44919,1
44920,1
44922,1
44923,1
44924,1
44925,1
44926,1
44927,1
44929,1
44930,1
44931,1
44933,1
44934,1
44935,1
44937,1
44938,1
44939,1
44940,1
44941,1
44942,1
44943,1
44945,1
44946,1
44947,1
44948,1
44950,1
44951,1
44952,1
44953,1
44954,1
44955,1
44957,1
44958,1
44959,1
44960,1
44961,1
44962,1
44963,1
44964,1
44965,1
44966,1
44967,1
44968,1
44969,1
44970,1
44971,1
44972,1
44973,1
44974,1
44975,1
44976,1
44978,1
44979,1
44980,1
44981,1
44982,1
44983,1
44986,1
44987,1
44989,1
44990,1
44993,1
44995,1
44996,1
44997,1
44998,1
45002,1
45004,1
45008,1
45009,1
45010,1
45011,1
45014,1
45015,1
45017,1
45018,1
45019,1
45020,1
45021,1
45022,1
45023,1
45024,1
45025,1
45026,1
45027,1
45028,1
45029,1
45030,1
45031,1
45034,1
45035,1
45036,1
45037,1
45038,1
45039,1
45042,1
45043,1
45045,1
45046,1
45047,1
45049,1
45050,1
45051,1
45052,1
45053,1
45054,1
45055,1
45057,1
45058,1
45059,1
45060,1
45061,1
45062,1
45063,1
45064,1
45065,1
45066,1
45067,1
45070,1
45071,1
45073,1
45074,1
45075,1
45077,1
45078,1
45079,1
45080,1
45081,1
45082,1
45083,1
45086,1
45087,1
45089,1
45090,1
45091,1
45092,1
45093,1
45094,1
45095,1
45097,1
45098,1
45099,1
45100,1
45101,1
45102,1
45103,1
45105,1
45106,1
45107,1
45108,1
45109,1
45110,1
45111,1
45112,1
45113,1
45114,1
45115,1
45116,1
45117,1
45118,1
45119,1
45120,1
45121,1
45122,1
45123,1
45125,1
45127,1
45129,1
45131,1
45135,1
45136,1
45137,1
45138,1
45142,1
45144,1
45146,1
45147,1
45148,1
45150,1
45151,1
45152,1
45153,1
45154,1
45155,1
45156,1
45157,1
45158,1
45159,1
45160,1
45161,1
45162,1
45163,1
45164,1
45165,1
45166,1
45167,1
45169,1
45170,1
45171,1
45172,1
45173,1
45174,1
45175,1
45176,1
45177,1
45178,1
45179,1
45182,1
45183,1
45185,1
45186,1
45187,1
45189,1
45190,1
45191,1
45192,1
45193,1
45194,1
45195,1
45198,1
45200,1
45202,1
45203,1
45204,1
45205,1
45206,1
45207,1
45213,1
45214,1
45220,1
45221,1
45222,1
45223,1
45226,1
45238,1
45239,1
45241,1
45242,1
45245,1
45246,1
45247,1
45248,1
45249,1
45250,1
45251,1
45254,1
45258,1
45259,1
45260,1
45261,1
45262,1
45266,1
45267,1
45269,1
45270,1
45271,1
45273,1
45274,1
45275,1
45276,1
45277,1
45278,1
45279,1
45282,1
45286,1
45287,1
45288,1
45289,1
45290,1
45291,1
45293,1
45294,1
45295,1
45296,1
45297,1
45298,1
45299,1
45300,1
45301,1
45302,1
45303,1
45304,1
45305,1
45306,1
45307,1
45308,1
45309,1
45310,1
45311,1
45314,1
45315,1
45316,1
45317,1
45318,1
45319,1
45322,1
45325,1
45332,1
45333,1
45343,1
45350,1
45351,1
45353,1
45354,1
45357,1
45358,1
45359,1
45360,1
45361,1
45362,1
45363,1
45370,1
45371,1
45372,1
45373,1
45374,1
45375,1
45379,1
45382,1
45385,1
45386,1
45388,1
45389,1
45390,1
45391,1
45394,1
45398,1
45399,1
45402,1
45406,1
45407,1
45409,1
45410,1
45413,1
45414,1
45415,1
45416,1
45417,1
45418,1
45419,1
45421,1
45422,1
45424,1
45426,1
45427,1
45428,1
45429,1
45430,1
45431,1
45434,1
45435,1
45437,1
45438,1
45441,1
45444,1
45445,1
45446,1
45447,1
45450,1
45452,1
45454,1
45455,1
45456,1
45461,1
45462,1
45463,1
45465,1
45466,1
45467,1
45469,1
45470,1
45471,1
45472,1
45473,1
45474,1
45475,1
45476,1
45477,1
45478,1
45482,1
45483,1
45484,1
45485,1
45486,1
45487,1
45489,1
45490,1
45491,1
45492,1
45493,1
45494,1
45495,1
45496,1
45497,1
45498,1
45499,1
45500,1
45501,1
45502,1
45503,1
45504,1
45505,1
45506,1
45507,1
45508,1
45509,1
45510,1
45511,1
45512,1
45513,1
45514,1
45515,1
45518,1
45519,1
45521,1
45522,1
45525,1
45526,1
45527,1
45528,1
45529,1
45530,1
45531,1
45533,1
45534,1
45535,1
45536,1
45537,1
45538,1
45539,1
45540,1
45541,1
45542,1
45543,1
45546,1
45547,1
45549,1
45550,1
45551,1
45553,1
45554,1
45555,1
45556,1
45557,1
45558,1
45559,1
45562,1
45564,1
45566,1
45567,1
45568,1
45569,1
45570,1
45571,1
45574,1
45575,1
45577,1
45578,1
45581,1
45582,1
45583,1
45584,1
45585,1
45586,1
45587,1
45590,1
45592,1
45594,1
45595,1
45596,1
45599,1
45601,1
45602,1
45603,1
45604,1
45605,1
45606,1
45607,1
45609,1
45610,1
45611,1
45612,1
45613,1
45614,1
45615,1
45616,1
45617,1
45618,1
45619,1
45621,1
45622,1
45623,1
45624,1
45625,1
45626,1
45627,1
45629,1
45630,1
45631,1
45632,1
45633,1
45634,1
45635,1
45637,1
45638,1
45639,1
45640,1
45641,1
45642,1
45643,1
45644,1
45645,1
45646,1
45647,1
45648,1
45649,1
45650,1
45651,1
45652,1
45653,1
45654,1
45655,1
45658,1
45659,1
45661,1
45662,1
45663,1
45665,1
45666,1
45667,1
45668,1
45669,1
45670,1
45671,1
45674,1
45676,1
45677,1
45678,1
45679,1
45680,1
45681,1
45682,1
45683,1
45686,1
45687,1
45689,1
45690,1
45693,1
45694,1
45695,1
45696,1
45697,1
45698,1
45699,1
45702,1
45704,1
45706,1
45707,1
45708,1
45709,1
45710,1
45711,1
45715,1
45717,1
45718,1
45723,1
45724,1
45725,1
45726,1
45727,1
45730,1
45732,1
45736,1
45739,1
45741,1
45742,1
45743,1
45745,1
45746,1
45747,1
45749,1
45750,1
45751,1
45752,1
45753,1
45754,1
45755,1
45756,1
45757,1
45758,1
45760,1
45762,1
45763,1
45764,1
45765,1
45766,1
45767,1
45770,1
45771,1
45773,1
45774,1
45778,1
45779,1
45780,1
45781,1
45782,1
45783,1
45786,1
45791,1
45795,1
45799,1
45801,1
45802,1
45808,1
45809,1
45810,1
45814,1
45820,1
45822,1
45826,1
45827,1
45829,1
45830,1
45833,1
45834,1
45835,1
45836,1
45837,1
45838,1
45839,1
45842,1
45846,1
45847,1
45848,1
45849,1
45854,1
45855,1
45857,1
45858,1
45859,1
45861,1
45862,1
45863,1
45864,1
45865,1
45866,1
45867,1
45868,1
45869,1
45870,1
45872,1
45874,1
45875,1
45876,1
45877,1
45878,1
45879,1
45881,1
45882,1
45883,1
45884,1
45885,1
45886,1
45887,1
45888,1
45889,1
45890,1
45891,1
45892,1
45893,1
45894,1
45895,1
45896,1
45897,1
45898,1
45899,1
45900,1
45901,1
45902,1
45903,1
45904,1
45905,1
45906,1
45907,1
45911,1
45914,1
45920,1
45921,1
45922,1
45926,1
45932,1
45938,1
45939,1
45941,1
45942,1
45943,1
45945,1
45946,1
45947,1
45948,1
45949,1
45950,1
45951,1
45954,1
45956,1
45958,1
45959,1
45960,1
45962,1
45966,1
45967,1
45969,1
45970,1
45971,1
45973,1
45974,1
45976,1
45977,1
45978,1
45979,1
45982,1
45983,1
45986,1
45987,1
45988,1
45989,1
45993,1
45994,1
45995,1
45997,1
45998,1
45999,1
46001,1
46002,1
46003,1
46004,1
46005,1
46006,1
46007,1
46008,1
46009,1
46010,1
46011,1
46012,1
46013,1
46014,1
46015,1
46016,1
46017,1
46018,1
46019,1
46022,1
46023,1
46025,1
46026,1
46031,1
46033,1
46034,1
46038,1
46040,1
46044,1
46046,1
46049,1
46050,1
46051,1
46053,1
46054,1
46055,1
46057,1
46058,1
46059,1
46060,1
46061,1
46062,1
46063,1
46065,1
46066,1
46067,1
46070,1
46071,1
46072,1
46073,1
46074,1
46075,1
46078,1
46079,1
46081,1
46082,1
46085,1
46086,1
46087,1
46088,1
46089,1
46090,1
46091,1
46094,1
46097,1
46099,1
46100,1
46101,1
46102,1
46103,1
46106,1
46107,1
46109,1
46110,1
46111,1
46113,1
46115,1
46116,1
46117,1
46118,1
46119,1
46122,1
46127,1
46128,1
46129,1
46130,1
46131,1
46133,1
46134,1
46135,1
46137,1
46138,1
46139,1
46141,1
46142,1
46143,1
46144,1
46145,1
46146,1
46147,1
46150,1
46151,1
46152,1
46154,1
46155,1
46156,1
46157,1
46158,1
46162,1
46163,1
46165,1
46166,1
46169,1
46171,1
46172,1
46173,1
46174,1
46178,1
46180,1
46182,1
46184,1
46185,1
46186,1
46187,1
46189,1
46190,1
46191,1
46193,1
46195,1
46197,1
46198,1
46199,1
46200,1
46201,1
46202,1
46203,1
46204,1
46205,1
46206,1
46210,1
46211,1
46212,1
46213,1
46214,1
46215,1
46217,1
46218,1
46219,1
46220,1
46221,1
46222,1
46223,1
46224,1
46225,1
46226,1
46227,1
46228,1
46229,1
46230,1
46231,1
46232,1
46233,1
46234,1
46235,1
46236,1
46238,1
46239,1
46240,1
46241,1
46242,1
46243,1
46246,1
46247,1
46249,1
46250,1
46253,1
46254,1
46255,1
46256,1
46257,1
46258,1
46259,1
46262,1
46266,1
46267,1
46268,1
46269,1
46270,1
46271,1
46274,1
46275,1
46277,1
46278,1
46279,1
46281,1
46282,1
46283,1
46284,1
46285,1
46286,1
46287,1
46289,1
46290,1
46291,1
46292,1
46294,1
46295,1
46296,1
46297,1
46298,1
46299,1
46302,1
46303,1
46305,1
46306,1
46312,1
46313,1
46314,1
46318,1
46320,1
46322,1
46323,1
46324,1
46326,1
46330,1
46331,1
46333,1
46334,1
46335,1
46337,1
46338,1
46339,1
46340,1
46341,1
46342,1
46343,1
46345,1
46346,1
46347,1
46348,1
46349,1
46350,1
46351,1
46352,1
46353,1
46354,1
46355,1
46358,1
46359,1
46361,1
46362,1
46365,1
46366,1
46367,1
46368,1
46369,1
46370,1
46371,1
46374,1
46380,1
46386,1
46387,1
46389,1
46390,1
46394,1
46395,1
46396,1
46397,1
46398,1
46399,1
46402,1
46406,1
46407,1
46408,1
46409,1
46410,1
46414,1
46415,1
46417,1
46418,1
46419,1
46421,1
46422,1
46423,1
46424,1
46425,1
46426,1
46427,1
46430,1
46434,1
46435,1
46436,1
46437,1
46438,1
46439,1
46441,1
46442,1
46443,1
46444,1
46445,1
46446,1
46447,1
46448,1
46449,1
46450,1
46451,1
46452,1
46453,1
46454,1
46455,1
46457,1
46458,1
46459,1
46460,1
46462,1
46463,1
46464,1
46465,1
46466,1
46467,1
46469,1
46470,1
46471,1
46473,1
46474,1
46475,1
46476,1
46477,1
46478,1
46479,1
46480,1
46481,1
46482,1
46483,1
46484,1
46485,1
46486,1
46487,1
46490,1
46491,1
46492,1
46493,1
46494,1
46495,1
46499,1
46503,1
46505,1
46508,1
46509,1
46510,1
46514,1
46518,1
46519,1
46520,1
46521,1
46522,1
46526,1
46527,1
46529,1
46530,1
46531,1
46533,1
46534,1
46535,1
46536,1
46537,1
46538,1
46539,1
46541,1
46542,1
46546,1
46547,1
46548,1
46549,1
46550,1
46551,1
46553,1
46554,1
46555,1
46557,1
46558,1
46559,1
46560,1
46561,1
46562,1
46563,1
46564,1
46565,1
46566,1
46567,1
46568,1
46569,1
46570,1
46571,1
46573,1
46574,1
46575,1
46576,1
46577,1
46578,1
46579,1
46581,1
46582,1
46583,1
46585,1
46586,1
46587,1
46589,1
46590,1
46591,1
46592,1
46593,1
46594,1
46595,1
46597,1
46598,1
46599,1
46600,1
46602,1
46603,1
46604,1
46605,1
46606,1
46607,1
46610,1
46611,1
46613,1
46614,1
46615,1
46617,1
46618,1
46619,1
46620,1
46621,1
46622,1
46623,1
46626,1
46628,1
46630,1
46631,1
46632,1
46633,1
46634,1
46637,1
46638,1
46639,1
46640,1
46641,1
46642,1
46643,1
46644,1
46645,1
46646,1
46647,1
46648,1
46649,1
46650,1
46651,1
46652,1
46653,1
46654,1
46655,1
46656,1
46657,1
46658,1
46659,1
46660,1
46661,1
46662,1
46663,1
46665,1
46666,1
46667,1
46668,1
46669,1
46670,1
46671,1
46672,1
46673,1
46674,1
46675,1
46676,1
46678,1
46679,1
46680,1
46681,1
46682,1
46683,1
46684,1
46685,1
46686,1
46687,1
46688,1
46690,1
46691,1
46693,1
46694,1
46695,1
46697,1
46698,1
46699,1
46701,1
46702,1
46703,1
46704,1
46705,1
46706,1
46707,1
46708,1
46709,1
46710,1
46711,1
46712,1
46713,1
46714,1
46715,1
46716,1
46717,1
46718,1
46719,1
46720,1
46721,1
46722,1
46723,1
46724,1
46725,1
46726,1
46727,1
46728,1
46729,1
46730,1
46731,1
46732,1
46733,1
46734,1
46735,1
46736,1
46737,1
46738,1
46739,1
46740,1
46742,1
46743,1
46744,1
46745,1
46746,1
46747,1
46750,1
46751,1
46753,1
46754,1
46757,1
46760,1
46761,1
46762,1
46766,1
46768,1
46770,1
46771,1
46772,1
46773,1
46774,1
46777,1
46778,1
46779,1
46781,1
46782,1
46783,1
46784,1
46785,1
46786,1
46787,1
46788,1
46789,1
46790,1
46791,1
46792,1
46793,1
46794,1
46795,1
46796,1
46797,1
46798,1
46799,1
46800,1
46801,1
46802,1
46803,1
46805,1
46806,1
46807,1
46808,1
46809,1
46810,1
46811,1
46812,1
46813,1
46814,1
46815,1
46816,1
46817,1
46818,1
46819,1
46820,1
46821,1
46822,1
46823,1
46824,1
46825,1
46826,1
46827,1
46828,1
46829,1
46830,1
46831,1
46833,1
46834,1
46835,1
46837,1
46838,1
46839,1
46841,1
46842,1
46843,1
46844,1
46845,1
46846,1
46847,1
46850,1
46851,1
46852,1
46853,1
46854,1
46855,1
46856,1
46857,1
46858,1
46859,1
46861,1
46862,1
46863,1
46864,1
46865,1
46866,1
46867,1
46868,1
46869,1
46870,1
46871,1
46872,1
46873,1
46874,1
46875,1
46876,1
46877,1
46878,1
46879,1
46880,1
46882,1
46883,1
46884,1
46885,1
46886,1
46887,1
46890,1
46891,1
46893,1
46894,1
46897,1
46898,1
46899,1
46900,1
46901,1
46902,1
46906,1
46908,1
46910,1
46911,1
46912,1
46914,1
46915,1
46918,1
46919,1
46921,1
46922,1
46923,1
46925,1
46926,1
46927,1
46928,1
46929,1
46930,1
46931,1
46934,1
46935,1
46936,1
46937,1
46938,1
46939,1
46940,1
46941,1
46942,1
46943,1
46946,1
46947,1
46949,1
46950,1
46951,1
46953,1
46954,1
46955,1
46956,1
46957,1
46958,1
46959,1
46962,1
46964,1
46966,1
46967,1
46968,1
46969,1
46970,1
46971,1
46974,1
46975,1
46977,1
46978,1
46981,1
46982,1
46983,1
46984,1
46985,1
46986,1
46987,1
46990,1
47002,1
47005,1
47006,1
47009,1
47011,1
47012,1
47013,1
47014,1
47015,1
47018,1
47022,1
47023,1
47025,1
47027,1
47030,1
47031,1
47033,1
47034,1
47035,1
47037,1
47038,1
47039,1
47040,1
47041,1
47042,1
47043,1
47046,1
47050,1
47051,1
47052,1
47053,1
47054,1
47055,1
47057,1
47058,1
47059,1
47061,1
47062,1
47063,1
47065,1
47066,1
47067,1
47068,1
47069,1
47070,1
47071,1
47072,1
47073,1
47074,1
47075,1
47076,1
47077,1
47078,1
47079,1
47080,1
47081,1
47082,1
47083,1
47086,1
47087,1
47089,1
47091,1
47093,1
47094,1
47095,1
47096,1
47097,1
47098,1
47102,1
47109,1
47114,1
47117,1
47118,1
47121,1
47122,1
47123,1
47124,1
47125,1
47126,1
47130,1
47134,1
47135,1
47138,1
47139,1
47142,1
47143,1
47145,1
47146,1
47149,1
47150,1
47151,1
47152,1
47153,1
47154,1
47155,1
47158,1
47163,1
47164,1
47165,1
47166,1
47169,1
47170,1
47171,1
47173,1
47174,1
47175,1
47177,1
47178,1
47179,1
47180,1
47181,1
47182,1
47183,1
47186,1
47188,1
47190,1
47191,1
47192,1
47193,1
47194,1
47195,1
47198,1
47199,1
47201,1
47202,1
47203,1
47205,1
47206,1
47208,1
47209,1
47210,1
47211,1
47214,1
47216,1
47219,1
47220,1
47221,1
47226,1
47227,1
47229,1
47230,1
47231,1
47233,1
47234,1
47235,1
47236,1
47237,1
47238,1
47239,1
47240,1
47241,1
47242,1
47243,1
47244,1
47246,1
47247,1
47248,1
47249,1
47250,1
47251,1
47253,1
47254,1
47255,1
47256,1
47257,1
47258,1
47259,1
47260,1
47261,1
47262,1
47263,1
47264,1
47265,1
47266,1
47267,1
47268,1
47269,1
47270,1
47271,1
47273,1
47274,1
47275,1
47276,1
47277,1
47278,1
47279,1
47282,1
47283,1
47285,1
47286,1
47287,1
47289,1
47290,1
47291,1
47292,1
47293,1
47294,1
47295,1
47298,1
47299,1
47300,1
47302,1
47303,1
47304,1
47305,1
47306,1
47307,1
47310,1
47311,1
47313,1
47314,1
47315,1
47317,1
47318,1
47319,1
47320,1
47321,1
47322,1
47323,1
47324,1
47326,1
47328,1
47330,1
47331,1
47333,1
47334,1
47335,1
47338,1
47339,1
47341,1
47342,1
47343,1
47345,1
47346,1
47347,1
47348,1
47349,1
47350,1
47351,1
47354,1
47356,1
47358,1
47359,1
47361,1
47362,1
47363,1
47365,1
47366,1
47367,1
47369,1
47370,1
47371,1
47373,1
47374,1
47375,1
47376,1
47377,1
47378,1
47379,1
47381,1
47382,1
47386,1
47387,1
47388,1
47389,1
47390,1
47391,1
47394,1
47395,1
47397,1
47398,1
47399,1
47401,1
47402,1
47403,1
47404,1
47405,1
47406,1
47407,1
47409,1
47410,1
47412,1
47414,1
47415,1
47416,1
47417,1
47418,1
47419,1
47422,1
47423,1
47425,1
47426,1
47427,1
47429,1
47430,1
47431,1
47432,1
47433,1
47434,1
47435,1
47438,1
47442,1
47443,1
47444,1
47445,1
47446,1
47447,1
47450,1
47451,1
47453,1
47454,1
47455,1
47457,1
47458,1
47459,1
47460,1
47461,1
47462,1
47463,1
47466,1
47468,1
47470,1
47471,1
47472,1
47475,1
47478,1
47479,1
47481,1
47482,1
47486,1
47487,1
47488,1
47489,1
47490,1
47491,1
47494,1
47496,1
47499,1
47506,1
47507,1
47508,1
47509,1
47510,1
47511,1
47512,1
47513,1
47514,1
47515,1
47516,1
47517,1
47518,1
47519,1
47521,1
47522,1
47523,1
47524,1
47525,1
47526,1
47527,1
47528,1
47529,1
47530,1
47534,1
47535,1
47537,1
47538,1
47541,1
47542,1
47544,1
47545,1
47546,1
47547,1
47550,1
47554,1
47563,1
47570,1
47571,1
47574,1
47578,1
47590,1
47591,1
47593,1
47594,1
47595,1
47597,1
47598,1
47599,1
47600,1
47601,1
47602,1
47603,1
47606,1
47612,1
47614,1
47615,1
47618,1
47619,1
47621,1
47622,1
47623,1
47625,1
47626,1
47627,1
47628,1
47629,1
47630,1
47631,1
47634,1
47636,1
47638,1
47640,1
47641,1
47642,1
47643,1
47645,1
47646,1
47647,1
47648,1
47649,1
47650,1
47651,1
47652,1
47653,1
47654,1
47655,1
47656,1
47657,1
47658,1
47659,1
47660,1
47661,1
47662,1
47663,1
47664,1
47665,1
47666,1
47667,1
47668,1
47669,1
47670,1
47671,1
47677,1
47678,1
47681,1
47683,1
47684,1
47685,1
47686,1
47687,1
47690,1
47692,1
47696,1
47697,1
47698,1
47702,1
47703,1
47705,1
47706,1
47707,1
47709,1
47710,1
47711,1
47712,1
47713,1
47714,1
47715,1
47718,1
47724,1
47725,1
47726,1
47727,1
47730,1
47731,1
47734,1
47735,1
47737,1
47738,1
47739,1
47740,1
47741,1
47742,1
47743,1
47745,1
47746,1
47752,1
47753,1
47755,1
47757,1
47758,1
47759,1
47761,1
47762,1
47763,1
47765,1
47766,1
47767,1
47768,1
47769,1
47770,1
47771,1
47773,1
47774,1
47775,1
47776,1
47777,1
47778,1
47779,1
47780,1
47781,1
47782,1
47783,1
47789,1
47790,1
47793,1
47794,1
47795,1
47797,1
47798,1
47802,1
47804,1
47806,1
47807,1
47809,1
47813,1
47814,1
47815,1
47817,1
47818,1
47819,1
47820,1
47821,1
47822,1
47823,1
47824,1
47825,1
47826,1
47827,1
47830,1
47831,1
47832,1
47834,1
47835,1
47836,1
47837,1
47838,1
47839,1
47840,1
47841,1
47842,1
47843,1
47844,1
47845,1
47846,1
47847,1
47848,1
47849,1
47850,1
47851,1
47852,1
47853,1
47854,1
47855,1
47856,1
47857,1
47858,1
47859,1
47860,1
47861,1
47862,1
47863,1
47864,1
47865,1
47866,1
47867,1
47870,1
47871,1
47873,1
47874,1
47875,1
47877,1
47878,1
47879,1
47880,1
47881,1
47882,1
47883,1
47885,1
47886,1
47888,1
47890,1
47891,1
47892,1
47893,1
47894,1
47895,1
47898,1
47899,1
47901,1
47902,1
47903,1
47905,1
47906,1
47907,1
47908,1
47909,1
47910,1
47911,1
47913,1
47914,1
47916,1
47920,1
47922,1
47923,1
47927,1
47929,1
47935,1
47936,1
47937,1
47938,1
47939,1
47944,1
47946,1
47948,1
47950,1
47953,1
47954,1
47957,1
47958,1
47962,1
47963,1
47964,1
47965,1
47966,1
47967,1
47968,1
47970,1
47972,1
47974,1
47975,1
47978,1
47979,1
47981,1
47982,1
47983,1
47985,1
47986,1
47987,1
47989,1
47990,1
47991,1
47992,1
47993,1
47994,1
47995,1
47996,1
47997,1
47998,1
47999,1
48000,1
48001,1
48002,1
48003,1
48004,1
48005,1
48006,1
48007,1
48010,1
48011,1
48013,1
48014,1
48015,1
48017,1
48018,1
48019,1
48020,1
48021,1
48022,1
48023,1
48024,1
48025,1
48026,1
48027,1
48028,1
48030,1
48031,1
48032,1
48033,1
48034,1
48035,1
48038,1
48039,1
48041,1
48042,1
48045,1
48047,1
48048,1
48049,1
48050,1
48051,1
48053,1
48054,1
48055,1
48056,1
48059,1
48060,1
48061,1
48062,1
48063,1
48066,1
48067,1
48069,1
48070,1
48071,1
48073,1
48074,1
48075,1
48076,1
48077,1
48078,1
48082,1
48084,1
48086,1
48087,1
48088,1
48089,1
48090,1
48091,1
48093,1
48094,1
48095,1
48097,1
48098,1
48099,1
48100,1
48101,1
48103,1
48104,1
48105,1
48106,1
48107,1
48108,1
48109,1
48110,1
48112,1
48113,1
48114,1
48115,1
48116,1
48117,1
48118,1
48119,1
48122,1
48123,1
48125,1
48129,1
48131,1
48132,1
48133,1
48134,1
48135,1
48138,1
48151,1
48162,1
48166,1
48174,1
48179,1
48181,1
48182,1
48185,1
48186,1
48187,1
48188,1
48189,1
48190,1
48191,1
48194,1
48199,1
48200,1
48203,1
48206,1
48207,1
48209,1
48210,1
48211,1
48214,1
48215,1
48216,1
48217,1
48218,1
48219,1
48221,1
48222,1
48224,1
48226,1
48227,1
48228,1
48229,1
48230,1
48231,1
48233,1
48234,1
48235,1
48236,1
48237,1
48238,1
48239,1
48240,1
48241,1
48242,1
48243,1
48244,1
48245,1
48246,1
48247,1
48248,1
48249,1
48250,1
48251,1
48252,1
48253,1
48254,1
48255,1
48256,1
48257,1
48258,1
48259,1
48262,1
48263,1
48266,1
48269,1
48270,1
48273,1
48274,1
48278,1
48284,1
48286,1
48287,1
48290,1
48291,1
48294,1
48297,1
48298,1
48299,1
48300,1
48301,1
48302,1
48303,1
48306,1
48310,1
48311,1
48312,1
48314,1
48318,1
48319,1
48321,1
48322,1
48325,1
48326,1
48327,1
48328,1
48329,1
48330,1
48331,1
48332,1
48334,1
48338,1
48340,1
48342,1
48343,1
48345,1
48346,1
48347,1
48349,1
48350,1
48351,1
48353,1
48354,1
48355,1
48356,1
48357,1
48358,1
48359,1
48360,1
48361,1
48362,1
48364,1
48365,1
48366,1
48367,1
48368,1
48369,1
48370,1
48371,1
48375,1
48377,1
48378,1
48381,1
48382,1
48384,1
48385,1
48386,1
48387,1
48390,1
48392,1
48394,1
48395,1
48398,1
48399,1
48401,1
48402,1
48403,1
48405,1
48406,1
48407,1
48410,1
48411,1
48412,1
48413,1
48414,1
48415,1
48416,1
48417,1
48418,1
48422,1
48423,1
48424,1
48425,1
48426,1
48427,1
48429,1
48430,1
48431,1
48432,1
48433,1
48434,1
48435,1
48436,1
48437,1
48438,1
48439,1
48440,1
48441,1
48442,1
48443,1
48444,1
48445,1
48446,1
48447,1
48449,1
48450,1
48451,1
48452,1
48453,1
48454,1
48455,1
48458,1
48459,1
48461,1
48462,1
48463,1
48465,1
48466,1
48467,1
48468,1
48469,1
48470,1
48471,1
48474,1
48478,1
48479,1
48480,1
48481,1
48482,1
48483,1
48485,1
48486,1
48487,1
48489,1
48490,1
48491,1
48493,1
48494,1
48495,1
48496,1
48497,1
48498,1
48499,1
48500,1
48501,1
48502,1
48504,1
48506,1
48507,1
48508,1
48509,1
48510,1
48511,1
48514,1
48515,1
48517,1
48518,1
48523,1
48524,1
48525,1
48526,1
48530,1
48535,1
48538,1
48539,1
48541,1
48542,1
48543,1
48545,1
48546,1
48547,1
48549,1
48550,1
48551,1
48552,1
48553,1
48554,1
48555,1
48556,1
48557,1
48558,1
48559,1
48560,1
48561,1
48562,1
48563,1
48566,1
48567,1
48570,1
48571,1
48573,1
48574,1
48575,1
48578,1
48579,1
48580,1
48581,1
48582,1
48583,1
48584,1
48585,1
48586,1
48588,1
48589,1
48590,1
48591,1
48592,1
48593,1
48594,1
48595,1
48598,1
48601,1
48602,1
48603,1
48605,1
48606,1
48608,1
48609,1
48610,1
48611,1
48613,1
48614,1
48616,1
48618,1
48619,1
48620,1
48621,1
48622,1
48623,1
48626,1
48627,1
48629,1
48630,1
48631,1
48633,1
48634,1
48635,1
48636,1
48637,1
48638,1
48639,1
48641,1
48642,1
48644,1
48646,1
48647,1
48648,1
48649,1
48650,1
48651,1
48654,1
48655,1
48657,1
48658,1
48662,1
48663,1
48664,1
48666,1
48667,1
48669,1
48670,1
48672,1
48675,1
48676,1
48678,1
48679,1
48681,1
48682,1
48683,1
48685,1
48686,1
48687,1
48689,1
48690,1
48691,1
48692,1
48693,1
48694,1
48695,1
48697,1
48698,1
48699,1
48700,1
48701,1
48702,1
48703,1
48704,1
48705,1
48706,1
48707,1
48710,1
48711,1
48713,1
48714,1
48719,1
48720,1
48721,1
48722,1
48723,1
48726,1
48728,1
48732,1
48735,1
48738,1
48739,1
48741,1
48742,1
48746,1
48747,1
48748,1
48749,1
48750,1
48751,1
48754,1
48758,1
48759,1
48760,1
48761,1
48762,1
48766,1
48767,1
48769,1
48770,1
48771,1
48773,1
48774,1
48775,1
48776,1
48777,1
48778,1
48779,1
48781,1
48782,1
48786,1
48787,1
48788,1
48789,1
48790,1
48791,1
48794,1
48795,1
48796,1
48797,1
48798,1
48799,1
48800,1
48801,1
48802,1
48803,1
48804,1
48805,1
48806,1
48807,1
48810,1
48811,1
48813,1
48814,1
48815,1
48816,1
48817,1
48818,1
48819,1
48822,1
48823,1
48825,1
48826,1
48827,1
48829,1
48830,1
48831,1
48832,1
48833,1
48834,1
48835,1
48836,1
48837,1
48838,1
48840,1
48842,1
48843,1
48844,1
48845,1
48846,1
48847,1
48850,1
48851,1
48853,1
48854,1
48857,1
48858,1
48859,1
48860,1
48861,1
48862,1
48863,1
48866,1
48870,1
48871,1
48872,1
48874,1
48875,1
48878,1
48879,1
48881,1
48882,1
48883,1
48885,1
48886,1
48887,1
48888,1
48889,1
48890,1
48891,1
48893,1
48894,1
48895,1
48896,1
48898,1
48899,1
48900,1
48901,1
48902,1
48906,1
48907,1
48909,1
48910,1
48911,1
48912,1
48913,1
48914,1
48915,1
48916,1
48917,1
48918,1
48919,1
48921,1
48922,1
48924,1
48926,1
48927,1
48928,1
48929,1
48930,1
48931,1
48933,1
48934,1
48935,1
48936,1
48937,1
48938,1
48939,1
48940,1
48941,1
48942,1
48943,1
48944,1
48945,1
48946,1
48947,1
48948,1
48949,1
48950,1
48951,1
48953,1
48954,1
48955,1
48956,1
48957,1
48958,1
48959,1
48962,1
48963,1
48965,1
48966,1
48967,1
48969,1
48970,1
48971,1
48972,1
48973,1
48974,1
48975,1
48978,1
48980,1
48982,1
48983,1
48984,1
48985,1
48986,1
48987,1
48990,1
48991,1
48992,1
48993,1
48994,1
48995,1
48996,1
48997,1
48998,1
48999,1
49000,1
49001,1
49002,1
49003,1
49004,1
49005,1
49006,1
49007,1
49008,1
49010,1
49011,1
49012,1
49013,1
49014,1
49015,1
49016,1
49017,1
49018,1
49019,1
49020,1
49021,1
49022,1
49023,1
49024,1
49025,1
49026,1
49027,1
49028,1
49029,1
49030,1
49031,1
49032,1
49033,1
49034,1
49035,1
49036,1
49037,1
49038,1
49039,1
49040,1
49041,1
49042,1
49043,1
49044,1
49045,1
49046,1
49047,1
49048,1
49049,1
49050,1
49051,1
49052,1
49053,1
49054,1
49055,1
49056,1
49057,1
49058,1
49059,1
49060,1
49061,1
49062,1
49063,1
49064,1
49065,1
49066,1
49067,1
49068,1
49069,1
49070,1
49071,1
49073,1
49074,1
49075,1
49076,1
49077,1
49078,1
49079,1
49080,1
49081,1
49082,1
49083,1
49084,1
49085,1
49086,1
49087,1
49088,1
49089,1
49090,1
49091,1
49092,1
49094,1
49095,1
49096,1
49097,1
49098,1
49099,1
49102,1
49103,1
49105,1
49106,1
49107,1
49109,1
49110,1
49111,1
49112,1
49113,1
49114,1
49115,1
49118,1
49120,1
49122,1
49123,1
49124,1
49125,1
49126,1
49127,1
49128,1
49129,1
49130,1
49131,1
49132,1
49133,1
49134,1
49135,1
49136,1
49137,1
49138,1
49139,1
49140,1
49141,1
49142,1
49143,1
49144,1
49145,1
49146,1
49147,1
49148,1
49149,1
49150,1
49151,1
49152,1
49153,1
49154,1
49155,1
49156,1
49157,1
49158,1
49159,1
49160,1
49161,1
49162,1
49163,1
49164,1
49165,1
49166,1
49167,1
49168,1
49169,1
49170,1
49171,1
49172,1
49173,1
49174,1
49175,1
49176,1
49177,1
49178,1
49179,1
49180,1
49181,1
49182,1
49183,1
49185,1
49186,1
49187,1
49188,1
49189,1
49190,1
49191,1
49192,1
49193,1
49194,1
49195,1
49196,1
49197,1
49198,1
49199,1
49200,1
49201,1
49202,1
49203,1
49204,1
49205,1
49206,1
49207,1
49208,1
49209,1
49210,1
49211,1
49213,1
49214,1
49215,1
49216,1
49217,1
49218,1
49219,1
49220,1
49221,1
49222,1
49223,1
49224,1
49225,1
49226,1
49227,1
49228,1
49229,1
49230,1
49231,1
49232,1
49233,1
49234,1
49235,1
49236,1
49237,1
49238,1
49239,1
49241,1
49242,1
49243,1
49245,1
49246,1
49247,1
49249,1
49250,1
49251,1
49252,1
49253,1
49254,1
49255,1
49258,1
49259,1
49260,1
49262,1
49263,1
49264,1
49265,1
49266,1
49267,1
49270,1
49271,1
49272,1
49273,1
49274,1
49275,1
49276,1
49277,1
49278,1
49279,1
49280,1
49281,1
49282,1
49283,1
49284,1
49285,1
49286,1
49287,1
49288,1
49289,1
49290,1
49291,1
49292,1
49293,1
49294,1
49295,1
49298,1
49299,1
49301,1
49302,1
49303,1
49305,1
49306,1
49307,1
49309,1
49310,1
49311,1
49314,1
49316,1
49318,1
49320,1
49321,1
49322,1
49323,1
49330,1
49335,1
49336,1
49337,1
49338,1
49342,1
49347,1
49348,1
49355,1
49357,1
49358,1
49361,1
49362,1
49363,1
49364,1
49365,1
49366,1
49367,1
49370,1
49375,1
49376,1
49377,1
49379,1
49382,1
49383,1
49385,1
49386,1
49387,1
49389,1
49390,1
49391,1
49392,1
49393,1
49394,1
49395,1
49398,1
49400,1
49402,1
49403,1
49404,1
49407,1
49410,1
49411,1
49413,1
49414,1
49415,1
49417,1
49418,1
49419,1
49420,1
49421,1
49422,1
49423,1
49425,1
49426,1
49428,1
49430,1
49431,1
49432,1
49433,1
49434,1
49435,1
49439,1
49442,1
49449,1
49450,1
49451,1
49454,1
49459,1
49460,1
49466,1
49467,1
49469,1
49470,1
49473,1
49474,1
49475,1
49476,1
49477,1
49479,1
49482,1
49486,1
49487,1
49488,1
49495,1
49497,1
49498,1
49499,1
49501,1
49502,1
49503,1
49504,1
49505,1
49506,1
49507,1
49510,1
49514,1
49515,1
49516,1
49517,1
49518,1
49519,1
49522,1
49523,1
49525,1
49526,1
49527,1
49529,1
49530,1
49531,1
49532,1
49533,1
49534,1
49535,1
49538,1
49540,1
49542,1
49543,1
49544,1
49545,1
49546,1
49547,1
49554,1
49557,1
49558,1
49559,1
49560,1
49561,1
49562,1
49563,1
49566,1
49568,1
49570,1
49577,1
49578,1
49579,1
49581,1
49582,1
49583,1
49585,1
49586,1
49587,1
49588,1
49589,1
49590,1
49591,1
49592,1
49593,1
49594,1
49596,1
49598,1
49599,1
49600,1
49601,1
49602,1
49603,1
49605,1
49606,1
49607,1
49609,1
49610,1
49611,1
49612,1
49613,1
49614,1
49615,1
49616,1
49617,1
49618,1
49619,1
49620,1
49621,1
49622,1
49625,1
49626,1
49627,1
49628,1
49629,1
49630,1
49631,1
49634,1
49635,1
49637,1
49638,1
49639,1
49641,1
49642,1
49643,1
49644,1
49645,1
49646,1
49647,1
49649,1
49650,1
49652,1
49654,1
49655,1
49656,1
49657,1
49658,1
49659,1
49662,1
49663,1
49665,1
49666,1
49667,1
49669,1
49670,1
49671,1
49672,1
49673,1
49674,1
49675,1
49678,1
49680,1
49682,1
49683,1
49685,1
49687,1
49690,1
49691,1
49693,1
49694,1
49698,1
49699,1
49700,1
49701,1
49702,1
49706,1
49717,1
49718,1
49719,1
49721,1
49722,1
49723,1
49724,1
49725,1
49726,1
49727,1
49728,1
49729,1
49730,1
49731,1
49734,1
49735,1
49738,1
49739,1
49740,1
49741,1
49742,1
49743,1
49746,1
49747,1
49749,1
49750,1
49751,1
49753,1
49754,1
49755,1
49756,1
49757,1
49758,1
49759,1
49762,1
49764,1
49766,1
49767,1
49768,1
49769,1
49771,1
49774,1
49775,1
49777,1
49778,1
49779,1
49781,1
49782,1
49783,1
49784,1
49785,1
49786,1
49787,1
49790,1
49792,1
49794,1
49795,1
49796,1
49797,1
49798,1
49799,1
49802,1
49803,1
49805,1
49806,1
49807,1
49809,1
49810,1
49811,1
49812,1
49813,1
49814,1
49815,1
49818,1
49820,1
49822,1
49824,1
49825,1
49826,1
49827,1
49830,1
49831,1
49833,1
49834,1
49835,1
49838,1
49840,1
49841,1
49842,1
49846,1
49848,1
49850,1
49851,1
49855,1
49858,1
49859,1
49861,1
49862,1
49863,1
49865,1
49866,1
49867,1
49868,1
49869,1
49870,1
49871,1
49873,1
49874,1
49875,1
49876,1
49877,1
49878,1
49879,1
49880,1
49881,1
49882,1
49883,1
49886,1
49887,1
49890,1
49896,1
49897,1
49902,1
49907,1
49911,1
49917,1
49921,1
49923,1
49924,1
49925,1
49926,1
49930,1
49934,1
49935,1
49936,1
49937,1
49938,1
49942,1
49943,1
49945,1
49946,1
49947,1
49949,1
49950,1
49951,1
49952,1
49953,1
49954,1
49955,1
49958,1
49959,1
49960,1
49962,1
49963,1
49964,1
49965,1
49966,1
49967,1
49969,1
49970,1
49971,1
49973,1
49974,1
49975,1
49976,1
49977,1
49978,1
49979,1
49980,1
49981,1
49982,1
49983,1
49984,1
49985,1
49986,1
49987,1
49988,1
49990,1
49991,1
49992,1
49993,1
49994,1
49995,1
49996,1
49998,1
49999,1
50000,1
50001,1
50002,1
50003,1
50004,1
50005,1
50007,1
50008,1
50009,1
50010,1
50011,1
50012,1
50013,1
50014,1
50015,1
50016,1
50017,1
50018,1
50019,1
50020,1
50021,1
50022,1
50023,1
50027,1
50029,1
50030,1
50031,1
50033,1
50034,1
50035,1
50036,1
50037,1
50038,1
50039,1
50042,1
50046,1
50047,1
50048,1
50049,1
50050,1
50054,1
50055,1
50057,1
50058,1
50059,1
50061,1
50062,1
50063,1
50064,1
50065,1
50066,1
50067,1
50070,1
50074,1
50075,1
50076,1
50077,1
50078,1
50079,1
50081,1
50082,1
50083,1
50084,1
50085,1
50086,1
50087,1
50088,1
50089,1
50090,1
50091,1
50092,1
50093,1
50094,1
50095,1
50096,1
50097,1
50098,1
50099,1
50101,1
50102,1
50103,1
50104,1
50105,1
50106,1
50107,1
50109,1
50111,1
50112,1
50113,1
50114,1
50115,1
50117,1
50118,1
50119,1
50120,1
50121,1
50122,1
50123,1
50124,1
50125,1
50126,1
50127,1
50128,1
50129,1
50130,1
50131,1
50132,1
50133,1
50134,1
50135,1
50138,1
50139,1
50142,1
50145,1
50146,1
50147,1
50148,1
50149,1
50150,1
50151,1
50154,1
50156,1
50158,1
50159,1
50160,1
50162,1
50165,1
50166,1
50167,1
50169,1
50170,1
50171,1
50172,1
50173,1
50174,1
50175,1
50176,1
50177,1
50178,1
50179,1
50180,1
50181,1
50182,1
50186,1
50187,1
50188,1
50189,1
50190,1
50191,1
50194,1
50195,1
50196,1
50197,1
50198,1
50199,1
50200,1
50201,1
50202,1
50203,1
50204,1
50205,1
50206,1
50207,1
50208,1
50209,1
50210,1
50211,1
50212,1
50213,1
50214,1
50215,1
50216,1
50217,1
50218,1
50219,1
50221,1
50222,1
50223,1
50225,1
50226,1
50227,1
50229,1
50230,1
50231,1
50232,1
50233,1
50234,1
50235,1
50237,1
50238,1
50239,1
50240,1
50241,1
50242,1
50243,1
50244,1
50245,1
50246,1
50247,1
50249,1
50250,1
50251,1
50252,1
50253,1
50254,1
50255,1
50256,1
50257,1
50258,1
50259,1
50260,1
50261,1
50262,1
50263,1
50264,1
50265,1
50266,1
50267,1
50268,1
50270,1
50271,1
50272,1
50273,1
50274,1
50275,1
50278,1
50279,1
50281,1
50282,1
50283,1
50285,1
50286,1
50287,1
50288,1
50289,1
50290,1
50291,1
50293,1
50294,1
50296,1
50298,1
50299,1
50300,1
50301,1
50302,1
50303,1
50305,1
50306,1
50307,1
50308,1
50309,1
50310,1
50311,1
50312,1
50313,1
50314,1
50315,1
50316,1
50317,1
50318,1
50319,1
50320,1
50321,1
50322,1
50323,1
50324,1
50325,1
50326,1
50327,1
50328,1
50329,1
50330,1
50331,1
50333,1
50334,1
50335,1
50336,1
50337,1
50338,1
50339,1
50340,1
50341,1
50342,1
50343,1
50344,1
50345,1
50346,1
50347,1
50348,1
50349,1
50350,1
50351,1
50352,1
50353,1
50354,1
50355,1
50356,1
50357,1
50358,1
50359,1
50361,1
50362,1
50363,1
50365,1
50366,1
50367,1
50368,1
50369,1
50370,1
50371,1
50372,1
50373,1
50374,1
50375,1
50376,1
50377,1
50378,1
50379,1
50380,1
50381,1
50382,1
50383,1
50384,1
50385,1
50386,1
50387,1
50389,1
50390,1
50391,1
50393,1
50394,1
50395,1
50396,1
50397,1
50398,1
50399,1
50400,1
50401,1
50402,1
50403,1
50404,1
50405,1
50406,1
50407,1
50408,1
50410,1
50411,1
50412,1
50413,1
50414,1
50415,1
50418,1
50419,1
50421,1
50422,1
50423,1
50425,1
50427,1
50428,1
50429,1
50430,1
50434,1
50436,1
50438,1
50439,1
50440,1
50442,1
50443,1
50445,1
50446,1
50447,1
50449,1
50450,1
50451,1
50453,1
50454,1
50455,1
50456,1
50457,1
50458,1
50459,1
50461,1
50462,1
50463,1
50464,1
50465,1
50466,1
50467,1
50468,1
50469,1
50470,1
50471,1
50474,1
50475,1
50477,1
50478,1
50479,1
50481,1
50482,1
50483,1
50484,1
50485,1
50486,1
50487,1
50490,1
50494,1
50495,1
50496,1
50497,1
50498,1
50503,1
50509,1
50512,1
50513,1
50514,1
50530,1
50531,1
50533,1
50534,1
50537,1
50538,1
50539,1
50540,1
50541,1
50542,1
50543,1
50546,1
50551,1
50552,1
50555,1
50558,1
50559,1
50561,1
50568,1
50571,1
50574,1
50578,1
50579,1
50580,1
50585,1
50586,1
50587,1
50589,1
50590,1
50591,1
50593,1
50594,1
50595,1
50596,1
50597,1
50598,1
50599,1
50602,1
50606,1
50607,1
50608,1
50609,1
50610,1
50611,1
50615,1
50623,1
50624,1
50625,1
50626,1
50627,1
50635,1
50639,1
50642,1
50643,1
50645,1
50646,1
50649,1
50650,1
50651,1
50653,1
50654,1
50655,1
50658,1
50662,1
50663,1
50664,1
50665,1
50667,1
50673,1
50674,1
50680,1
50682,1
50683,1
50690,1
50698,1
50699,1
50701,1
50702,1
50705,1
50706,1
50707,1
50708,1
50709,1
50710,1
50711,1
50714,1
50718,1
50719,1
50720,1
50721,1
50722,1
50723,1
50726,1
50727,1
50729,1
50730,1
50737,1
50742,1
50748,1
50754,1
50755,1
50757,1
50758,1
50761,1
50762,1
50763,1
50764,1
50765,1
50766,1
50767,1
50770,1
50774,1
50775,1
50777,1
50778,1
50779,1
50782,1
50783,1
50785,1
50786,1
50787,1
50789,1
50790,1
50791,1
50792,1
50793,1
50794,1
50795,1
50798,1
50802,1
50803,1
50804,1
50805,1
50806,1
50807,1
50810,1
50811,1
50813,1
50814,1
50817,1
50818,1
50819,1
50820,1
50821,1
50822,1
50823,1
50825,1
50826,1
50830,1
50831,1
50833,1
50834,1
50835,1
50838,1
50839,1
50841,1
50842,1
50843,1
50845,1
50846,1
50847,1
50848,1
50849,1
50850,1
50851,1
50854,1
50858,1
50860,1
50861,1
50862,1
50866,1
50867,1
50869,1
50870,1
50873,1
50875,1
50876,1
50877,1
50878,1
50884,1
50886,1
50888,1
50890,1
50894,1
50895,1
50897,1
50898,1
50901,1
50902,1
50904,1
50905,1
50906,1
50907,1
50910,1
50915,1
50918,1
50922,1
50923,1
50925,1
50926,1
50927,1
50929,1
50930,1
50932,1
50933,1
50934,1
50935,1
50938,1
50940,1
50942,1
50943,1
50944,1
50946,1
50947,1
50950,1
50951,1
50953,1
50954,1
50957,1
50958,1
50959,1
50960,1
50961,1
50962,1
50963,1
50966,1
50974,1
50978,1
50979,1
50982,1
50983,1
50985,1
50986,1
50987,1
50988,1
50989,1
50990,1
50991,1
50994,1
50996,1
51000,1
51001,1
51002,1
51003,1
51007,1
51009,1
51016,1
51017,1
51024,1
51034,1
51035,1
51037,1
51038,1
51041,1
51042,1
51043,1
51044,1
51045,1
51046,1
51047,1
51049,1
51050,1
51052,1
51054,1
51055,1
51056,1
51057,1
51058,1
51063,1
51072,1
51073,1
51090,1
51093,1
51098,1
51100,1
51101,1
51102,1
51103,1
51106,1
51115,1
51118,1
51119,1
51121,1
51122,1
51123,1
51125,1
51126,1
51127,1
51128,1
51129,1
51130,1
51131,1
51134,1
51140,1
51141,1
51143,1
51146,1
51147,1
51149,1
51151,1
51153,1
51154,1
51155,1
51156,1
51157,1
51158,1
51159,1
51162,1
51164,1
51166,1
51167,1
51168,1
51169,1
51170,1
51171,1
51173,1
51174,1
51175,1
51177,1
51178,1
51179,1
51181,1
51182,1
51183,1
51184,1
51185,1
51186,1
51187,1
51188,1
51189,1
51190,1
51191,1
51192,1
51193,1
51194,1
51195,1
51196,1
51197,1
51198,1
51199,1
51202,1
51206,1
51212,1
51213,1
51214,1
51218,1
51224,1
51225,1
51226,1
51227,1
51230,1
51231,1
51233,1
51234,1
51237,1
51238,1
51239,1
51240,1
51241,1
51242,1
51243,1
51246,1
51248,1
51251,1
51252,1
51253,1
51254,1
51255,1
51258,1
51259,1
51261,1
51262,1
51265,1
51266,1
51267,1
51268,1
51269,1
51270,1
51271,1
51274,1
51278,1
51279,1
51280,1
51281,1
51282,1
51283,1
51285,1
51286,1
51287,1
51289,1
51290,1
51291,1
51293,1
51294,1
51295,1
51296,1
51297,1
51298,1
51299,1
51300,1
51301,1
51302,1
51303,1
51304,1
51306,1
51307,1
51308,1
51309,1
51310,1
51311,1
51315,1
51317,1
51321,1
51322,1
51323,1
51324,1
51325,1
51326,1
51327,1
51330,1
51332,1
51336,1
51337,1
51342,1
51343,1
51345,1
51346,1
51347,1
51349,1
51350,1
51351,1
51352,1
51353,1
51354,1
51355,1
51358,1
51359,1
51360,1
51362,1
51363,1
51364,1
51365,1
51366,1
51369,1
51370,1
51371,1
51372,1
51373,1
51374,1
51375,1
51376,1
51377,1
51378,1
51379,1
51380,1
51381,1
51382,1
51383,1
51384,1
51385,1
51386,1
51387,1
51388,1
51390,1
51391,1
51392,1
51393,1
51394,1
51395,1
51397,1
51398,1
51399,1
51401,1
51402,1
51403,1
51405,1
51406,1
51407,1
51408,1
51409,1
51410,1
51411,1
51414,1
51416,1
51418,1
51419,1
51420,1
51421,1
51422,1
51423,1
51426,1
51427,1
51429,1
51430,1
51431,1
51433,1
51434,1
51435,1
51436,1
51437,1
51438,1
51439,1
51442,1
51444,1
51446,1
51447,1
51448,1
51449,1
51450,1
51451,1
51454,1
51455,1
51457,1
51458,1
51461,1
51463,1
51464,1
51465,1
51466,1
51467,1
51470,1
51472,1
51474,1
51476,1
51477,1
51478,1
51479,1
51481,1
51482,1
51483,1
51485,1
51486,1
51487,1
51488,1
51489,1
51490,1
51491,1
51492,1
51493,1
51494,1
51495,1
51496,1
51497,1
51498,1
51501,1
51502,1
51503,1
51504,1
51505,1
51506,1
51507,1
51509,1
51510,1
51511,1
51512,1
51513,1
51514,1
51515,1
51516,1
51517,1
51518,1
51519,1
51520,1
51521,1
51522,1
51523,1
51524,1
51525,1
51526,1
51527,1
51528,1
51529,1
51530,1
51531,1
51532,1
51533,1
51534,1
51535,1
51537,1
51538,1
51539,1
51541,1
51542,1
51543,1
51545,1
51546,1
51547,1
51548,1
51549,1
51550,1
51551,1
51553,1
51554,1
51557,1
51558,1
51559,1
51560,1
51561,1
51562,1
51563,1
51566,1
51567,1
51569,1
51570,1
51571,1
51573,1
51574,1
51575,1
51576,1
51577,1
51578,1
51579,1
51581,1
51582,1
51584,1
51586,1
51587,1
51588,1
51589,1
51590,1
51591,1
51594,1
51595,1
51597,1
51598,1
51599,1
51602,1
51603,1
51604,1
51605,1
51606,1
51607,1
51610,1
51612,1
51615,1
51616,1
51617,1
51618,1
51619,1
51621,1
51622,1
51623,1
51624,1
51625,1
51626,1
51627,1
51628,1
51629,1
51630,1
51631,1
51632,1
51633,1
51634,1
51635,1
51637,1
51638,1
51639,1
51640,1
51641,1
51642,1
51643,1
51644,1
51645,1
51646,1
51647,1
51653,1
51654,1
51657,1
51660,1
51661,1
51662,1
51663,1
51666,1
51678,1
51679,1
51681,1
51683,1
51688,1
51689,1
51698,1
51699,1
51700,1
51701,1
51702,1
51703,1
51706,1
51707,1
51709,1
51710,1
51711,1
51713,1
51714,1
51715,1
51716,1
51717,1
51718,1
51719,1
51722,1
51726,1
51727,1
51728,1
51729,1
51730,1
51731,1
51733,1
51734,1
51735,1
51737,1
51738,1
51739,1
51740,1
51741,1
51742,1
51743,1
51744,1
51745,1
51746,1
51747,1
51748,1
51749,1
51750,1
51751,1
51752,1
51754,1
51755,1
51756,1
51757,1
51758,1
51759,1
51761,1
51762,1
51763,1
51764,1
51765,1
51766,1
51767,1
51768,1
51769,1
51770,1
51771,1
51772,1
51773,1
51774,1
51775,1
51776,1
51777,1
51778,1
51781,1
51782,1
51783,1
51784,1
51785,1
51786,1
51787,1
51790,1
51791,1
51793,1
51794,1
51795,1
51797,1
51799,1
51800,1
51801,1
51802,1
51803,1
51806,1
51810,1
51811,1
51812,1
51813,1
51814,1
51815,1
51818,1
51819,1
51821,1
51822,1
51823,1
51825,1
51826,1
51827,1
51828,1
51829,1
51830,1
51831,1
51833,1
51834,1
51836,1
51838,1
51839,1
51840,1
51841,1
51842,1
51843,1
51845,1
51846,1
51847,1
51848,1
51849,1
51850,1
51852,1
51853,1
51854,1
51855,1
51856,1
51857,1
51858,1
51859,1
51860,1
51861,1
51862,1
51865,1
51866,1
51867,1
51868,1
51869,1
51870,1
51871,1
51873,1
51874,1
51875,1
51877,1
51878,1
51879,1
51881,1
51882,1
51883,1
51884,1
51885,1
51886,1
51887,1
51888,1
51889,1
51890,1
51891,1
51892,1
51893,1
51894,1
51895,1
51896,1
51897,1
51898,1
51899,1
51903,1
51905,1
51906,1
51909,1
51910,1
51911,1
51912,1
51913,1
51914,1
51915,1
51918,1
51920,1
51924,1
51925,1
51926,1
51930,1
51931,1
51933,1
51934,1
51935,1
51936,1
51937,1
51938,1
51939,1
51940,1
51941,1
51942,1
51943,1
51944,1
51945,1
51946,1
51947,1
51948,1
51950,1
51951,1
51952,1
51953,1
51954,1
51955,1
51956,1
51957,1
51958,1
51959,1
51960,1
51961,1
51962,1
51963,1
51964,1
51965,1
51966,1
51967,1
51968,1
51969,1
51970,1
51971,1
51972,1
51973,1
51974,1
51975,1
51976,1
51977,1
51978,1
51979,1
51980,1
51981,1
51982,1
51983,1
51985,1
51986,1
51987,1
51989,1
51990,1
51991,1
51993,1
51994,1
51995,1
51996,1
51997,1
51998,1
51999,1
52001,1
52002,1
52003,1
52004,1
52005,1
52006,1
52007,1
52008,1
52009,1
52010,1
52011,1
52013,1
52014,1
52015,1
52016,1
52017,1
52018,1
52019,1
52020,1
52021,1
52022,1
52023,1
52024,1
52025,1
52026,1
52027,1
52028,1
52029,1
52030,1
52031,1
52032,1
52035,1
52036,1
52037,1
52038,1
52039,1
52042,1
52043,1
52045,1
52046,1
52047,1
52049,1
52050,1
52051,1
52052,1
52053,1
52054,1
52055,1
52058,1
52059,1
52060,1
52062,1
52063,1
52064,1
52065,1
52066,1
52067,1
52069,1
52070,1
52071,1
52072,1
52073,1
52074,1
52075,1
52076,1
52077,1
52078,1
52079,1
52080,1
52081,1
52082,1
52083,1
52084,1
52085,1
52086,1
52087,1
52088,1
52089,1
52090,1
52091,1
52092,1
52093,1
52094,1
52095,1
52096,1
52097,1
52098,1
52099,1
52100,1
52101,1
52102,1
52103,1
52104,1
52105,1
52106,1
52107,1
52108,1
52109,1
52110,1
52111,1
52112,1
52113,1
52114,1
52115,1
52116,1
52117,1
52118,1
52119,1
52120,1
52121,1
52122,1
52123,1
52125,1
52126,1
52127,1
52129,1
52130,1
52131,1
52132,1
52133,1
52134,1
52135,1
52136,1
52137,1
52138,1
52139,1
52140,1
52141,1
52142,1
52143,1
52144,1
52145,1
52146,1
52147,1
52148,1
52149,1
52150,1
52151,1
52153,1
52154,1
52155,1
52156,1
52157,1
52158,1
52159,1
52160,1
52161,1
52162,1
52163,1
52164,1
52165,1
52166,1
52167,1
52168,1
52169,1
52170,1
52171,1
52172,1
52173,1
52174,1
52175,1
52176,1
52177,1
52178,1
52179,1
52182,1
52183,1
52185,1
52186,1
52187,1
52189,1
52190,1
52191,1
52192,1
52193,1
52194,1
52195,1
52197,1
52198,1
52200,1
52202,1
52203,1
52204,1
52205,1
52206,1
52207,1
52208,1
52210,1
52211,1
52212,1
52213,1
52214,1
52215,1
52216,1
52217,1
52218,1
52219,1
52220,1
52221,1
52222,1
52223,1
52224,1
52225,1
52226,1
52227,1
52228,1
52229,1
52230,1
52231,1
52232,1
52233,1
52234,1
52235,1
52239,1
52241,1
52242,1
52245,1
52246,1
52247,1
52248,1
52249,1
52250,1
52251,1
52254,1
52256,1
52260,1
52261,1
52262,1
52266,1
52267,1
52269,1
52274,1
52275,1
52276,1
52277,1
52278,1
52282,1
52288,1
52289,1
52294,1
52295,1
52297,1
52298,1
52299,1
52301,1
52302,1
52303,1
52304,1
52305,1
52306,1
52307,1
52310,1
52314,1
52315,1
52316,1
52318,1
52319,1
52322,1
52323,1
52325,1
52327,1
52329,1
52330,1
52331,1
52332,1
52333,1
52334,1
52335,1
52338,1
52340,1
52342,1
52343,1
52344,1
52345,1
52346,1
52347,1
52349,1
52350,1
52351,1
52352,1
52353,1
52354,1
52355,1
52356,1
52357,1
52358,1
52359,1
52360,1
52361,1
52362,1
52363,1
52364,1
52365,1
52366,1
52367,1
52368,1
52369,1
52370,1
52371,1
52372,1
52373,1
52374,1
52375,1
52378,1
52379,1
52381,1
52382,1
52385,1
52386,1
52387,1
52388,1
52389,1
52390,1
52391,1
52394,1
52399,1
52401,1
52402,1
52406,1
52407,1
52409,1
52410,1
52411,1
52413,1
52414,1
52415,1
52416,1
52417,1
52418,1
52419,1
52422,1
52424,1
52426,1
52427,1
52428,1
52429,1
52431,1
52434,1
52435,1
52437,1
52438,1
52439,1
52441,1
52442,1
52443,1
52444,1
52445,1
52446,1
52447,1
52450,1
52454,1
52455,1
52456,1
52457,1
52458,1
52459,1
52461,1
52462,1
52463,1
52465,1
52466,1
52467,1
52469,1
52470,1
52471,1
52472,1
52473,1
52474,1
52475,1
52476,1
52477,1
52478,1
52479,1
52480,1
52481,1
52482,1
52483,1
52484,1
52485,1
52486,1
52487,1
52490,1
52491,1
52493,1
52494,1
52497,1
52498,1
52499,1
52500,1
52501,1
52502,1
52503,1
52506,1
52508,1
52510,1
52511,1
52512,1
52513,1
52514,1
52515,1
52518,1
52519,1
52521,1
52522,1
52523,1
52525,1
52526,1
52527,1
52528,1
52529,1
52530,1
52531,1
52532,1
52533,1
52534,1
52535,1
52536,1
52538,1
52539,1
52540,1
52541,1
52542,1
52543,1
52545,1
52546,1
52548,1
52549,1
52550,1
52551,1
52552,1
52553,1
52554,1
52555,1
52556,1
52557,1
52558,1
52559,1
52560,1
52561,1
52562,1
52563,1
52564,1
52565,1
52566,1
52567,1
52568,1
52569,1
52570,1
52571,1
52574,1
52575,1
52576,1
52577,1
52578,1
52581,1
52582,1
52583,1
52584,1
52585,1
52586,1
52587,1
52589,1
52590,1
52591,1
52592,1
52594,1
52595,1
52596,1
52597,1
52598,1
52599,1
52602,1
52603,1
52605,1
52606,1
52607,1
52609,1
52610,1
52611,1
52612,1
52613,1
52614,1
52615,1
52618,1
52620,1
52622,1
52623,1
52624,1
52625,1
52626,1
52627,1
52630,1
52631,1
52633,1
52634,1
52637,1
52638,1
52639,1
52640,1
52641,1
52642,1
52643,1
52646,1
52648,1
52650,1
52651,1
52652,1
52654,1
52655,1
52657,1
52658,1
52659,1
52661,1
52662,1
52663,1
52665,1
52666,1
52667,1
52668,1
52669,1
52670,1
52671,1
52672,1
52673,1
52674,1
52675,1
52678,1
52679,1
52680,1
52681,1
52682,1
52683,1
52686,1
52687,1
52689,1
52690,1
52691,1
52692,1
52693,1
52694,1
52695,1
52696,1
52697,1
52698,1
52699,1
52700,1
52701,1
52702,1
52703,1
52704,1
52706,1
52707,1
52708,1
52709,1
52710,1
52711,1
52714,1
52715,1
52717,1
52718,1
52719,1
52721,1
52722,1
52723,1
52724,1
52725,1
52726,1
52727,1
52728,1
52729,1
52730,1
52731,1
52732,1
52734,1
52735,1
52736,1
52737,1
52738,1
52739,1
52742,1
52743,1
52745,1
52746,1
52747,1
52749,1
52750,1
52751,1
52752,1
52753,1
52754,1
52755,1
52758,1
52759,1
52760,1
52762,1
52763,1
52764,1
52765,1
52766,1
52767,1
52770,1
52771,1
52773,1
52774,1
52775,1
52778,1
52779,1
52780,1
52781,1
52782,1
52783,1
52785,1
52786,1
52788,1
52790,1
52791,1
52792,1
52793,1
52795,1
52797,1
52798,1
52799,1
52801,1
52802,1
52803,1
52804,1
52805,1
52806,1
52807,1
52808,1
52809,1
52810,1
52811,1
52812,1
52813,1
52814,1
52815,1
52816,1
52817,1
52818,1
52819,1
52820,1
52821,1
52822,1
52823,1
52826,1
52827,1
52829,1
52830,1
52831,1
52835,1
52836,1
52837,1
52838,1
52842,1
52844,1
52846,1
52854,1
52855,1
52857,1
52858,1
52859,1
52861,1
52862,1
52863,1
52864,1
52865,1
52866,1
52867,1
52870,1
52872,1
52874,1
52875,1
52879,1
52882,1
52883,1
52885,1
52886,1
52887,1
52889,1
52890,1
52891,1
52892,1
52893,1
52894,1
52895,1
52898,1
52902,1
52903,1
52904,1
52905,1
52907,1
52909,1
52910,1
52911,1
52913,1
52914,1
52915,1
52917,1
52918,1
52919,1
52920,1
52921,1
52922,1
52923,1
52924,1
52926,1
52930,1
52931,1
52932,1
52933,1
52934,1
52935,1
52937,1
52938,1
52939,1
52940,1
52941,1
52942,1
52943,1
52944,1
52945,1
52946,1
52947,1
52948,1
52949,1
52950,1
52951,1
52952,1
52953,1
52954,1
52955,1
52956,1
52957,1
52958,1
52959,1
52960,1
52961,1
52962,1
52963,1
52966,1
52967,1
52969,1
52970,1
52973,1
52974,1
52975,1
52976,1
52977,1
52978,1
52979,1
52982,1
52987,1
52988,1
52990,1
52991,1
52994,1
52995,1
52997,1
52998,1
52999,1
53001,1
53002,1
53003,1
53004,1
53005,1
53006,1
53007,1
53010,1
53012,1
53014,1
53015,1
53016,1
53018,1
53019,1
53022,1
53023,1
53025,1
53026,1
53027,1
53029,1
53030,1
53031,1
53032,1
53033,1
53034,1
53035,1
53038,1
53042,1
53043,1
53045,1
53046,1
53047,1
53049,1
53050,1
53051,1
53052,1
53053,1
53054,1
53055,1
53057,1
53058,1
53059,1
53060,1
53061,1
53062,1
53063,1
53064,1
53065,1
53066,1
53067,1
53068,1
53069,1
53070,1
53071,1
53072,1
53073,1
53074,1
53075,1
53078,1
53079,1
53082,1
53085,1
53086,1
53087,1
53088,1
53089,1
53090,1
53091,1
53094,1
53096,1
53098,1
53099,1
53103,1
53106,1
53107,1
53109,1
53110,1
53111,1
53113,1
53114,1
53115,1
53116,1
53117,1
53118,1
53119,1
53122,1
53124,1
53126,1
53127,1
53128,1
53129,1
53130,1
53131,1
53134,1
53135,1
53136,1
53137,1
53138,1
53139,1
53141,1
53142,1
53143,1
53144,1
53145,1
53146,1
53147,1
53148,1
53149,1
53150,1
53151,1
53152,1
53154,1
53155,1
53156,1
53157,1
53158,1
53159,1
53162,1
53163,1
53165,1
53166,1
53167,1
53169,1
53170,1
53171,1
53172,1
53173,1
53174,1
53175,1
53176,1
53178,1
53180,1
53182,1
53183,1
53184,1
53185,1
53186,1
53187,1
53189,1
53190,1
53191,1
53193,1
53194,1
53195,1
53197,1
53198,1
53199,1
53200,1
53201,1
53202,1
53203,1
53204,1
53205,1
53206,1
53207,1
53208,1
53210,1
53211,1
53212,1
53213,1
53214,1
53215,1
53218,1
53219,1
53221,1
53222,1
53223,1
53225,1
53226,1
53227,1
53228,1
53229,1
53230,1
53231,1
53234,1
53236,1
53238,1
53239,1
53240,1
53242,1
53243,1
53246,1
53247,1
53249,1
53250,1
53251,1
53253,1
53254,1
53255,1
53256,1
53257,1
53258,1
53259,1
53262,1
53264,1
53266,1
53267,1
53268,1
53269,1
53270,1
53271,1
53274,1
53275,1
53277,1
53278,1
53279,1
53281,1
53282,1
53283,1
53284,1
53285,1
53286,1
53287,1
53288,1
53290,1
53292,1
53294,1
53295,1
53296,1
53297,1
53298,1
53299,1
53302,1
53303,1
53305,1
53306,1
53307,1
53309,1
53310,1
53311,1
53312,1
53313,1
53314,1
53315,1
53318,1
53320,1
53322,1
53323,1
53324,1
53325,1
53327,1
53330,1
53331,1
53333,1
53334,1
53335,1
53337,1
53338,1
53339,1
53340,1
53341,1
53342,1
53343,1
53345,1
53346,1
53348,1
53350,1
53351,1
53352,1
53353,1
53354,1
53355,1
53358,1
53359,1
53361,1
53362,1
53365,1
53366,1
53367,1
53368,1
53370,1
53371,1
53374,1
53376,1
53379,1
53381,1
53382,1
53383,1
53385,1
53386,1
53387,1
53389,1
53390,1
53391,1
53392,1
53393,1
53394,1
53395,1
53396,1
53397,1
53398,1
53399,1
53400,1
53401,1
53402,1
53403,1
53404,1
53405,1
53406,1
53407,1
53408,1
53409,1
53410,1
53411,1
53414,1
53415,1
53417,1
53418,1
53419,1
53421,1
53422,1
53423,1
53424,1
53425,1
53426,1
53427,1
53430,1
53432,1
53434,1
53435,1
53438,1
53439,1
53442,1
53443,1
53445,1
53446,1
53450,1
53451,1
53452,1
53453,1
53454,1
53455,1
53458,1
53462,1
53463,1
53466,1
53467,1
53470,1
53471,1
53473,1
53477,1
53478,1
53479,1
53480,1
53481,1
53482,1
53483,1
53486,1
53490,1
53491,1
53492,1
53493,1
53495,1
53498,1
53499,1
53501,1
53502,1
53503,1
53505,1
53506,1
53507,1
53508,1
53509,1
53510,1
53511,1
53512,1
53514,1
53515,1
53516,1
53518,1
53519,1
53520,1
53521,1
53522,1
53523,1
53525,1
53526,1
53527,1
53528,1
53529,1
53530,1
53531,1
53532,1
53533,1
53534,1
53535,1
53536,1
53537,1
53538,1
53539,1
53540,1
53541,1
53542,1
53543,1
53544,1
53545,1
53546,1
53547,1
53548,1
53549,1
53550,1
53551,1
53554,1
53555,1
53557,1
53558,1
53559,1
53561,1
53562,1
53563,1
53564,1
53565,1
53566,1
53567,1
53570,1
53574,1
53575,1
53576,1
53578,1
53579,1
53582,1
53583,1
53585,1
53586,1
53587,1
53590,1
53591,1
53592,1
53593,1
53594,1
53595,1
53598,1
53600,1
53602,1
53603,1
53607,1
53609,1
53610,1
53611,1
53613,1
53614,1
53615,1
53617,1
53618,1
53619,1
53620,1
53621,1
53622,1
53623,1
53625,1
53626,1
53630,1
53631,1
53632,1
53633,1
53634,1
53635,1
53637,1
53638,1
53639,1
53641,1
53642,1
53643,1
53644,1
53645,1
53646,1
53647,1
53648,1
53649,1
53650,1
53651,1
53652,1
53653,1
53654,1
53655,1
53656,1
53657,1
53658,1
53659,1
53660,1
53661,1
53662,1
53663,1
53666,1
53667,1
53669,1
53670,1
53673,1
53674,1
53675,1
53676,1
53677,1
53678,1
53679,1
53682,1
53684,1
53686,1
53687,1
53693,1
53694,1
53695,1
53697,1
53698,1
53699,1
53701,1
53702,1
53703,1
53704,1
53705,1
53706,1
53707,1
53709,1
53710,1
53711,1
53712,1
53713,1
53714,1
53715,1
53716,1
53717,1
53718,1
53719,1
53721,1
53722,1
53723,1
53724,1
53725,1
53726,1
53727,1
53728,1
53729,1
53730,1
53731,1
53732,1
53733,1
53734,1
53735,1
53736,1
53737,1
53738,1
53739,1
53740,1
53742,1
53743,1
53744,1
53745,1
53746,1
53747,1
53750,1
53751,1
53753,1
53754,1
53757,1
53758,1
53759,1
53760,1
53761,1
53762,1
53763,1
53764,1
53766,1
53768,1
53770,1
53771,1
53772,1
53773,1
53774,1
53775,1
53777,1
53778,1
53779,1
53781,1
53782,1
53783,1
53785,1
53786,1
53787,1
53788,1
53789,1
53790,1
53791,1
53794,1
53795,1
53796,1
53798,1
53799,1
53800,1
53801,1
53802,1
53803,1
53806,1
53807,1
53809,1
53810,1
53813,1
53814,1
53815,1
53816,1
53817,1
53818,1
53819,1
53822,1
53824,1
53826,1
53827,1
53828,1
53829,1
53830,1
53831,1
53833,1
53834,1
53835,1
53836,1
53837,1
53838,1
53839,1
53841,1
53842,1
53843,1
53844,1
53845,1
53846,1
53847,1
53848,1
53849,1
53850,1
53851,1
53854,1
53855,1
53856,1
53857,1
53858,1
53859,1
53861,1
53862,1
53863,1
53864,1
53865,1
53866,1
53867,1
53868,1
53869,1
53870,1
53871,1
53872,1
53873,1
53874,1
53875,1
53876,1
53877,1
53878,1
53879,1
53880,1
53881,1
53882,1
53883,1
53884,1
53885,1
53886,1
53887,1
53890,1
53891,1
53893,1
53894,1
53895,1
53897,1
53898,1
53899,1
53900,1
53901,1
53902,1
53903,1
53906,1
53908,1
53910,1
53911,1
53912,1
53913,1
53914,1
53915,1
53918,1
53919,1
53921,1
53922,1
53923,1
53925,1
53926,1
53927,1
53928,1
53929,1
53930,1
53931,1
53934,1
53935,1
53936,1
53938,1
53939,1
53940,1
53941,1
53942,1
53943,1
53946,1
53950,1
53953,1
53955,1
53956,1
53957,1
53958,1
53959,1
53962,1
53964,1
53966,1
53967,1
53968,1
53971,1
53973,1
53974,1
53975,1
53977,1
53978,1
53979,1
53980,1
53981,1
53982,1
53983,1
53984,1
53985,1
53986,1
53987,1
53988,1
53989,1
53990,1
53992,1
53994,1
53995,1
53996,1
53997,1
53998,1
53999,1
54002,1
54003,1
54005,1
54006,1
54007,1
54009,1
54010,1
54011,1
54012,1
54013,1
54014,1
54015,1
54018,1
54020,1
54022,1
54023,1
54026,1
54027,1
54031,1
54034,1
54035,1
54037,1
54038,1
54039,1
54040,1
54041,1
54042,1
54043,1
54046,1
54050,1
54051,1
54055,1
54058,1
54059,1
54061,1
54062,1
54065,1
54066,1
54067,1
54068,1
54069,1
54070,1
54071,1
54074,1
54078,1
54079,1
54080,1
54082,1
54083,1
54086,1
54087,1
54089,1
54090,1
54091,1
54093,1
54094,1
54095,1
54096,1
54097,1
54098,1
54099,1
54100,1
54101,1
54102,1
54103,1
54104,1
54106,1
54107,1
54108,1
54109,1
54110,1
54111,1
54113,1
54114,1
54115,1
54116,1
54117,1
54118,1
54119,1
54120,1
54121,1
54122,1
54123,1
54124,1
54125,1
54126,1
54127,1
54128,1
54129,1
54130,1
54131,1
54132,1
54133,1
54134,1
54135,1
54136,1
54137,1
54138,1
54139,1
54142,1
54143,1
54145,1
54146,1
54147,1
54149,1
54150,1
54151,1
54152,1
54153,1
54154,1
54155,1
54158,1
54162,1
54163,1
54164,1
54166,1
54167,1
54170,1
54171,1
54173,1
54174,1
54175,1
54177,1
54178,1
54179,1
54180,1
54181,1
54182,1
54183,1
54186,1
54188,1
54190,1
54191,1
54192,1
54194,1
54195,1
54198,1
54199,1
54201,1
54202,1
54203,1
54205,1
54206,1
54207,1
54208,1
54209,1
54210,1
54211,1
54214,1
54215,1
54218,1
54219,1
54220,1
54221,1
54222,1
54225,1
54226,1
54227,1
54229,1
54230,1
54231,1
54233,1
54234,1
54235,1
54236,1
54237,1
54238,1
54239,1
54240,1
54241,1
54242,1
54243,1
54244,1
54245,1
54246,1
54247,1
54248,1
54249,1
54250,1
54251,1
54254,1
54255,1
54257,1
54258,1
54261,1
54263,1
54264,1
54265,1
54266,1
54267,1
54270,1
54272,1
54274,1
54276,1
54278,1
54279,1
54281,1
54282,1
54283,1
54285,1
54286,1
54287,1
54289,1
54290,1
54291,1
54292,1
54293,1
54294,1
54295,1
54296,1
54297,1
54298,1
54299,1
54300,1
54302,1
54303,1
54304,1
54305,1
54306,1
54307,1
54308,1
54309,1
54310,1
54311,1
54312,1
54313,1
54314,1
54315,1
54316,1
54317,1
54318,1
54319,1
54320,1
54321,1
54322,1
54323,1
54324,1
54325,1
54326,1
54328,1
54329,1
54330,1
54331,1
54332,1
54333,1
54334,1
54335,1
54338,1
54339,1
54341,1
54342,1
54343,1
54345,1
54346,1
54347,1
54348,1
54349,1
54350,1
54351,1
54352,1
54353,1
54354,1
54356,1
54358,1
54359,1
54360,1
54361,1
54362,1
54363,1
54366,1
54367,1
54369,1
54370,1
54373,1
54374,1
54375,1
54376,1
54377,1
54378,1
54379,1
54380,1
54382,1
54384,1
54386,1
54387,1
54388,1
54389,1
54390,1
54391,1
54394,1
54395,1
54397,1
54398,1
54399,1
54401,1
54403,1
54404,1
54405,1
54406,1
54407,1
54410,1
54412,1
54414,1
54415,1
54416,1
54418,1
54421,1
54422,1
54423,1
54424,1
54425,1
54426,1
54427,1
54429,1
54430,1
54431,1
54432,1
54433,1
54434,1
54435,1
54436,1
54437,1
54438,1
54439,1
54440,1
54441,1
54442,1
54443,1
54444,1
54445,1
54446,1
54447,1
54449,1
54450,1
54451,1
54452,1
54453,1
54454,1
54455,1
54457,1
54458,1
54459,1
54460,1
54461,1
54462,1
54463,1
54464,1
54465,1
54466,1
54467,1
54468,1
54469,1
54470,1
54471,1
54472,1
54473,1
54474,1
54475,1
54477,1
54478,1
54479,1
54481,1
54482,1
54483,1
54485,1
54486,1
54487,1
54488,1
54489,1
54490,1
54491,1
54492,1
54493,1
54494,1
54496,1
54498,1
54499,1
54500,1
54501,1
54502,1
54503,1
54505,1
54506,1
54507,1
54509,1
54510,1
54511,1
54513,1
54514,1
54515,1
54516,1
54517,1
54518,1
54519,1
54521,1
54522,1
54523,1
54524,1
54526,1
54527,1
54528,1
54529,1
54530,1
54531,1
54534,1
54535,1
54537,1
54538,1
54539,1
54541,1
54542,1
54543,1
54544,1
54546,1
54547,1
54550,1
54552,1
54554,1
54555,1
54556,1
54558,1
54559,1
54561,1
54562,1
54563,1
54564,1
54565,1
54566,1
54567,1
54568,1
54569,1
54570,1
54571,1
54572,1
54573,1
54574,1
54575,1
54576,1
54577,1
54578,1
54579,1
54580,1
54581,1
54582,1
54583,1
54584,1
54585,1
54586,1
54587,1
54590,1
54591,1
54593,1
54594,1
54597,1
54598,1
54599,1
54600,1
54601,1
54602,1
54603,1
54606,1
54608,1
54610,1
54614,1
54615,1
54628,1
54634,1
54639,1
54640,1
54647,1
54649,1
54650,1
54653,1
54654,1
54655,1
54656,1
54657,1
54658,1
54659,1
54662,1
54668,1
54669,1
54670,1
54674,1
54675,1
54677,1
54678,1
54681,1
54683,1
54684,1
54687,1
54690,1
54694,1
54695,1
54696,1
54697,1
54698,1
54699,1
54701,1
54702,1
54703,1
54704,1
54705,1
54706,1
54707,1
54708,1
54709,1
54710,1
54711,1
54712,1
54713,1
54714,1
54715,1
54716,1
54717,1
54718,1
54722,1
54723,1
54724,1
54725,1
54726,1
54727,1
54730,1
54731,1
54733,1
54734,1
54739,1
54740,1
54741,1
54742,1
54743,1
54746,1
54750,1
54751,1
54752,1
54753,1
54754,1
54758,1
54759,1
54761,1
54762,1
54765,1
54766,1
54767,1
54769,1
54770,1
54774,1
54778,1
54779,1
54781,1
54782,1
54786,1
54787,1
54790,1
54791,1
54793,1
54794,1
54795,1
54796,1
54797,1
54798,1
54799,1
54802,1
54806,1
54808,1
54809,1
54810,1
54811,1
54813,1
54814,1
54815,1
54817,1
54818,1
54819,1
54821,1
54822,1
54823,1
54824,1
54825,1
54826,1
54827,1
54829,1
54830,1
54832,1
54834,1
54835,1
54836,1
54837,1
54838,1
54839,1
54842,1
54843,1
54845,1
54846,1
54849,1
54850,1
54851,1
54852,1
54854,1
54858,1
54860,1
54863,1
54864,1
54870,1
54871,1
54873,1
54874,1
54877,1
54878,1
54879,1
54880,1
54881,1
54882,1
54883,1
54886,1
54888,1
54891,1
54892,1
54893,1
54894,1
54898,1
54899,1
54900,1
54901,1
54902,1
54903,1
54904,1
54905,1
54906,1
54907,1
54908,1
54909,1
54910,1
54911,1
54912,1
54913,1
54914,1
54918,1
54919,1
54920,1
54921,1
54922,1
54923,1
54926,1
54927,1
54929,1
54930,1
54933,1
54934,1
54935,1
54936,1
54937,1
54938,1
54939,1
54940,1
54942,1
54944,1
54946,1
54947,1
54948,1
54949,1
54950,1
54951,1
54954,1
54955,1
54957,1
54959,1
54961,1
54962,1
54963,1
54964,1
54965,1
54966,1
54967,1
54968,1
54970,1
54972,1
54974,1
54975,1
54976,1
54977,1
54978,1
54979,1
54982,1
54983,1
54985,1
54986,1
54990,1
54991,1
54992,1
54994,1
54998,1
55000,1
55002,1
55003,1
55006,1
55007,1
55009,1
55010,1
55011,1
55013,1
55014,1
55015,1
55017,1
55018,1
55019,1
55020,1
55021,1
55022,1
55023,1
55025,1
55026,1
55027,1
55028,1
55030,1
55031,1
55032,1
55033,1
55034,1
55035,1
55038,1
55039,1
55041,1
55042,1
55043,1
55045,1
55046,1
55047,1
55048,1
55049,1
55050,1
55051,1
55053,1
55054,1
55056,1
55058,1
55059,1
55060,1
55061,1
55062,1
55063,1
55066,1
55067,1
55069,1
55070,1
55073,1
55074,1
55075,1
55076,1
55077,1
55078,1
55079,1
55082,1
55084,1
55086,1
55087,1
55088,1
55089,1
55090,1
55091,1
55094,1
55095,1
55097,1
55098,1
55099,1
55101,1
55102,1
55103,1
55104,1
55105,1
55106,1
55107,1
55109,1
55110,1
55111,1
55112,1
55114,1
55115,1
55116,1
55117,1
55118,1
55119,1
55122,1
55123,1
55125,1
55126,1
55130,1
55131,1
55132,1
55134,1
55135,1
55138,1
55140,1
55142,1
55143,1
55144,1
55146,1
55150,1
55151,1
55153,1
55154,1
55155,1
55157,1
55158,1
55159,1
55160,1
55161,1
55162,1
55163,1
55166,1
55168,1
55170,1
55171,1
55172,1
55173,1
55174,1
55175,1
55178,1
55179,1
55181,1
55182,1
55185,1
55186,1
55187,1
55188,1
55189,1
55190,1
55191,1
55194,1
55198,1
55199,1
55200,1
55201,1
55202,1
55204,1
57345,1
57346,1
57351,1
57352,1
57353,1
57354,1
57359,1
57361,1
57363,1
57366,1
57389,1
57422,1
57423,1
57439,1
57767,1
58561,1
58960,1
58984,1
59482,1
59628,1
59635,1
59644,1
59773,1
59813,1
59979,1
60130,1
60290,1
60421,1
61500,1
61577,1
61599,1
61600,1
61956,1
62055,1
62056,1
62283,1
62536,1
62775,1
62776,1
63582,1
63747,1
64035,1
64046,1
64047,1
64212,1
64258,1
64259,1
64261,1
64262,1
64344,1
64403,1
64472,1
65072,1
65073,1
65074,1
65075,1
65076,1
65078,1
65079,1
65080,1
65082,1
65083,1
65084,1
65086,1
65088,1
65089,1
65090,1
65103,1
65107,1
65108,1
65109,1
65110,1
65123,1
65165,1
65170,1
65171,1
65181,1
65193,1
65197,1
65235,1
65239,1
65241,1
65247,1
65256,1
65258,1
65265,1
65266,1
65267,1
65354,1
65384,1
65386,1
65393,1
65395,1
65397,1
65401,1
65402,1
65405,1
65410,1
65423,1
65424,1
65430,1
65431,1
65436,1
65440,1
66305,1
66376,1
66384,1
66385,1
66474,1
66477,1
66478,1
66484,1
66747,1
66753,1
66754,1
66759,1
67639,1
67841,1
67842,1
67844,1
67845,1
67849,1
67854,1
67858,1
67861,1
67886,1
67891,1
68127,1
68129,1
68131,1
68143,1
68159,1
68200,1
68202,1
68209,1
68353,1
68364,1
68365,1
68377,1
68384,1
68400,1
68405,1
68418,1
68421,1
68427,1
68436,1
68454,1
68457,1
68459,1
68461,1
68462,1
68463,1
68465,1
68617,1
68625,1
68634,1
68637,1
68644,1
68646,1
68656,1
68658,1
68664,1
68670,1
68675,1
68876,1
68882,1
68887,1
68890,1
68901,1
69679,1
69683,1
71897,1
73756,1
73760,1
73775,1
73793,1
73849,1
73861,1
73879,1
73909,1
73970,1
74025,1
74036,1
74048,1
74062,1
74071,1
74263,1
74409,1
74412,1
74468,1
74502,1
74507,1
74525,1
74589,1
74773,1
74782,1
78147,1
78465,1
83074,1
83104,1
94375,1
97538,1
97901,1
98055,1
98062,1
98215,1
99536,1
100150,1
110599,1
110600,1
110601,1
110880,1
119090,1
119091,1
119814,1
119816,1
119819,1
119837,1
119846,1
119848,1
119851,1
119855,1
119865,1
119868,1
119882,1
120068,1
120069,1
120071,1
120072,1
120073,1
120074,1
120077,1
120078,1
120079,1
120080,1
120081,1
120082,1
120083,1
120084,1
120086,1
120087,1
120088,1
120089,1
120090,1
120091,1
120092,1
120094,1
120095,1
120096,1
120097,1
120098,1
120099,1
120100,1
120101,1
120102,1
120103,1
120104,1
120105,1
120106,1
120107,1
120110,1
120111,1
120113,1
120115,1
120116,1
120117,1
120118,1
120119,1
120143,1
120161,1
120172,1
120173,1
120174,1
120175,1
120176,1
120177,1
120178,1
120179,1
120180,1
120181,1
120182,1
120183,1
120184,1
120185,1
120186,1
120187,1
120188,1
120189,1
120190,1
120191,1
120192,1
120193,1
120194,1
120195,1
120196,1
120197,1
120198,1
120199,1
120200,1
120201,1
120205,1
120206,1
120207,1
120208,1
120209,1
120210,1
120211,1
120212,1
120213,1
120214,1
120215,1
120216,1
120217,1
120218,1
120219,1
120220,1
120221,1
120222,1
120223,1
120572,1
120591,1
122634,1
127251,1
127465,1
127466,1
127470,1
127475,1
127481,1
127755,1
127756,1
127783,1
127799,1
127800,1
127808,1
127817,1
127825,1
127827,1
127840,1
127854,1
127859,1
127864,1
127876,1
127932,1
127942,1
128013,1
128021,1
128035,1
128044,1
128054,1
128065,1
128067,1
128076,1
128079,1
128102,1
128120,1
128131,1
128154,1
128155,1
128167,1
128170,1
128184,1
128270,1
128287,1
128304,1
128309,1
128405,1
128518,1
128521,1
128525,1
128526,1
128545,1
128557,1
128582,1
128640,1
128657,1
128994,1
128998,1
129311,1
129315,1
129321,1
129333,1
129352,1
129355,1
129392,1
129442,1
129455,1
129497,1
129499,1
129535,1
129776,1
131089,1
131379,1
131726,1
131739,1
131977,1
132183,1
132338,1
132397,1
133579,1
133999,1
134047,1
134071,1
134294,1
134471,1
135598,1
135741,1
135840,1
136094,1
136249,1
136373,1
136456,1
136512,1
136694,1
136743,1
136807,1
137623,1
137725,1
137789,1
137800,1
137919,1
138619,1
138795,1
139022,1
139146,1
139291,1
139314,1
139719,1
139835,1
142043,1
142147,1
142463,1
143789,1
143915,1
143921,1
143926,1
143966,1
144259,1
144348,1
144389,1
144661,1
144788,1
144814,1
144915,1
145127,1
145196,1
145203,1
146137,1
146502,1
146610,1
146667,1
146740,1
146922,1
146925,1
147133,1
147138,1
147162,1
147300,1
147628,1
147647,1
147884,1
147893,1
147932,1
147941,1
148126,1
148218,1
148260,1
148293,1
148401,1
148492,1
149915,1
149948,1
149993,1
150180,1
150482,1
150687,1
150800,1
151553,1
153005,1
153067,1
153097,1
153103,1
153158,1
153159,1
153172,1
153207,1
153275,1
153702,1
153747,1
154829,1
154837,1
155015,1
155903,1
156294,1
156577,1
156676,1
156857,1
156984,1
156990,1
156992,1
156997,1
157010,1
157013,1
157048,1
157049,1
157050,1
157064,1
157066,1
157067,1
157069,1
157092,1
157095,1
157117,1
157118,1
157119,1
157120,1
157137,1
157138,1
157143,1
157153,1
157154,1
157171,1
157172,1
157189,1
157762,1
157798,1
158149,1
158652,1
158753,1
159347,1
160068,1
160195,1
161287,1
161600,1
161671,1
161768,1
161896,1
162206,1
162602,1
163232,1
163503,1
163760,1
163892,1
163906,1
164084,1
164311,1
164371,1
164397,1
164717,1
165648,1
166687,1
166779,1
167112,1
167871,1
168072,1
168321,1
168938,1
169056,1
169134,1
169452,1
170077,1
170125,1
170448,1
170944,1
172008,1
172974,1
173077,1
173344,1
173621,1
173733,1
173744,1
174020,1
175753,1
178003,1
178121,1
181451,1
723029,1
917761,1
985105,1
985107,1
985112,1
985168,1
1063015,1
1063185,1
