Order,Next,Count
1,9,31
1,32,1775287
1,33,323
1,34,8894
1,35,129
1,36,49
1,37,1934
1,38,276
1,39,8911
1,40,66049
1,41,66105
1,42,153
1,43,788
1,44,86791
1,45,43713
1,46,147662
1,47,2952
1,48,61326
1,49,112106
1,50,64169
1,51,29280
1,52,25489
1,53,26983
1,54,24766
1,55,24727
1,56,31018
1,57,64350
1,58,10787
1,59,611
1,60,1298
1,61,869
1,62,1367
1,63,527
1,64,33
1,65,6340
1,66,4506
1,67,6427
1,68,4279
1,69,3350
1,70,3444
1,71,2905
1,72,2694
1,73,4178
1,74,1276
1,75,2381
1,76,3047
1,77,4849
1,78,3707
1,79,3351
1,80,5185
1,81,301
1,82,2887
1,83,7088
1,84,5041
1,85,1889
1,86,2028
1,87,1702
1,88,1102
1,89,538
1,90,333
1,91,332
1,92,19
1,93,337
1,94,28
1,95,95
1,96,64
1,97,22319
1,98,3588
1,99,9499
1,100,8021
1,101,30883
1,102,3823
1,103,5331
1,104,7887
1,105,22217
1,106,381
1,107,3178
1,108,12457
1,109,8946
1,110,20321
1,111,19273
1,112,5252
1,113,404
1,114,19210
1,115,15671
1,116,17783
1,117,8945
1,118,2838
1,119,1948
1,120,1137
1,121,4514
1,122,1060
1,123,115
1,124,752
1,125,125
1,126,14407
1,160,1033
1,163,2
1,165,6
1,167,1
1,171,12
1,173,2
1,176,325
1,177,19
1,178,26
1,179,12
1,180,11
1,181,16
1,183,5547
1,185,5
1,186,4
1,187,12
1,189,9
1,192,8
1,193,4
1,194,1
1,196,3
1,197,8
1,198,2
1,199,5
1,201,31
1,202,2
1,208,1
1,211,3
1,213,1
1,214,6
1,215,168
1,216,5
1,218,2
1,220,29
1,222,4
1,223,14
1,224,17
1,225,111
1,226,10
1,227,26
1,228,127
1,229,3
1,230,17
1,231,38
1,232,61
1,233,415
1,234,16
1,235,8
1,236,2
1,237,35
1,238,5
1,239,4
1,240,3
1,241,7
1,243,55
1,244,18
1,246,113
1,247,12
1,248,7
1,250,34
1,251,1
1,252,129
1,253,3
1,257,19
1,259,1
1,261,2
1,263,2
1,264,1
1,265,6
1,268,3
1,269,6
1,273,1
1,275,8
1,277,1
1,281,2
1,283,1
1,284,1
1,285,5
1,287,2
1,292,1
1,293,3
1,295,1
1,299,9
1,304,4
1,305,23
1,308,1
1,309,4
1,320,2
1,321,1
1,322,13
1,324,1
1,331,1
1,333,16
1,335,4
1,337,11
1,338,2
1,339,6
1,345,2
1,348,1
1,349,2
1,350,3
1,351,8
1,353,1
1,363,4
1,364,1
1,365,4
1,369,1
1,381,1
1,382,2
1,447,1
1,464,1
1,483,1
1,490,2
1,541,1
1,563,1
1,601,4
1,603,1
1,605,1
1,618,3
1,640,2
1,650,2
1,699,3
1,700,2
1,702,1
1,711,1
1,712,4
1,715,1
1,720,4
1,728,1
1,729,2
1,730,13
1,733,6
1,769,2
1,880,1
1,881,1
1,882,1
1,883,1
1,886,1
1,887,1
1,902,4
1,906,1
1,912,1
1,913,36
1,914,23
1,915,16
1,916,45
1,917,23
1,918,8
1,919,6
1,920,13
1,921,30
1,922,30
1,923,20
1,924,15
1,925,6
1,927,4
1,928,27
1,929,8
1,931,13
1,932,9
1,934,5
1,935,1
1,936,1
1,937,4
1,940,52
1,941,29
1,942,23
1,943,40
1,945,238
1,946,28
1,947,70
1,948,41
1,949,66
1,950,7
1,951,59
1,952,70
1,953,117
1,954,73
1,955,98
1,956,69
1,957,177
1,958,6
1,959,215
1,960,79
1,961,80
1,962,179
1,963,66
1,964,97
1,965,35
1,966,32
1,967,12
1,968,11
1,969,66
1,972,69
1,973,21
1,974,12
1,981,4
1,984,1
1,985,1
1,986,1
1,987,1
1,988,1
1,989,1
1,990,1
1,991,1
1,992,1
1,993,1
1,1015,1
1,1016,1
1,1018,1
1,1019,1
1,1040,3
1,1041,5
1,1042,3
1,1043,4
1,1044,4
1,1045,2
1,1046,3
1,1047,1
1,1048,7
1,1050,11
1,1051,1
1,1052,2
1,1053,6
1,1054,3
1,1055,4
1,1056,7
1,1057,10
1,1058,1
1,1059,2
1,1060,1
1,1062,5
1,1063,4
1,1064,4
1,1070,5
1,1071,2
1,1072,57
1,1073,12
1,1074,19
1,1075,8
1,1076,10
1,1077,35
1,1078,2
1,1079,6
1,1080,58
1,1081,29
1,1082,32
1,1083,20
1,1084,13
1,1085,43
1,1086,40
1,1087,4
1,1088,41
1,1089,43
1,1090,17
1,1091,21
1,1093,3
1,1094,3
1,1095,8
1,1096,2
1,1099,4
1,1100,5
1,1101,6
1,1102,2
1,1103,9
1,1105,1
1,1111,2
1,1200,1
1,1488,1
1,1489,1
1,1491,1
1,1492,1
1,1493,2
1,1496,1
1,1497,1
1,1500,1
1,1506,1
1,1512,2
1,1513,2
1,1514,1
1,1571,1
1,1575,4
1,1576,4
1,1577,1
1,1580,1
1,1583,1
1,1585,3
1,1587,1
1,1588,1
1,1591,2
1,1593,2
1,1602,1
1,1604,1
1,1605,1
1,1606,4
1,1607,2
1,1608,2
1,1610,3
1,1615,2
1,1662,1
1,1740,1
1,2306,1
1,2328,1
1,2336,1
1,2342,1
1,2344,1
1,2350,1
1,2352,1
1,2360,1
1,2361,1
1,2366,1
1,2367,1
1,2368,2
1,2381,1
1,2434,1
1,2476,1
1,2482,1
1,2494,2
1,2588,1
1,2602,1
1,2604,1
1,2622,1
1,2624,1
1,2672,1
1,2980,1
1,2990,1
1,2996,1
1,3007,1
1,3021,1
1,3095,1
1,3108,1
1,3122,1
1,3137,2
1,3142,1
1,4355,3
1,4364,1
1,4370,1
1,4510,4
1,4513,3
1,4523,2
1,5817,1
1,7747,4
1,7749,10
1,7751,5
1,7763,1
1,7834,1
1,7841,1
1,7845,1
1,7871,1
1,7879,4
1,7893,1
1,7897,1
1,7906,1
1,7936,3
1,7940,2
1,7944,3
1,7952,1
1,7956,1
1,7960,1
1,7961,2
1,7969,1
1,7984,3
1,7985,3
1,7988,1
1,7989,1
1,8004,1
1,8016,3
1,8054,1
1,8134,1
1,8150,1
1,8172,4
1,8182,1
1,8194,3
1,8209,1
1,8211,683
1,8212,137
1,8213,35
1,8216,1418
1,8217,1473
1,8220,943
1,8221,939
1,8222,3
1,8224,14
1,8226,36
1,8228,7
1,8230,88
1,8231,1
1,8234,2
1,8236,2
1,8242,6
1,8243,2
1,8251,15
1,8309,2
1,8310,1
1,8312,2
1,8322,10
1,8323,2
1,8324,1
1,8364,3
1,8451,35
1,8467,57
1,8469,1
1,8531,6
1,8532,5
1,8544,9
1,8545,30
1,8546,15
1,8547,4
1,8548,1
1,8549,3
1,8592,34
1,8594,250
1,8596,5
1,8644,5
1,8656,2
1,8657,2
1,8680,2
1,8711,1
1,8712,2
1,8722,72
1,8723,1
1,8729,6
1,8730,3
1,8733,1
1,8734,6
1,8747,1
1,8764,92
1,8776,1
1,8800,10
1,8801,6
1,8804,1
1,8805,6
1,8810,17
1,8811,17
1,8842,7
1,8869,2
1,8901,7
1,8943,1
1,9312,12
1,9313,14
1,9314,8
1,9315,6
1,9316,5
1,9317,2
1,9318,1
1,9319,1
1,9332,2
1,9333,2
1,9334,2
1,9335,1
1,9472,177
1,9484,5
1,9488,5
1,9492,8
1,9496,8
1,9516,12
1,9524,3
1,9632,4
1,9635,1
1,9641,1
1,9651,4
1,9661,1
1,9670,9
1,9675,2
1,9679,2
1,9711,1
1,9734,9
1,9825,1
1,9829,1
1,9837,113
1,9839,86
1,10216,1
1,10217,1
1,10218,29
1,10219,29
1,11568,10
1,11571,2
1,11575,6
1,11579,2
1,11580,1
1,11593,1
1,11598,1
1,11599,1
1,11603,1
1,11604,4
1,11606,1
1,11612,7
1,11618,5
1,11619,3
1,12288,134
1,12289,31
1,12290,16
1,12293,2
1,12296,793
1,12297,792
1,12298,4854
1,12299,4851
1,12300,258
1,12301,259
1,12302,229
1,12303,226
1,12308,7
1,12309,7
1,12316,2
1,12354,7
1,12356,13
1,12358,3
1,12360,3
1,12362,6
1,12363,15
1,12364,1
1,12365,9
1,12366,1
1,12367,5
1,12368,1
1,12370,1
1,12371,15
1,12372,2
1,12373,7
1,12375,12
1,12376,1
1,12377,4
1,12378,1
1,12379,6
1,12380,1
1,12381,6
1,12383,7
1,12384,2
1,12385,11
1,12387,6
1,12388,5
1,12389,1
1,12390,10
1,12391,2
1,12392,12
1,12393,8
1,12394,12
1,12395,10
1,12397,1
1,12398,69
1,12399,7
1,12400,1
1,12402,2
1,12403,2
1,12404,2
1,12406,5
1,12409,2
1,12411,2
1,12412,1
1,12413,1
1,12414,8
1,12415,2
1,12416,1
1,12417,2
1,12418,3
1,12419,4
1,12420,2
1,12422,2
1,12423,3
1,12424,1
1,12425,12
1,12426,15
1,12427,7
1,12428,6
1,12429,1
1,12431,2
1,12434,4
1,12435,24
1,12449,3
1,12450,13
1,12451,2
1,12452,8
1,12454,1
1,12455,1
1,12456,1
1,12457,1
1,12458,3
1,12459,11
1,12460,5
1,12461,4
1,12463,9
1,12464,4
1,12465,1
1,12466,2
1,12467,8
1,12469,4
1,12470,2
1,12471,7
1,12472,6
1,12473,4
1,12474,4
1,12475,1
1,12477,1
1,12478,1
1,12479,4
1,12480,1
1,12481,8
1,12482,1
1,12483,5
1,12486,3
1,12487,1
1,12488,12
1,12489,6
1,12490,2
1,12493,5
1,12494,3
1,12495,1
1,12497,2
1,12498,1
1,12500,2
1,12501,4
1,12502,4
1,12503,1
1,12505,1
1,12507,2
1,12508,5
1,12510,8
1,12511,3
1,12512,3
1,12513,3
1,12515,8
1,12516,2
1,12518,1
1,12519,1
1,12520,3
1,12521,4
1,12522,9
1,12523,12
1,12524,1
1,12525,4
1,12527,1
1,12530,1
1,12531,26
1,12532,6
1,12534,3
1,12539,49
1,12540,13
1,12559,1
1,12578,1
1,12585,1
1,12593,9
1,12594,1
1,12596,10
1,12599,8
1,12600,2
1,12601,10
1,12609,5
1,12610,6
1,12611,2
1,12613,8
1,12615,7
1,12616,7
1,12618,4
1,12619,11
1,12620,5
1,12621,4
1,12622,11
1,12623,2
1,12624,1
1,12625,2
1,12626,1
1,12627,1
1,12629,1
1,12631,1
1,12632,1
1,12635,1
1,12636,1
1,12641,12
1,12643,2
1,12671,1
1,12673,1
1,12678,1
1,12685,109
1,12800,3
1,12801,6
1,12802,1
1,12828,2
1,13197,3
1,13199,7
1,13201,1
1,13202,6
1,13206,1
1,13212,2
1,13214,3
1,13217,6
1,13218,1
1,13222,1
1,13246,12
1,13258,2
1,13326,2
1,13762,2
1,19749,4
1,19968,114
1,19969,19
1,19971,21
1,19975,3
1,19976,6
1,19977,123
1,19978,112
1,19979,41
1,19981,50
1,19982,2
1,19985,5
1,19989,2
1,19990,118
1,19992,12
1,19993,5
1,19994,1
1,19998,4
1,20013,233
1,20018,1
1,20024,7
1,20025,3
1,20027,157
1,20029,1
1,20035,3
1,20037,16
1,20043,35
1,20046,7
1,20047,2
1,20048,1
1,20056,8
1,20057,17
1,20061,23
1,20062,8
1,20063,22
1,20077,1
1,20081,1
1,20083,3
1,20094,18
1,20096,3
1,20098,4
1,20102,4
1,20104,1
1,20105,3
1,20107,56
1,20108,54
1,20110,13
1,20113,5
1,20114,1
1,20116,56
1,20117,22
1,20124,2
1,20126,15
1,20129,3
1,20132,8
1,20133,1
1,20134,4
1,20135,1
1,20136,14
1,20139,10
1,20140,103
1,20141,4
1,20142,1
1,20154,137
1,20155,1
1,20160,4
1,20161,72
1,20167,41
1,20170,368
1,20171,14
1,20175,1
1,20180,2
1,20181,1
1,20182,1
1,20184,1
1,20185,22
1,20195,118
1,20196,24
1,20197,9
1,20206,3
1,20208,6
1,20210,9
1,20214,11
1,20219,2
1,20225,1
1,20234,19
1,20238,14
1,20239,5
1,20240,30
1,20241,17
1,20250,19
1,20253,2
1,20271,13
1,20276,7
1,20284,2
1,20285,15
1,20294,2
1,20301,32
1,20302,7
1,20303,9
1,20304,11
1,20305,1
1,20307,4
1,20309,9
1,20313,13
1,20315,45
1,20316,30
1,20319,1
1,20320,8
1,20329,1
1,20339,5
1,20350,3
1,20351,28
1,20358,18
1,20363,11
1,20365,6
1,20374,1
1,20379,2
1,20381,3
1,20385,1
1,20399,9
1,20405,3
1,20406,6
1,20415,2
1,20418,6
1,20420,3
1,20426,18
1,20430,1
1,20436,1
1,20439,10
1,20440,1
1,20445,79
1,20449,33
1,20462,17
1,20463,1
1,20465,3
1,20467,2
1,20474,1
1,20482,2
1,20489,4
1,20491,7
1,20493,2
1,20498,3
1,20505,4
1,20511,5
1,20515,1
1,20516,4
1,20522,1
1,20523,6
1,20525,13
1,20526,2
1,20534,1
1,20539,11
1,20551,7
1,20553,1
1,20559,11
1,20572,2
1,20581,9
1,20596,4
1,20598,1
1,20629,1
1,20633,10
1,20653,1
1,20659,54
1,20663,1
1,20670,3
1,20681,3
1,20687,31
1,20693,3
1,20702,3
1,20711,17
1,20717,2
1,20729,4
1,20735,1
1,20736,33
1,20737,2
1,20740,3
1,20745,3
1,20754,57
1,20767,4
1,20778,6
1,20800,5
1,20801,12
1,20803,322
1,20804,8
1,20805,2
1,20806,2
1,20808,35
1,20809,209
1,20811,9
1,20812,2
1,20813,2
1,20818,25
1,20823,1
1,20837,20
1,20839,27
1,20840,59
1,20841,15
1,20842,1
1,20843,43
1,20844,89
1,20845,49
1,20846,12
1,20848,1
1,20849,27
1,20853,25
1,20854,3
1,20855,6
1,20856,40
1,20860,3
1,20864,2
1,20869,5
1,20870,4
1,20873,4
1,20874,5
1,20877,13
1,20896,14
1,20901,2
1,20908,3
1,20918,3
1,20919,6
1,20937,161
1,20939,1
1,20941,2
1,20957,2
1,20961,3
1,20976,9
1,20977,1
1,20982,3
1,20984,1
1,20986,28
1,20989,13
1,20992,2
1,20998,50
1,20999,5
1,21009,9
1,21015,28
1,21016,1
1,21021,126
1,21028,10
1,21029,39
1,21033,29
1,21034,3
1,21035,1
1,21040,5
1,21046,57
1,21047,1
1,21048,3
1,21049,1
1,21050,4
1,21051,13
1,21063,36
1,21066,1
1,21068,8
1,21069,401
1,21083,5
1,21085,1
1,21097,2
1,21103,11
1,21106,4
1,21109,11
1,21123,6
1,21127,28
1,21129,146
1,21133,6
1,21137,2
1,21147,37
1,21151,16
1,21152,50
1,21153,2
1,21158,3
1,21160,2
1,21161,29
1,21162,2
1,21165,2
1,21171,1
1,21172,1
1,21177,1
1,21185,1
1,21187,2
1,21189,1
1,21191,4
1,21193,5
1,21202,2
1,21205,55
1,21209,5
1,21211,3
1,21213,12
1,21214,4
1,21215,2
1,21218,12
1,21220,8
1,21235,38
1,21237,1
1,21240,2
1,21242,2
1,21246,2
1,21247,54
1,21250,1
1,21253,2
1,21256,1
1,21270,125
1,21271,585
1,21280,4
1,21281,1
1,21306,2
1,21307,2
1,21312,27
1,21313,56
1,21315,13
1,21319,1
1,21320,8
1,21322,21
1,21325,5
1,21327,5
1,21329,7
1,21330,8
1,21331,2
1,21332,13
1,21335,434
1,21336,1
1,21338,10
1,21340,7
1,21342,3
1,21344,4
1,21348,1
1,21350,18
1,21359,5
1,21360,15
1,21361,1
1,21363,2
1,21365,2
1,21367,16
1,21373,11
1,21375,7
1,21402,2
1,21405,1
1,21407,211
1,21413,1
1,21435,10
1,21443,11
1,21448,3
1,21450,6
1,21451,14
1,21453,44
1,21457,2
1,21460,2
1,21462,3
1,21463,7
1,21473,1
1,21475,14
1,21476,220
1,21477,819
1,21482,3
1,21484,3
1,21487,25
1,21488,15
1,21490,73
1,21491,10
1,21495,3
1,21496,23
1,21508,5
1,21512,74
1,21513,36
1,21516,76
1,21517,52
1,21518,49
1,21519,4
1,21520,1
1,21521,4
1,21531,52
1,21535,6
1,21542,3
1,21547,4
1,21555,139
1,21560,2
1,21561,11
1,21563,1
1,21566,6
1,21570,10
1,21576,2
1,21578,6
1,21592,4
1,21608,80
1,21610,3
1,21619,33
1,21628,2
1,21629,39
1,21636,1
1,21644,211
1,21668,1
1,21672,31
1,21675,1
1,21676,1
1,21688,57
1,21696,15
1,21697,10
1,21704,16
1,21729,7
1,21733,2
1,21736,1
1,21746,12
1,21764,2
1,21776,171
1,21807,4
1,21809,10
1,21828,1
1,21830,18
1,21831,2
1,21839,5
1,21843,13
1,21892,57
1,21894,3
1,21895,1
1,21898,1
1,21916,15
1,21919,1
1,21930,4
1,21934,13
1,21980,1
1,21987,3
1,22025,115
1,22120,26
1,22190,1
1,22195,1
1,22196,3
1,22218,2
1,22234,5
1,22235,56
1,22238,16
1,22240,17
1,22242,2
1,22243,3
1,22259,2
1,22266,8
1,22269,44
1,22280,8
1,22283,537
1,22285,3
1,22287,1
1,22290,21
1,22291,15
1,22294,27
1,22296,14
1,22303,52
1,22311,1
1,22312,35
1,22317,14
1,22320,70
1,22336,1
1,22343,8
1,22346,60
1,22350,6
1,22352,5
1,22369,3
1,22372,7
1,22378,6
1,22384,1
1,22402,2
1,22408,1
1,22411,16
1,22429,1
1,22432,1
1,22435,1
1,22472,2
1,22478,183
1,22495,26
1,22512,1
1,22517,1
1,22519,6
1,22521,3
1,22522,59
1,22530,14
1,22533,10
1,22564,5
1,22575,4
1,22577,29
1,22580,9
1,22581,1
1,22602,2
1,22609,1
1,22612,20
1,22615,3
1,22616,1
1,22618,29
1,22622,4
1,22625,2
1,22654,2
1,22659,8
1,22675,11
1,22686,1
1,22687,1
1,22696,8
1,22707,6
1,22721,5
1,22727,1
1,22739,3
1,22744,4
1,22750,1
1,22756,21
1,22763,46
1,22764,4
1,22766,1
1,22767,3
1,22768,1
1,22770,2
1,22775,1
1,22778,1
1,22781,124
1,22793,3
1,22799,43
1,22805,2
1,22806,28
1,22810,79
1,22812,6
1,22818,7
1,22823,707
1,22825,275
1,22826,494
1,22827,63
1,22829,3
1,22830,4
1,22833,7
1,22839,23
1,22855,9
1,22856,88
1,22857,8
1,22862,2
1,22863,6
1,22864,2
1,22865,12
1,22868,5
1,22869,1
1,22871,2
1,22872,1
1,22874,1
1,22882,1
1,22885,1
1,22887,3
1,22899,59
1,22900,26
1,22909,11
1,22914,11
1,22915,29
1,22931,3
1,22937,3
1,22956,1
1,22963,1
1,22971,4
1,22987,133
1,22995,44
1,22996,9
1,23002,1
1,23004,10
1,23019,20
1,23020,9
1,23032,2
1,23041,52
1,23057,34
1,23068,1
1,23077,3
1,23100,1
1,23105,161
1,23110,39
1,23142,6
1,23186,5
1,23195,3
1,23207,1
1,23229,4
1,23233,6
1,23236,1
1,23265,9
1,23296,1
1,23344,31
1,23361,1
1,23376,191
1,23380,8
1,23383,69
1,23384,7
1,23387,3
1,23389,133
1,23391,4
1,23395,10
1,23396,5
1,23398,16
1,23401,1
1,23403,41
1,23416,235
1,23420,1
1,23424,2
1,23425,1
1,23429,6
1,23431,5
1,23432,20
1,23433,324
1,23435,160
1,23436,15
1,23439,1
1,23447,150
1,23448,42
1,23449,1
1,23450,85
1,23452,2
1,23453,11
1,23455,5
1,23458,7
1,23459,66
1,23460,23
1,23462,1
1,23467,1
1,23470,49
1,23472,4
1,23475,4
1,23476,4
1,23477,1
1,23478,72
1,23481,19
1,23487,6
1,23490,1
1,23492,2
1,23493,4
1,23494,6
1,23495,1
1,23500,15
1,23506,3
1,23507,3
1,23519,9
1,23526,49
1,23527,90
1,23529,2
1,23531,17
1,23532,10
1,23534,2
1,23541,2
1,23542,50
1,23544,1
1,23546,35
1,23548,1
1,23550,1
1,23551,1
1,23553,16
1,23554,2
1,23556,9
1,23559,30
1,23560,6
1,23561,14
1,23562,12
1,23563,1
1,23565,42
1,23566,9
1,23567,111
1,23569,29
1,23571,1
1,23572,1
1,23574,1
1,23577,33
1,23578,2
1,23588,1
1,23601,2
1,23609,40
1,23610,18
1,23612,5
1,23614,5
1,23616,8
1,23621,148
1,23624,2
1,23627,10
1,23637,5
1,23646,2
1,23652,8
1,23653,4
1,23660,17
1,23663,3
1,23665,251
1,23673,1
1,23696,6
1,23697,2
1,23713,4
1,23721,7
1,23729,1
1,23731,9
1,23736,6
1,23769,2
1,23784,2
1,23791,1
1,23792,12
1,23796,18
1,23798,149
1,23803,2
1,23815,12
1,23822,5
1,23824,1
1,23825,1
1,23828,27
1,23831,3
1,23833,3
1,23849,3
1,23913,2
1,23919,1
1,23947,1
1,23994,24
1,23996,6
1,23997,2
1,24022,4
1,24029,190
1,24030,245
1,24033,5
1,24034,2
1,24035,1
1,24037,16
1,24038,15
1,24040,9
1,24043,3
1,24046,19
1,24049,56
1,24050,2
1,24051,2
1,24052,5
1,24059,18
1,24061,1
1,24063,1
1,24066,58
1,24067,15
1,24076,7
1,24086,9
1,24093,1090
1,24101,5
1,24107,394
1,24109,2
1,24111,1
1,24115,4
1,24118,14
1,24120,26
1,24125,3
1,24133,1
1,24149,7
1,24161,3
1,24162,2
1,24163,1
1,24178,227
1,24179,393
1,24180,39
1,24182,1
1,24183,1
1,24184,5
1,24185,5
1,24187,5
1,24188,2
1,24189,6
1,24190,1
1,24191,1
1,24193,1
1,24198,1
1,24202,2
1,24207,3
1,24213,7
1,24215,4
1,24218,9
1,24220,160
1,24230,44
1,24231,9
1,24235,9
1,24237,6
1,24245,3
1,24246,3
1,24247,76
1,24248,3
1,24254,1
1,24262,2
1,24264,2
1,24265,2
1,24266,3
1,24271,1
1,24287,16
1,24290,41
1,24291,68
1,24300,2
1,24307,5
1,24310,85
1,24311,7
1,24314,471
1,24315,2
1,24320,1
1,24321,6
1,24324,5
1,24335,54
1,24339,3
1,24340,1
1,24341,12
1,24342,1
1,24343,9
1,24344,50
1,24351,2
1,24352,3
1,24357,2
1,24358,4
1,24361,1
1,24369,5
1,24373,36
1,24375,3
1,24377,1
1,24378,1
1,24380,4
1,24396,11
1,24409,1
1,24418,44
1,24422,10
1,24423,2
1,24425,6
1,24427,3
1,24428,3
1,24429,3
1,24432,5
1,24433,12
1,24441,4
1,24444,1
1,24448,3
1,24449,8
1,24453,3
1,24458,1
1,24459,29
1,24460,681
1,24464,15
1,24466,4
1,24471,9
1,24473,1
1,24478,9
1,24481,15
1,24489,9
1,24490,2
1,24494,9
1,24499,10
1,24500,1
1,24501,9
1,24503,179
1,24505,2
1,24509,15
1,24515,41
1,24516,1
1,24517,6
1,24524,2
1,24525,3
1,24530,1
1,24535,32
1,24536,2
1,24540,4
1,24544,39
1,24555,2
1,24565,9
1,24573,15
1,24598,1
1,24605,44
1,24613,1
1,24615,72
1,24616,2
1,24618,4
1,24646,4
1,24658,6
1,24674,1
1,24676,3
1,24680,1
1,24681,7
1,24682,2
1,24684,1
1,24685,17
1,24687,6
1,24709,3
1,24713,1
1,24716,1
1,24724,1
1,24736,1
1,24739,1
1,24744,1
1,24746,1
1,24754,30
1,24755,2
1,24758,1
1,24764,1
1,24773,27
1,24775,1
1,24785,1
1,24799,3
1,24800,30
1,24801,8
1,24819,22
1,24833,2
1,24845,6
1,24847,23
1,24858,7
1,24859,28
1,24863,10
1,24892,4
1,24904,55
1,24906,1
1,24907,9
1,24910,4
1,24917,16
1,24930,4
1,24931,1
1,24935,4
1,24936,1
1,24942,2
1,24944,7
1,24950,39
1,24974,1
1,24976,1
1,24977,1
1,24985,1
1,24996,1
1,25010,15
1,25014,1
1,25022,1
1,25031,1
1,25033,37
1,25035,1
1,25079,12
1,25080,1
1,25087,3
1,25088,2
1,25096,1
1,25098,2
1,25100,4
1,25101,2
1,25104,198
1,25105,21
1,25106,8
1,25110,3
1,25126,5
1,25130,1
1,25136,47
1,25137,9
1,25140,1
1,25142,16
1,25144,4
1,25151,9
1,25152,24
1,25153,1
1,25155,3
1,25163,24
1,25165,8
1,25170,1
1,25171,7
1,25201,1
1,25206,27
1,25209,1
1,25215,41
1,25216,12
1,25220,5
1,25233,1
1,25234,4
1,25239,6
1,25240,7
1,25243,1
1,25265,2
1,25269,5
1,25276,2
1,25277,1
1,25282,4
1,25289,2
1,25292,1
1,25293,9
1,25295,1
1,25299,4
1,25302,1
1,25304,1
1,25305,3
1,25307,1
1,25308,2
1,25324,1
1,25325,1
1,25345,4
1,25351,7
1,25353,1
1,25391,9
1,25401,5
1,25405,1
1,25406,1
1,25429,1
1,25447,1
1,25466,1
1,25467,1
1,25475,2
1,25480,9
1,25484,4
1,25490,1
1,25496,1
1,25499,1
1,25504,3
1,25505,2
1,25506,3
1,25509,7
1,25512,5
1,25534,1
1,25551,6
1,25552,4
1,25562,2
1,25563,6
1,25569,1
1,25581,1
1,25582,1
1,25588,3
1,25613,2
1,25622,1
1,25623,1
1,25644,1
1,25658,1
1,25666,1
1,25705,36
1,25720,1
1,25731,1
1,25746,3
1,25747,1
1,25764,1
1,25766,2
1,25771,3
1,25773,2
1,25774,1
1,25776,6
1,25787,1
1,25799,6
1,25802,1
1,25805,8
1,25812,2
1,25818,3
1,25831,1
1,25836,1
1,25842,2
1,25844,2
1,25880,1
1,25885,8
1,25903,44
1,25908,1
1,25909,2
1,25910,3
1,25912,1
1,25913,14
1,25915,3
1,25918,8
1,25919,94
1,25925,83
1,25928,4
1,25933,6
1,25934,69
1,25935,6
1,25937,3
1,25943,1
1,25945,25
1,25950,2
1,25955,17
1,25958,3
1,25964,18
1,25972,9
1,25973,2
1,25975,1
1,25976,79
1,25986,1
1,25991,377
1,25993,1
1,25996,2
1,25998,1
1,26000,1
1,26007,10
1,26009,20
1,26012,4
1,26017,1
1,26020,13
1,26023,2
1,26028,1
1,26031,29
1,26032,1049
1,26039,8
1,26041,67
1,26044,29
1,26045,4
1,26053,12
1,26059,4
1,26063,58
1,26071,7
1,26083,3
1,26085,155
1,26087,1
1,26088,6
1,26089,5
1,26092,1
1,26093,2
1,26097,2
1,26102,1
1,26106,3
1,26107,2
1,26118,4
1,26119,35
1,26122,2
1,26124,68
1,26126,292
1,26131,5
1,26132,3
1,26133,1
1,26143,34
1,26144,4
1,26149,48
1,26151,2
1,26157,18
1,26159,16
1,26161,2
1,26166,2
1,26178,77
1,26179,2
1,26185,343
1,26187,12
1,26191,5
1,26201,1
1,26205,1
1,26207,3
1,26217,6
1,26222,14
1,26223,70
1,26227,2
1,26228,2
1,26230,7
1,26234,49
1,26254,2
1,26263,7
1,26274,1
1,26292,1
1,26299,1
1,26310,15
1,26311,3
1,26313,1
1,26332,2
1,26352,2
1,26354,61
1,26356,13
1,26359,7
1,26360,131
1,26361,12
1,26362,3
1,26365,1
1,26367,1
1,26368,17
1,26371,80
1,26376,45
1,26377,74
1,26381,3
1,26388,15
1,26389,1
1,26395,10
1,26397,129
1,26399,43
1,26408,25
1,26410,12
1,26411,25
1,26412,160
1,26414,2
1,26417,16
1,26420,67
1,26441,2
1,26446,166
1,26447,2
1,26448,7
1,26449,22
1,26454,1
1,26460,3
1,26463,4
1,26465,5
1,26469,2
1,26477,1
1,26479,1
1,26481,503
1,26482,1
1,26485,1
1,26494,20
1,26495,8
1,26512,4
1,26517,4
1,26519,48
1,26524,7
1,26525,6
1,26529,1
1,26550,5
1,26553,1
1,26558,2
1,26564,1
1,26575,1
1,26579,2
1,26580,3
1,26609,11
1,26611,20
1,26612,3
1,26613,3
1,26619,12
1,26628,1
1,26643,1
1,26647,1
1,26657,29
1,26666,5
1,26680,17
1,26681,35
1,26684,7
1,26685,1
1,26688,1
1,26690,9
1,26691,2
1,26696,4
1,26704,2
1,26705,4
1,26707,41
1,26753,168
1,26757,4
1,26775,2
1,26781,88
1,26792,1
1,26800,1
1,26805,2
1,26806,1
1,26825,1
1,26827,2
1,26840,1
1,26862,6
1,26866,2
1,26874,5
1,26893,17
1,26894,1
1,26898,3
1,26908,1
1,26933,1
1,26941,1
1,26943,2
1,26954,27
1,26964,1
1,26970,10
1,26976,2
1,26989,34
1,26991,1
1,26997,15
1,26999,6
1,27001,1
1,27005,1
1,27054,51
1,27072,2
1,27075,1
1,27083,10
1,27086,1
1,27088,4
1,27096,2
1,27112,1
1,27114,1
1,27135,2
1,27138,176
1,27146,2
1,27155,2
1,27161,20
1,27166,1
1,27169,3
1,27171,2
1,27177,3
1,27178,4
1,27189,1
1,27193,12
1,27194,1
1,27211,3
1,27216,1
1,27224,1
1,27231,37
1,27243,7
1,27263,2
1,27264,4
1,27277,1
1,27298,1
1,27299,1
1,27355,2
1,27356,1
1,27402,33
1,27424,1
1,27425,87
1,27442,2
1,27453,6
1,27454,3
1,27459,1
1,27468,69
1,27470,1
1,27472,12
1,27489,1
1,27490,7
1,27491,131
1,27492,6
1,27493,2
1,27494,573
1,27503,2
1,27506,11
1,27507,1
1,27508,1
1,27511,6
1,27512,7
1,27513,1
1,27515,21
1,27529,3
1,27530,2
1,27542,3
1,27544,1
1,27556,2
1,27573,6
1,27575,9
1,27578,6
1,27579,1
1,27580,1
1,27583,24
1,27589,6
1,27595,1
1,27596,2
1,27597,20
1,27598,1
1,27599,3
1,27602,2
1,27604,59
1,27607,31
1,27608,3
1,27611,13
1,27628,3
1,27663,97
1,27665,148
1,27668,1
1,27671,3
1,27683,34
1,27700,75
1,27701,2
1,27703,7
1,27704,260
1,27709,1
1,27713,1
1,27714,13
1,27726,2
1,27735,8
1,27738,3
1,27740,1
1,27743,55
1,27744,10
1,27754,1
1,27770,4
1,27774,9
1,27779,5
1,27781,2
1,27782,1
1,27784,12
1,27794,2
1,27798,3
1,27800,2
1,27801,19
1,27802,2
1,27803,1
1,27810,1
1,27818,1
1,27822,5
1,27825,1
1,27827,71
1,27832,3
1,27833,13
1,27835,58
1,27836,4
1,27838,16
1,27839,1
1,27841,4
1,27849,14
1,27850,1
1,27852,4
1,27861,169
1,27863,3
1,27872,1
1,27874,22
1,27877,363
1,27880,6
1,27888,77
1,27891,8
1,27915,17
1,27927,1
1,27929,26
1,27931,11
1,27934,16
1,27941,16
1,27946,18
1,27954,14
1,27963,8
1,27964,1
1,27965,1
1,27966,33
1,27969,79
1,27972,2
1,27973,4
1,27993,1
1,27994,1
1,27996,2
1,28003,4
1,28006,15
1,28009,14
1,28010,13
1,28014,3
1,28023,97
1,28024,1
1,28025,1
1,28031,2
1,28037,1
1,28040,6
1,28041,5
1,28049,1
1,28051,1
1,28078,1
1,28082,5
1,28092,8
1,28096,1
1,28113,17
1,28121,1
1,28122,1
1,28129,6
1,28136,4
1,28142,4
1,28145,5
1,28147,7
1,28149,13
1,28151,2
1,28152,62
1,28153,1
1,28165,4
1,28171,1
1,28186,1
1,28187,2
1,28191,2
1,28192,4
1,28193,4
1,28196,4
1,28201,1
1,28204,5
1,28207,7
1,28212,2
1,28222,4
1,28236,1
1,28246,18
1,28252,2
1,28255,1
1,28263,1
1,28271,5
1,28288,3
1,28304,39
1,28310,17
1,28316,1
1,28317,5
1,28319,2
1,28330,1
1,28331,68
1,28342,5
1,28356,1
1,28357,8
1,28359,1
1,28363,1
1,28369,1
1,28392,1
1,28408,2
1,28415,21
1,28417,3
1,28422,2
1,28431,2
1,28433,1
1,28436,8
1,28450,719
1,28451,1
1,28459,3
1,28465,2
1,28467,2
1,28472,3
1,28479,1
1,28497,1
1,28504,2
1,28507,1
1,28511,1
1,28516,8
1,28525,3
1,28526,9
1,28540,1
1,28541,2
1,28548,3
1,28558,1
1,28580,12
1,28608,1
1,28609,1
1,28611,6
1,28618,12
1,28629,1
1,28635,1
1,28639,806
1,28640,4
1,28649,2
1,28657,3
1,28670,1
1,28677,1
1,28678,1
1,28701,1
1,28703,1
1,28716,1
1,28722,1
1,28748,4
1,28760,2
1,28771,19
1,28779,31
1,28784,5
1,28797,2
1,28798,1
1,28810,1
1,28814,6
1,28818,3
1,28822,1
1,28836,24
1,28845,9
1,28847,5
1,28851,11
1,28856,3
1,28857,6
1,28858,4
1,28872,21
1,28879,29
1,28900,1
1,28909,1
1,28921,2
1,28925,13
1,28937,1
1,28954,1
1,28961,48
1,28966,2
1,28982,16
1,29001,1
1,29006,1
1,29017,3
1,29029,10
1,29030,1
1,29031,9
1,29032,1
1,29033,1
1,29036,15
1,29038,1
1,29066,6
1,29071,2
1,29074,1
1,29081,86
1,29105,14
1,29113,18
1,29121,1
1,29123,4
1,29128,3
1,29138,2
1,29141,120
1,29148,1
1,29151,14
1,29157,1
1,29158,1
1,29166,5
1,29172,1
1,29190,2
1,29228,3
1,29229,8
1,29233,6
1,29234,5
1,29237,1
1,29238,17
1,29240,2
1,29243,8
1,29246,70
1,29255,5
1,29256,12
1,29260,2
1,29273,4
1,29275,17
1,29279,5
1,29281,1
1,29287,52
1,29289,100
1,29305,25
1,29351,2
1,29356,3
1,29359,3
1,29376,17
1,29378,3
1,29380,8
1,29392,1
1,29399,9
1,29417,2
1,29420,1
1,29433,3
1,29436,2
1,29458,1
1,29467,1
1,29482,7
1,29492,1
1,29494,4
1,29508,11
1,29509,1
1,29518,1
1,29520,1
1,29544,23
1,29554,3
1,29557,1
1,29560,26
1,29563,46
1,29564,1
1,29572,53
1,29574,3
1,29575,11
1,29577,66
1,29579,1963
1,29599,1
1,29609,4
1,29618,2
1,29625,2
1,29632,1
1,29641,4
1,29645,11
1,29654,1
1,29657,1
1,29662,1
1,29664,12
1,29674,1
1,29677,3
1,29694,54
1,29699,28
1,29702,97
1,29705,5
1,29715,1
1,29721,1
1,29733,1
1,29738,4
1,29740,1
1,29743,1
1,29747,3
1,29748,30
1,29749,3
1,29750,3
1,29781,10
1,29787,1
1,29788,6
1,29790,9
1,29791,1
1,29792,44
1,29794,1
1,29796,1
1,29801,1
1,29802,2
1,29811,1
1,29827,44
1,29835,2
1,29852,2
1,29863,3
1,29872,7
1,29885,13
1,29898,3
1,29914,5
1,29916,2
1,29920,1
1,29923,2
1,29926,3
1,29953,1
1,29969,4
1,29976,22
1,29978,1
1,29983,89
1,29987,11
1,29992,37
1,29995,5
1,30000,53
1,30001,12
1,30002,21
1,30003,29
1,30005,1
1,30007,18
1,30008,1
1,30010,9
1,30011,1
1,30023,1
1,30028,49
1,30031,4
1,30035,1
1,30036,1
1,30041,32
1,30044,1
1,30053,19
1,30058,3
1,30059,2
1,30064,21
1,30069,32
1,30070,3
1,30073,1
1,30079,7
1,30084,1
1,30087,2
1,30094,2
1,30095,1
1,30097,1
1,30123,2
1,30130,1
1,30142,2
1,30149,1
1,30151,4
1,30171,1
1,30194,2
1,30202,1
1,30241,1
1,30274,2
1,30313,1
1,30328,7
1,30331,23
1,30332,15
1,30333,65
1,30334,778
1,30337,2
1,30340,125
1,30342,3
1,30343,190
1,30355,3
1,30365,1
1,30382,4
1,30399,1
1,30410,6
1,30422,22
1,30427,10
1,30431,8
1,30433,2
1,30435,27
1,30436,7
1,30439,42
1,30446,21
1,30450,1
1,30452,18
1,30456,68
1,30462,4
1,30465,23
1,30473,1
1,30475,2
1,30476,3
1,30494,168
1,30495,10
1,30496,5
1,30509,1
1,30524,3
1,30528,4
1,30555,1
1,30561,6
1,30563,12
1,30591,3
1,30629,1
1,30636,1
1,30683,2
1,30690,1
1,30691,3
1,30693,58
1,30697,1
1,30701,5
1,30707,52
1,30722,6
1,30740,3
1,30758,1
1,30770,6
1,30772,2
1,30799,10
1,30827,1
1,30828,8
1,30831,1
1,30862,3
1,30865,11
1,30871,1
1,30887,2
1,30889,1
1,30906,2
1,30913,8
1,30932,1
1,30952,1
1,30974,1
1,30990,3
1,31018,1
1,31019,1
1,31034,3
1,31036,1
1,31038,41
1,31040,3
1,31047,3
1,31048,3
1,31051,1
1,31056,4
1,31062,152
1,31063,69
1,31066,55
1,31069,5
1,31070,162
1,31072,1
1,31076,1
1,31077,3
1,31080,4
1,31085,32
1,31098,2
1,31103,4
1,31105,12
1,31118,3
1,31119,70
1,31142,1
1,31146,9
1,31150,47
1,31152,1
1,31153,1
1,31161,4
1,31165,5
1,31166,9
1,31167,8
1,31168,14
1,31169,14
1,31177,7
1,31178,1
1,31179,12
1,31185,29
1,31186,2
1,31192,4
1,31199,2
1,31206,146
1,31227,8
1,31232,1
1,31237,5
1,31243,17
1,31245,1
1,31255,2
1,31258,2
1,31264,4
1,31278,20
1,31281,8
1,31282,3
1,31287,4
1,31291,9
1,31292,1
1,31293,15
1,31295,1
1,31296,4
1,31302,23
1,31309,8
1,31319,3
1,31329,2
1,31330,2
1,31337,1
1,31348,2
1,31350,11
1,31354,42
1,31359,1
1,31361,1
1,31378,2
1,31391,22
1,31401,1
1,31402,1
1,31406,8
1,31431,4
1,31434,1
1,31435,200
1,31449,1
1,31452,2
1,31453,1
1,31455,3
1,31456,103
1,31461,9
1,31466,1
1,31471,8
1,31478,3
1,31481,20
1,31487,4
1,31503,1
1,31505,6
1,31513,2
1,31515,6
1,31526,2
1,31528,1
1,31532,61
1,31541,1
1,31545,1
1,31558,19
1,31561,26
1,31563,4
1,31564,1
1,31565,1
1,31569,2
1,31570,4
1,31572,9
1,31574,8
1,31590,1
1,31626,1
1,31631,4
1,31636,1
1,31637,1
1,31639,12
1,31642,1
1,31649,13
1,31661,1
1,31668,1
1,31680,38
1,31684,12
1,31686,9
1,31687,5
1,31689,5
1,31777,11
1,31783,1
1,31787,4
1,31807,3
1,31821,4
1,31826,2
1,31840,2
1,31859,7
1,31881,4
1,31890,4
1,31896,2
1,31909,1
1,31922,1
1,31925,1
1,31929,2
1,31934,14
1,31958,3
1,31975,2
1,31992,1
1,31995,35
1,32000,66
1,32002,2
1,32004,10
1,32005,3
1,32011,12
1,32013,6
1,32020,17
1,32024,1
1,32025,5
1,32026,11
1,32027,1
1,32032,52
1,32034,5
1,32043,15
1,32044,1
1,32047,4
1,32048,11
1,32057,6
1,32066,2
1,32067,8
1,32068,15
1,32076,2
1,32080,21
1,32085,1
1,32094,1
1,32097,1
1,32102,4
1,32113,57
1,32114,5
1,32118,10
1,32127,1
1,32143,5
1,32147,48
1,32153,4
1,32154,1
1,32160,12
1,32172,8
1,32173,15
1,32177,12
1,32178,4
1,32180,1
1,32181,1
1,32184,1
1,32191,2
1,32202,1
1,32203,1
1,32207,1
1,32209,1
1,32210,1
1,32214,5
1,32218,37
1,32222,1
1,32227,3
1,32232,10
1,32239,4
1,32244,2
1,32291,33
1,32302,2
1,32305,3
1,32317,18
1,32318,3
1,32321,1
1,32340,7
1,32361,2
1,32362,2
1,32363,1
1,32380,5
1,32386,2
1,32396,9
1,32406,2
1,32456,3
1,32536,1
1,32566,1
1,32570,2
1,32597,2
1,32618,4
1,32622,8
1,32626,5
1,32629,1
1,32645,1020
1,32648,1
1,32650,4
1,32652,4
1,32654,92
1,32676,21
1,32681,143
1,32687,1
1,32690,4
1,32701,17
1,32705,3
1,32714,2
1,32722,15
1,32724,6
1,32725,1
1,32735,5
1,32736,4
1,32737,1
1,32752,10
1,32764,8
1,32768,9
1,32769,22
1,32771,8
1,32773,54
1,32774,2
1,32780,6
1,32789,4
1,32819,9
1,32822,11
1,32829,2
1,32831,1
1,32854,135
1,32856,1
1,32858,5
1,32862,5
1,32879,8
1,32882,22
1,32884,3
1,32886,1
1,32887,3
1,32893,2
1,32894,2
1,32901,12
1,32903,2
1,32905,7
1,32918,82
1,32930,1
1,32937,1
1,32938,1
1,32943,1
1,32946,15
1,32954,2
1,32972,3
1,32974,3
1,32986,2
1,32990,8
1,32993,6
1,32996,1
1,32997,1
1,33012,1
1,33021,18
1,33026,4
1,33030,1
1,33032,25
1,33034,1
1,33067,30
1,33094,17
1,33098,1
1,33100,1
1,33105,1
1,33108,2
1,33109,8
1,33126,7
1,33131,1
1,33136,4
1,33137,1
1,33144,5
1,33145,1
1,33180,5
1,33210,3
1,33213,1
1,33220,1
1,33222,1
1,33240,10
1,33242,1
1,33247,2
1,33251,56
1,33255,41
1,33256,43
1,33258,46
1,33267,8
1,33268,13
1,33274,15
1,33287,4
1,33288,298
1,33290,26
1,33292,1
1,33293,3
1,33294,1
1,33298,5
1,33308,3
1,33310,20
1,33311,5
1,33322,5
1,33324,7
1,33337,5
1,33382,4
1,33390,1
1,33391,30
1,33394,28
1,33398,2
1,33406,2
1,33419,2
1,33437,3
1,33445,2
1,33449,1
1,33452,2
1,33454,1
1,33457,47
1,33459,6
1,33464,6
1,33465,2
1,33469,2
1,33489,3
1,33495,1
1,33499,1
1,33509,15
1,33510,2
1,33513,3
1,33521,50
1,33534,1
1,33538,9
1,33540,1
1,33541,2
1,33590,8
1,33600,2
1,33607,1
1,33609,23
1,33610,2
1,33615,1
1,33618,2
1,33624,4
1,33635,1
1,33655,10
1,33659,1
1,33670,1
1,33674,15
1,33682,1
1,33688,16
1,33698,2
1,33707,21
1,33725,18
1,33728,1
1,33729,2
1,33733,1
1,33738,4
1,33756,1
1,33759,7
1,33769,4
1,33775,67
1,33780,1
1,33787,1
1,33802,4
1,33833,1
1,33836,34
1,33841,5
1,33853,8
1,33865,18
1,33879,2
1,33883,6
1,33891,5
1,33894,4
1,33900,9
1,33914,2
1,33931,1
1,33945,13
1,33970,1
1,33976,4
1,33980,2
1,33985,1
1,33988,1
1,33995,43
1,34001,1
1,34003,1
1,34030,12
1,34065,1
1,34067,1
1,34074,6
1,34079,1
1,34081,5
1,34083,4
1,34101,3
1,34115,2
1,34137,2
1,34153,2
1,34157,3
1,34180,5
1,34203,5
1,34214,1
1,34217,11
1,34218,3
1,34219,1
1,34220,1
1,34224,4
1,34253,3
1,34255,14
1,34268,2
1,34269,22
1,34276,26
1,34277,4
1,34281,6
1,34282,2
1,34299,1
1,34310,3
1,34311,23
1,34349,10
1,34382,10
1,34384,1
1,34389,8
1,34395,5
1,34396,3
1,34398,6
1,34399,29
1,34411,5
1,34474,1
1,34503,4
1,34507,3
1,34521,6
1,34523,1
1,34560,96
1,34562,2
1,34584,1
1,34588,1
1,34597,1
1,34636,1
1,34645,8
1,34662,1
1,34701,1
1,34746,3
1,34782,1
1,34802,6
1,34811,1
1,34847,2
1,34875,2
1,34880,9
1,34886,7
1,34892,58
1,34893,2
1,34898,1
1,34899,32
1,34903,5
1,34905,2
1,34907,13
1,34913,29
1,34915,7
1,34920,25
1,34945,9
1,34987,3
1,34996,1
1,35009,3
1,35010,2
1,35023,4
1,35029,2
1,35036,7
1,35037,7
1,35050,1
1,35059,2
1,35060,1
1,35061,6
1,35064,1
1,35069,3
1,35079,8
1,35090,8
1,35109,2
1,35114,1
1,35140,5
1,35167,2
1,35186,2
1,35199,395
1,35201,10
1,35206,3
1,35207,3
1,35208,1
1,35211,7
1,35215,4
1,35222,10
1,35226,1
1,35233,1
1,35242,22
1,35250,1
1,35251,1
1,35258,13
1,35261,5
1,35264,39
1,35282,18
1,35299,172
1,35302,1
1,35320,1
1,35328,21
1,35330,2
1,35336,14
1,35342,3
1,35347,16
1,35350,48
1,35351,3
1,35352,64
1,35355,1
1,35363,2
1,35365,45
1,35370,3
1,35373,6
1,35377,18
1,35379,3
1,35380,1
1,35382,1
1,35387,4
1,35408,2
1,35413,4
1,35422,34
1,35424,4
1,35426,2
1,35430,5
1,35433,38
1,35437,2
1,35440,1
1,35441,17
1,35442,1
1,35443,7
1,35461,1
1,35463,1
1,35465,1
1,35468,9
1,35469,3
1,35477,1
1,35480,2
1,35486,88
1,35488,5
1,35492,1
1,35494,5
1,35498,29
1,35500,1
1,35504,1
1,35506,2
1,35519,62
1,35527,10
1,35531,2
1,35535,1
1,35542,67
1,35553,1
1,35558,2
1,35559,1
1,35563,1
1,35565,1
1,35569,1
1,35570,1
1,35576,21
1,35578,1
1,35584,3
1,35585,2
1,35588,4
1,35599,1
1,35609,10
1,35611,9
1,35613,6
1,35616,1
1,35624,6
1,35641,1
1,35657,25
1,35668,1
1,35672,6
1,35674,2
1,35676,51
1,35686,2
1,35695,6
1,35696,11
1,35698,2
1,35703,34
1,35712,6
1,35722,25
1,35728,1
1,35731,6
1,35734,2
1,35738,1
1,35828,1
1,35895,17
1,35905,1
1,35910,8
1,35912,2
1,35914,28
1,35920,1
1,35925,1
1,35937,36
1,35938,2
1,35946,1
1,35947,3
1,35978,12
1,35997,4
1,35998,39
1,36001,9
1,36002,6
1,36007,1
1,36008,5
1,36011,6
1,36012,14
1,36020,20
1,36024,2
1,36027,3
1,36031,2
1,36032,4
1,36033,19
1,36039,5
1,36040,3
1,36042,5
1,36049,2
1,36051,1
1,36060,12
1,36062,20
1,36066,15
1,36067,3
1,36068,1
1,36070,5
1,36074,34
1,36084,4
1,36104,1
1,36106,2
1,36111,1
1,36149,1
1,36176,1
1,36196,33
1,36203,66
1,36208,7
1,36212,1
1,36215,11
1,36229,9
1,36234,12
1,36249,82
1,36259,2
1,36264,1
1,36275,6
1,36317,5
1,36321,2
1,36330,1
1,36335,14
1,36339,1
1,36362,1
1,36367,2
1,36368,2
1,36386,1
1,36400,2
1,36406,1
1,36420,1
1,36424,1
1,36427,1
1,36447,4
1,36468,3
1,36493,3
1,36497,1
1,36523,10
1,36554,13
1,36556,4
1,36557,72
1,36562,3
1,36575,4
1,36587,1
1,36600,6
1,36603,1
1,36605,1
1,36606,4
1,36613,2
1,36617,14
1,36628,4
1,36637,9
1,36650,3
1,36655,2
1,36664,2
1,36671,2
1,36676,4
1,36677,1
1,36681,10
1,36763,14
1,36766,3
1,36776,3
1,36781,14
1,36783,2
1,36784,27
1,36785,3
1,36786,16
1,36794,2
1,36814,2
1,36816,2
1,36817,56
1,36827,3
1,36838,5
1,36842,1
1,36843,2
1,36848,10
1,36855,1
1,36861,5
1,36864,1
1,36865,1
1,36867,1
1,36870,6
1,36873,2
1,36879,2
1,36880,2
1,36884,2
1,36890,50
1,36895,17
1,36896,27
1,36898,2
1,36899,21
1,36913,10
1,36914,16
1,36920,26
1,36924,1
1,36929,1
1,36930,4
1,36935,1
1,36938,8
1,36939,25
1,36941,2
1,36942,9
1,36947,197
1,36948,69
1,36956,3
1,36960,16
1,36961,1
1,36963,6
1,36969,3
1,36974,2
1,36978,5
1,36981,2
1,36983,5
1,36984,12
1,36986,16
1,36988,16
1,36991,3
1,36996,5
1,36999,4
1,37000,1
1,37002,16
1,37007,2
1,37009,17
1,37013,1
1,37015,1
1,37027,13
1,37030,6
1,37034,5
1,37039,1
1,37041,9
1,37057,1
1,37059,1
1,37070,20
1,37073,1
1,37086,24
1,37089,75
1,37090,1
1,37096,91
1,37101,5
1,37109,1
1,37111,1
1,37117,82
1,37119,1
1,37122,1
1,37126,1
1,37129,1
1,37138,29
1,37141,15
1,37146,2
1,37159,1
1,37165,35
1,37193,3
1,37195,2
1,37196,1
1,37197,9
1,37202,9
1,37237,2
1,37240,12
1,37255,1
1,37257,3
1,37266,1
1,37276,1
1,37284,1
1,37291,5
1,37292,4
1,37294,1
1,37319,2
1,37323,4
1,37324,35
1,37325,31
1,37326,32
1,37327,28
1,37329,341
1,37340,19
1,37347,2
1,37397,1
1,37428,5
1,37444,3
1,37449,7
1,37467,3
1,37474,1
1,37476,3
1,37504,10
1,37507,4
1,37509,13
1,37521,1
1,37526,1
1,37528,5
1,37586,4
1,37628,1
1,37636,16
1,37666,2
1,37670,6
1,37675,17
1,37678,4
1,37679,4
1,37682,1
1,37706,1
1,37749,2
1,37758,25
1,37772,2
1,37780,1
1,37782,4
1,37786,1
1,37804,8
1,37805,37
1,37827,1
1,37854,4
1,37857,26
1,37912,3
1,37941,23
1,37956,1
1,37969,9
1,37979,2
1,38015,1
1,38026,1
1,38263,167
1,38272,44
1,38281,5
1,38283,94
1,38287,5
1,38289,5
1,38291,55
1,38292,15
1,38306,2
1,38307,2
1,38309,6
1,38313,5
1,38317,6
1,38321,3
1,38332,3
1,38346,3
1,38356,2
1,38357,1
1,38360,1
1,38364,23
1,38442,8
1,38446,33
1,38450,6
1,38451,1
1,38463,78
1,38464,10
1,38465,1
1,38468,2
1,38477,2
1,38480,6
1,38492,3
1,38498,43
1,38499,4
1,38500,4
1,38512,13
1,38515,84
1,38517,21
1,38518,4
1,38520,16
1,38525,108
1,38533,2
1,38534,24
1,38538,8
1,38539,89
1,38541,1
1,38542,9
1,38543,1
1,38548,1
1,38553,1
1,38555,10
1,38556,2
1,38563,2
1,38567,4
1,38570,1
1,38577,2
1,38583,2
1,38584,10
1,38587,1
1,38592,5
1,38593,2
1,38596,45
1,38597,17
1,38598,38
1,38601,2
1,38604,1
1,38609,1
1,38617,14
1,38619,1
1,38620,13
1,38626,34
1,38627,8
1,38632,8
1,38634,3
1,38642,20
1,38646,4
1,38647,3
1,38651,33
1,38656,3
1,38663,2
1,38666,1
1,38669,1
1,38684,2
1,38686,3
1,38695,2
1,38706,28
1,38712,6
1,38728,40
1,38737,30
1,38738,4
1,38742,5
1,38745,1
1,38748,25
1,38750,34
1,38754,45
1,38761,4
1,38772,1
1,38778,2
1,38797,3
1,38816,1
1,38824,3
1,38829,1
1,38836,1
1,38851,1
1,38867,199
1,38889,1
1,38899,60
1,38902,3
1,38907,3
1,38911,5
1,38914,3
1,38917,2
1,38918,53
1,38920,10
1,38922,1
1,38924,7
1,38926,2
1,38931,3
1,38936,25
1,38945,1
1,38957,32
1,38968,2
1,38971,2
1,38988,4
1,38989,2
1,38991,2
1,38995,1
1,38996,13
1,38997,2
1,38999,1
1,39000,2
1,39002,4
1,39006,28
1,39015,1
1,39023,13
1,39080,37
1,39131,10
1,39132,1
1,39135,18
1,39137,5
1,39149,1
1,39150,3
1,39151,3
1,39164,4
1,39166,9
1,39178,13
1,39192,58
1,39200,1
1,39208,17
1,39232,1
1,39250,2
1,39255,1
1,39318,60
1,39321,15
1,39336,3
1,39340,65
1,39342,2
1,39376,4
1,39381,8
1,39385,1
1,39409,1
1,39423,4
1,39426,1
1,39432,1
1,39438,8
1,39443,1
1,39472,1
1,39488,1
1,39493,3
1,39511,7
1,39515,3
1,39530,3
1,39592,22
1,39635,2
1,39636,60
1,39640,956
1,39641,1
1,39686,1
1,39717,1
1,39722,3
1,39729,9
1,39740,5
1,39746,4
1,39759,511
1,39764,4
1,39770,21
1,39791,16
1,39854,62
1,39952,3
1,39981,2
1,40023,1
1,40165,14
1,40169,3
1,40179,50
1,40180,6
1,40182,1
1,40232,7
1,40251,24
1,40284,1
1,40288,3
1,40372,7
1,40383,1
1,40388,4
1,40407,1
1,40441,1
1,40469,1
1,40479,1
1,40511,1
1,40565,22
1,40573,3
1,40575,11
1,40594,2
1,40599,848
1,40607,26
1,40613,5
1,40629,7
1,40635,175
1,40639,1
1,40643,65
1,40644,2
1,40654,5
1,40657,9
1,40658,1
1,40660,1
1,40664,3
1,40670,18
1,40680,34
1,40712,1
1,40718,13
1,40723,26
1,40736,2
1,40763,5
1,40778,130
1,40779,5
1,40782,1
1,40786,1
1,40801,2
1,40845,75
1,40848,1
1,40853,2
1,40860,9
1,42856,1
1,44032,71754
1,44033,7287
1,44036,9704
1,44039,28
1,44040,1898
1,44041,1
1,44048,4304
1,44049,494
1,44050,725
1,44051,27
1,44052,780
1,44053,6379
1,44054,1146
1,44057,6454
1,44058,20
1,44059,2
1,44060,13617
1,44061,569
1,44064,9
1,44068,64
1,44076,13
1,44077,2
1,44079,19
1,44080,1
1,44081,89
1,44088,19
1,44089,1
1,44096,19
1,44116,1
1,44144,9430
1,44145,53
1,44148,7132
1,44151,54
1,44152,1085
1,44160,1121
1,44161,61
1,44163,12809
1,44165,1
1,44169,43
1,44172,17195
1,44176,723
1,44180,237
1,44188,3
1,44191,10
1,44192,496
1,44193,1
1,44200,1629
1,44201,4084
1,44202,239
1,44204,2333
1,44208,7119
1,44216,770
1,44217,110
1,44220,511
1,44221,14728
1,44225,86
1,44228,15613
1,44256,56267
1,44257,3154
1,44260,602
1,44263,412
1,44264,1364
1,44266,3
1,44268,1
1,44272,54
1,44273,733
1,44275,1175
1,44277,19061
1,44278,35
1,44284,28120
1,44285,229
1,44288,13473
1,44292,190
1,44300,21
1,44305,4168
1,44312,91
1,44316,10
1,44333,3
1,44340,863
1,44341,7
1,44344,1
1,44348,1
1,44361,44
1,44368,14679
1,44396,27245
1,44397,64897
1,44400,10657
1,44403,77
1,44404,650
1,44405,35
1,44406,21
1,44412,4
1,44413,50
1,44415,38
1,44417,857
1,44418,3
1,44424,38
1,44425,2
1,44428,6309
1,44432,142
1,44452,304
1,44480,1413
1,44484,41
1,44488,9
1,44496,1
1,44497,1
1,44499,2
1,44508,2494
1,44512,897
1,44516,17
1,44536,28499
1,44537,3110
1,44540,3589
1,44544,3124
1,44545,9
1,44552,4840
1,44553,2722
1,44555,37
1,44557,112
1,44564,1
1,44592,56014
1,44596,975
1,44600,1467
1,44608,7127
1,44609,18
1,44611,73
1,44613,53
1,44618,313
1,44620,4462
1,44621,6
1,44622,25
1,44624,22
1,44628,94
1,44636,12
1,44637,86
1,44639,2
1,44641,20
1,44645,97
1,44648,293
1,44652,7
1,44656,1
1,44668,1
1,44669,3
1,44676,1
1,44677,1
1,44732,112
1,44733,14
1,44734,93
1,44736,1
1,44740,2
1,44749,74
1,44751,23
1,44752,2
1,44753,10
1,44760,1781
1,44779,1
1,44781,2
1,44788,43
1,44808,36
1,44844,114
1,44845,98
1,44848,3
1,44852,209
1,44860,28
1,44861,145
1,44863,1
1,44865,7
1,44866,18
1,44867,253
1,44872,1
1,44873,7
1,44893,7
1,44900,63
1,44921,1
1,44928,52
1,44944,2
1,44984,519
1,44985,1
1,44988,103
1,44992,44
1,44999,6
1,45000,177
1,45001,5
1,45003,7
1,45005,1
1,45006,3
1,45012,43
1,45016,1
1,45032,21
1,45033,5
1,45040,12
1,45044,2
1,45068,229
1,45072,52
1,45076,29
1,45084,7
1,45096,2
1,45124,260
1,45128,98
1,45130,150
1,45132,586
1,45139,128
1,45140,121
1,45143,33
1,45149,1019
1,45180,547
1,45184,57
1,45188,19
1,45196,81
1,45199,1
1,45208,31929
1,45209,548
1,45210,20
1,45212,2975
1,45215,1
1,45216,4221
1,45217,21
1,45224,7341
1,45225,330
1,45227,37
1,45228,1361
1,45229,233
1,45230,545
1,45231,13
1,45233,103
1,45235,188
1,45236,8693
1,45237,3
1,45240,697
1,45244,265
1,45252,57
1,45253,15
1,45255,8
1,45256,712
1,45257,296
1,45264,684
1,45265,3
1,45268,4
1,45272,3
1,45280,1
1,45285,133
1,45320,3132
1,45321,29
1,45323,7
1,45324,89
1,45328,1460
1,45330,3
1,45331,410
1,45336,712
1,45337,4
1,45339,21
1,45347,324
1,45348,4817
1,45349,75
1,45352,81
1,45356,210
1,45364,19
1,45365,11
1,45367,928
1,45368,5
1,45376,1150
1,45377,90
1,45380,79153
1,45392,2593
1,45395,1
1,45396,109
1,45397,171
1,45400,9
1,45404,21
1,45408,3
1,45412,2
1,45432,9595
1,45433,320
1,45436,1974
1,45440,434
1,45448,94
1,45449,15
1,45451,2
1,45453,1605
1,45458,1351
1,45459,683
1,45460,7
1,45480,3
1,45516,398
1,45544,72
1,45548,2
1,45552,7
1,45565,13
1,45572,2383
1,45573,459
1,45576,493
1,45580,134
1,45588,38
1,45589,6
1,45591,27
1,45593,3
1,45600,36
1,45608,1
1,45620,7
1,45656,232
1,45660,145
1,45664,7
1,45684,1400
1,45700,195
1,45705,3
1,45712,1118
1,45713,45
1,45716,92084
1,45720,1138
1,45721,21
1,45728,9
1,45733,2997
1,45734,138
1,45738,10
1,45740,62
1,45768,11104
1,45769,396
1,45772,1137
1,45776,222
1,45784,442
1,45785,9
1,45787,156
1,45789,226
1,45794,5
1,45796,123089
1,45797,189
1,45798,30
1,45800,9123
1,45803,144
1,45804,5160
1,45805,110
1,45806,53
1,45807,1
1,45811,3
1,45812,1757
1,45813,402
1,45815,111
1,45817,14035
1,45819,2
1,45823,59
1,45824,70739
1,45825,12
1,45828,95
1,45832,12
1,45840,52
1,45841,27
1,45843,92
1,45844,9
1,45845,38
1,45852,12
1,45908,4040
1,45909,1305
1,45912,6044
1,45916,694
1,45918,1
1,45919,43
1,45924,230
1,45925,23
1,45927,173
1,45929,194
1,45931,5
1,45934,99
1,45936,10199
1,45937,36
1,45940,1156
1,45944,1632
1,45952,45
1,45953,4
1,45955,7
1,45957,14
1,45964,6
1,45984,6
1,45996,7
1,46020,40820
1,46021,9299
1,46024,598
1,46027,38
1,46028,2192
1,46030,1
1,46032,1
1,46036,45
1,46037,89
1,46039,13
1,46041,21576
1,46043,4
1,46045,1
1,46052,6
1,46076,266
1,46096,776
1,46104,24471
1,46108,11272
1,46112,1197
1,46120,526
1,46121,10
1,46125,5
1,46136,3
1,46160,6843
1,46161,308
1,46164,433
1,46168,704
1,46176,42
1,46177,12
1,46179,1
1,46181,423
1,46188,14
1,46208,21
1,46216,1
1,46244,1587
1,46252,2
1,46263,139
1,46272,233
1,46280,54
1,46288,59
1,46300,15096
1,46301,879
1,46304,2750
1,46307,198
1,46308,24416
1,46310,14
1,46315,2
1,46316,288
1,46317,135
1,46319,357
1,46321,10952
1,46356,5589
1,46357,149
1,46360,223
1,46363,8
1,46364,72
1,46372,24
1,46373,16
1,46375,4
1,46377,311
1,46378,40
1,46384,4500
1,46385,63
1,46388,74
1,46392,387
1,46400,11
1,46403,3
1,46404,9
1,46405,338
1,46412,7275
1,46416,6
1,46420,1
1,46428,1
1,46432,3
1,46433,5
1,46496,807
1,46497,172
1,46500,664
1,46504,499
1,46515,4
1,46516,7
1,46523,242
1,46524,87
1,46528,3
1,46532,4
1,46543,7
1,46608,4880
1,46609,82
1,46612,1
1,46616,1
1,46629,14
1,46748,102
1,46749,26
1,46756,7
1,46763,35
1,46769,21
1,46832,316
1,46836,5
1,46840,4
1,46848,7
1,46888,231
1,46889,7
1,46892,22
1,46895,10
1,46896,18
1,46903,1
1,46904,22
1,46907,846
1,46916,119
1,46920,21
1,46924,2
1,46944,164
1,46948,46
1,46952,1
1,46960,1
1,46965,2
1,46972,34254
1,46973,1424
1,46976,4835
1,46980,189
1,46988,3598
1,46989,248
1,46991,14
1,46992,322
1,46993,4530
1,46999,4
1,47000,5257
1,47001,401
1,47004,2203
1,47008,23
1,47016,1119
1,47017,55
1,47019,216
1,47020,28
1,47021,266
1,47024,1
1,47028,72
1,47029,656
1,47032,3
1,47036,1
1,47045,2
1,47049,3302
1,47084,13223
1,47085,137
1,47088,1775
1,47092,200
1,47100,1190
1,47101,1981
1,47103,87
1,47104,438
1,47105,54
1,47111,655
1,47112,10487
1,47113,590
1,47116,823
1,47120,146
1,47128,146
1,47129,23
1,47131,96
1,47133,24
1,47140,7169
1,47141,7505
1,47144,3139
1,47148,882
1,47156,154
1,47157,372
1,47159,80
1,47160,1034
1,47161,5479
1,47168,1345
1,47172,21
1,47196,79685
1,47197,3934
1,47200,5237
1,47204,393
1,47212,330
1,47213,309
1,47215,787
1,47217,277
1,47280,323
1,47284,18
1,47288,2
1,47296,5
1,47301,4
1,47308,2541
1,47329,376
1,47336,7322
1,47337,224
1,47340,509
1,47344,130
1,47352,108
1,47353,530
1,47355,11
1,47357,32
1,47360,1
1,47364,152
1,47372,1
1,47380,1
1,47384,29
1,47420,205
1,47421,16
1,47424,15
1,47428,8
1,47436,1
1,47448,3946
1,47449,621
1,47452,95
1,47456,748
1,47464,281
1,47469,84
1,47476,18366
1,47477,23
1,47480,4665
1,47484,41044
1,47492,3166
1,47493,18
1,47495,61
1,47497,446
1,47502,15
1,47504,1
1,47532,47049
1,47533,1004
1,47536,4759
1,47540,895
1,47548,2565
1,47549,5900
1,47551,165
1,47553,1776
1,47560,17275
1,47561,2262
1,47564,17315
1,47566,3724
1,47567,17
1,47568,4256
1,47569,32
1,47576,27
1,47577,5
1,47579,154
1,47581,4419
1,47582,1067
1,47583,3
1,47585,456
1,47587,4
1,47588,3739
1,47589,1542
1,47592,380
1,47596,25
1,47604,2
1,47605,52
1,47607,98
1,47608,4
1,47609,1131
1,47610,322
1,47616,4
1,47672,2494
1,47673,445
1,47676,1078
1,47680,312
1,47688,72
1,47691,21
1,47693,80
1,47694,2
1,47700,4475
1,47701,250
1,47704,470
1,47708,277
1,47716,217
1,47719,17
1,47721,18
1,47728,12533
1,47729,16
1,47732,11642
1,47736,650
1,47748,2
1,47749,14397
1,47751,892
1,47760,7
1,47784,12361
1,47785,3553
1,47787,54
1,47788,445
1,47792,821
1,47800,295
1,47801,26
1,47803,1670
1,47805,826
1,47868,35
1,47889,1
1,47896,911
1,47900,8
1,47904,1
1,47917,1
1,47924,11038
1,47925,232
1,47926,123
1,47928,18113
1,47931,155
1,47932,10443
1,47933,3
1,47940,29
1,47943,17
1,47945,47
1,47949,1
1,47952,10
1,47956,5
1,47960,5
1,48008,105
1,48012,128
1,48016,35
1,48036,533
1,48040,1
1,48044,69
1,48052,4
1,48064,1015
1,48072,34
1,48080,12
1,48120,21112
1,48121,66
1,48124,36548
1,48127,339
1,48128,1935
1,48136,18
1,48137,7
1,48139,19
1,48140,3
1,48141,674
1,48142,2
1,48143,2461
1,48145,185
1,48148,9502
1,48149,4569
1,48150,632
1,48152,9900
1,48155,4477
1,48156,12704
1,48157,864
1,48159,62
1,48164,210
1,48165,166
1,48167,10
1,48169,11572
1,48173,45
1,48176,12852
1,48177,4191
1,48180,181
1,48184,62
1,48192,107
1,48193,1
1,48195,24
1,48196,1
1,48197,123
1,48201,7
1,48204,24
1,48225,2
1,48260,5003
1,48261,20
1,48264,4494
1,48265,1
1,48267,1
1,48268,1391
1,48276,2031
1,48277,7501
1,48279,208
1,48281,31
1,48282,15
1,48288,6041
1,48289,657
1,48292,907
1,48295,1
1,48296,1647
1,48304,2
1,48307,68
1,48309,22
1,48316,151
1,48317,529
1,48320,4276
1,48324,2784
1,48333,22
1,48336,4
1,48337,3054
1,48341,18
1,48348,19
1,48372,18758
1,48373,3809
1,48374,138
1,48376,10182
1,48380,1486
1,48388,186
1,48389,13
1,48391,245
1,48393,1472
1,48400,71
1,48420,52
1,48428,1
1,48456,32
1,48464,21
1,48472,7
1,48473,4
1,48484,3
1,48512,27983
1,48513,4731
1,48516,10611
1,48519,2
1,48520,5263
1,48521,135
1,48528,43
1,48531,81
1,48533,314
1,48537,627
1,48577,2
1,48596,279
1,48604,12
1,48624,197
1,48628,1
1,48632,3
1,48640,5
1,48652,4762
1,48656,240
1,48660,1535
1,48708,16071
1,48709,283
1,48712,1603
1,48716,855
1,48724,33
1,48725,2
1,48727,78
1,48729,267
1,48730,97
1,48731,533
1,48736,644
1,48737,4
1,48740,2
1,48744,264
1,48745,1
1,48755,2
1,48756,10
1,48757,38
1,48763,2
1,48764,205
1,48765,11
1,48768,15
1,48772,11
1,48780,2
1,48783,9
1,48784,1
1,48785,5
1,48808,6
1,48848,23
1,48849,1
1,48852,22
1,48855,63
1,48856,4
1,48867,2
1,48868,1
1,48876,2
1,48904,76
1,48920,1
1,48923,1
1,48960,17
1,48961,2
1,48976,5
1,48977,100
1,48981,19
1,49072,5
1,49100,130
1,49101,1
1,49104,727
1,49108,48
1,49116,17
1,49121,2
1,49240,30
1,49244,48
1,49248,2
1,49256,24
1,49257,1
1,49296,27
1,49317,1
1,49324,48707
1,49325,196
1,49327,1
1,49328,12489
1,49332,3171
1,49333,1
1,49334,277
1,49340,2451
1,49341,108
1,49343,42
1,49344,35
1,49345,21486
1,49349,6
1,49352,2435
1,49353,1814
1,49356,129
1,49360,27
1,49368,107
1,49369,2
1,49371,4
1,49373,11876
1,49380,827
1,49381,1
1,49384,31
1,49388,41
1,49396,20
1,49397,26
1,49399,18
1,49401,48
1,49408,28
1,49412,2
1,49416,1
1,49424,1
1,49429,2
1,49436,55179
1,49437,4109
1,49438,160
1,49440,23519
1,49443,8
1,49444,7022
1,49452,912
1,49453,506
1,49455,229
1,49456,162
1,49457,23961
1,49464,17868
1,49465,62
1,49468,990
1,49472,553
1,49480,414
1,49481,77
1,49483,174
1,49484,3
1,49485,7
1,49492,304
1,49496,1288
1,49500,202
1,49511,1
1,49512,52
1,49520,300
1,49521,1
1,49524,60
1,49528,159
1,49536,1
1,49537,1
1,49541,7
1,49548,18244
1,49549,6362
1,49552,1739
1,49556,438
1,49564,155
1,49565,9
1,49567,39
1,49569,3745
1,49573,9
1,49576,1
1,49580,1
1,49597,4
1,49604,359
1,49632,270
1,49636,22
1,49651,2
1,49660,840
1,49664,26
1,49668,11
1,49677,15
1,49679,1
1,49681,1
1,49688,47862
1,49689,899
1,49692,2747
1,49695,11
1,49696,3862
1,49704,281
1,49705,2
1,49707,206
1,49709,245
1,49711,10
1,49713,4
1,49714,115
1,49716,3
1,49744,36
1,49745,1
1,49748,5
1,49752,8
1,49772,334
1,49776,34
1,49780,30
1,49788,9
1,49789,341
1,49800,2056
1,49804,36
1,49808,123
1,49816,137
1,49819,46
1,49821,23
1,49828,50597
1,49832,1120
1,49836,2006
1,49837,15
1,49844,96
1,49845,1354
1,49847,387
1,49849,3897
1,49854,1
1,49884,41329
1,49885,9910
1,49888,16535
1,49891,21
1,49892,8410
1,49899,60
1,49900,4945
1,49901,569
1,49903,19
1,49905,1253
1,49910,144
1,49912,488
1,49913,22
1,49916,109
1,49920,105
1,49928,9
1,49929,2
1,49932,5
1,49933,385
1,49939,134
1,49941,2
1,49956,2
1,50024,1101
1,50025,15
1,50028,58
1,50032,19
1,50040,9
1,50041,4
1,50044,326
1,50045,2
1,50052,4
1,50056,4
1,50136,266
1,50137,5
1,50140,14
1,50143,80
1,50144,15
1,50152,2
1,50157,6
1,50161,1
1,50164,1
1,50184,1
1,50192,6
1,50220,1
1,50248,1
1,50276,28
1,50277,12
1,50280,154
1,50297,71
1,50360,2
1,50416,2282
1,50420,393
1,50424,185
1,50432,120
1,50444,35
1,50448,2
1,50472,1105
1,50473,244
1,50476,181
1,50488,2
1,50489,11
1,50491,21
1,50493,6
1,50500,40007
1,50501,4481
1,50504,9745
1,50505,98
1,50506,5322
1,50508,4680
1,50510,3
1,50515,51
1,50516,1483
1,50517,1419
1,50519,134
1,50520,4237
1,50521,1881
1,50526,822
1,50528,2572
1,50529,690
1,50532,610
1,50535,1
1,50536,489
1,50544,22
1,50545,27
1,50547,15
1,50548,11
1,50549,184
1,50556,9383
1,50557,4113
1,50560,190
1,50564,45
1,50567,28
1,50572,10
1,50575,14
1,50577,8323
1,50581,9
1,50583,7
1,50584,44
1,50588,1
1,50612,33732
1,50613,871
1,50616,4923
1,50617,23
1,50619,1038
1,50620,875
1,50621,36
1,50628,1183
1,50629,5709
1,50630,4210
1,50631,264
1,50632,21362
1,50633,46
1,50636,5
1,50638,13
1,50640,103456
1,50641,165
1,50644,1500
1,50648,1388
1,50656,120
1,50657,12
1,50659,43
1,50661,45
1,50668,20168
1,50669,12539
1,50670,30
1,50672,14262
1,50676,4229
1,50679,7
1,50684,978
1,50685,290
1,50687,24
1,50688,15974
1,50689,16419
1,50693,5
1,50694,115
1,50695,2
1,50696,5536
1,50697,2
1,50700,114
1,50704,60
1,50713,11
1,50715,294
1,50717,1
1,50724,15475
1,50725,999
1,50728,3315
1,50732,2599
1,50734,374
1,50739,42
1,50740,80
1,50741,51
1,50743,124
1,50745,354
1,50747,1
1,50752,17917
1,50753,15
1,50756,2175
1,50760,49
1,50769,2
1,50771,53
1,50772,1162
1,50773,6846
1,50780,448
1,50784,3
1,50801,2
1,50808,5231
1,50812,144
1,50816,5
1,50827,2
1,50836,8105
1,50837,497
1,50840,27
1,50844,10
1,50852,24
1,50853,5
1,50855,2
1,50857,13622
1,50864,26606
1,50865,691
1,50868,9513
1,50872,3582
1,50880,1400
1,50881,38
1,50883,269
1,50885,581
1,50892,2246
1,50893,10
1,50896,21627
1,50900,28060
1,50908,21
1,50912,430
1,50913,7
1,50920,2628
1,50924,45
1,50928,298
1,50936,4
1,50937,564
1,50939,1
1,50941,2
1,50945,2
1,50948,17839
1,50949,25
1,50952,1303
1,50956,507
1,50964,4
1,50967,54
1,50969,56
1,50976,18268
1,50977,2578
1,50980,2759
1,50984,1601
1,50992,1
1,50995,14
1,50997,369
1,50999,1
1,51004,38919
1,51005,11
1,51008,48948
1,51012,66942
1,51018,6
1,51020,11278
1,51021,353
1,51025,1755
1,51031,1
1,51032,153811
1,51036,2
1,51060,152762
1,51061,961
1,51064,46540
1,51068,52272
1,51069,382
1,51075,350
1,51076,6616
1,51077,5087
1,51079,196
1,51080,26378
1,51081,915
1,51082,64
1,51085,5
1,51086,52
1,51088,39782
1,51089,11706
1,51092,628
1,51094,8
1,51096,911
1,51104,538
1,51105,1324
1,51107,14
1,51108,1
1,51109,20857
1,51110,43
1,51116,9955
1,51117,226
1,51120,11
1,51124,4
1,51132,14
1,51133,1
1,51135,5
1,51136,1
1,51137,3280
1,51144,17
1,51148,1
1,51165,5
1,51200,4424
1,51201,23828
1,51204,33128
1,51208,2779
1,51210,253
1,51211,1
1,51216,5016
1,51217,2092
1,51219,20
1,51221,36505
1,51222,39
1,51228,32397
1,51229,349
1,51232,529
1,51236,395
1,51244,5
1,51245,7
1,51247,14
1,51249,6
1,51256,2008
1,51257,2
1,51260,10
1,51272,1
1,51276,2341
1,51284,1
1,51312,17921
1,51313,4379
1,51316,3815
1,51320,576
1,51328,156
1,51329,84
1,51333,7291
1,51335,7
1,51339,564
1,51340,954
1,51361,8
1,51396,514
1,51400,4
1,51424,40
1,51428,3
1,51452,29494
1,51453,1251
1,51456,4319
1,51460,1045
1,51468,25
1,51469,7
1,51471,3
1,51473,17577
1,51480,30
1,51500,64
1,51536,124
1,51540,21
1,51544,75
1,51552,1
1,51564,34
1,51568,5
1,51572,2
1,51592,2933
1,51593,1335
1,51596,189
1,51600,268
1,51608,510
1,51609,25
1,51613,2695
1,51648,54655
1,51649,5765
1,51652,12409
1,51655,1
1,51656,5535
1,51658,8
1,51664,331
1,51665,4949
1,51667,319
1,51669,1423
1,51670,18
1,51673,32
1,51674,12
1,51676,321
1,51677,154
1,51680,12
1,51682,4
1,51684,9
1,51687,215
1,51692,7
1,51693,2
1,51696,1
1,51697,41
1,51704,2519
1,51724,7
1,51753,1
1,51788,195
1,51789,11
1,51792,8
1,51796,24
1,51809,6
1,51816,2
1,51844,2
1,51900,25
1,51901,1861
1,51904,2
1,51908,10
1,51922,3
1,51923,101
1,51984,4
1,51988,1
1,52000,1
1,52040,9
1,52041,18
1,52048,2
1,52068,6
1,52124,1
1,52180,48
1,52196,50
1,52201,1
1,52236,110
1,52237,245
1,52240,8
1,52244,34
1,52252,13
1,52257,2
1,52258,21
1,52263,1
1,52264,7688
1,52265,1167
1,52268,1371
1,52270,18
1,52272,1472
1,52280,2888
1,52281,13
1,52283,9
1,52284,7
1,52285,3396
1,52286,856
1,52290,1
1,52292,1771
1,52293,2418
1,52296,11
1,52300,13
1,52308,61
1,52311,2
1,52312,1
1,52313,21
1,52320,7
1,52324,3
1,52376,3985
1,52377,592
1,52380,5733
1,52384,3766
1,52392,160
1,52393,236
1,52395,1246
1,52397,3647
1,52404,10791
1,52405,8
1,52408,151
1,52412,163
1,52420,16
1,52423,6
1,52425,1
1,52432,1195
1,52433,1
1,52452,557
1,52488,5928
1,52489,518
1,52492,522
1,52496,6
1,52504,19
1,52507,57
1,52509,3540
1,52520,23
1,52524,92
1,52572,5536
1,52600,15
1,52628,4432
1,52629,5945
1,52632,711
1,52636,6917
1,52644,146
1,52645,15
1,52647,10
1,52649,1742
1,52656,72
1,52676,10
1,52684,18
1,52712,1737
1,52716,1
1,52740,13
1,52768,2329
1,52769,2106
1,52772,3
1,52776,36
1,52784,32
1,52789,841
1,52796,1
1,52824,15158
1,52825,1632
1,52828,1933
1,52832,537
1,52840,1566
1,52841,105
1,52843,10
1,52845,1648
1,52852,8994
1,52853,9
1,52856,1162
1,52860,1065
1,52868,129
1,52869,22
1,52871,4
1,52873,22
1,52880,1330
1,52884,96
1,52888,179
1,52896,248
1,52897,23
1,52899,13
1,52900,1
1,52901,6
1,52908,4
1,52912,2
1,52964,1537
1,52965,1
1,52968,352
1,52971,92
1,52972,567
1,52980,1519
1,52981,421
1,52983,69
1,52984,36
1,52985,3
1,52992,3108
1,52993,4
1,52996,177
1,53000,305
1,53008,14
1,53009,9
1,53011,297
1,53020,626
1,53024,2
1,53028,26
1,53036,1
1,53039,1
1,53040,834
1,53076,6447
1,53077,111
1,53080,1069
1,53084,820
1,53092,150
1,53093,76
1,53095,97
1,53097,443
1,53104,87
1,53108,16
1,53112,2
1,53125,2
1,53132,90
1,53153,1
1,53160,72
1,53168,27
1,53188,563
1,53216,2459
1,53217,34
1,53220,67
1,53224,159
1,53232,21
1,53233,2
1,53235,3
1,53237,16
1,53244,156
1,53245,1
1,53248,11
1,53252,8
1,53272,82
1,53273,1
1,53276,2
1,53280,1
1,53300,322
1,53301,15
1,53304,110
1,53308,21
1,53317,1
1,53321,3
1,53328,177
1,53332,1
1,53336,13
1,53356,11402
1,53360,1358
1,53364,2373
1,53372,350
1,53377,2
1,53412,7093
1,53413,55
1,53416,1248
1,53420,496
1,53428,137
1,53429,8
1,53431,46
1,53433,484
1,53440,11065
1,53441,466
1,53444,4025
1,53448,3639
1,53449,8
1,53456,561
1,53457,295
1,53459,72
1,53460,17
1,53461,625
1,53468,7488
1,53469,1353
1,53472,100
1,53475,1
1,53476,52
1,53484,27
1,53485,34
1,53487,4
1,53488,1
1,53489,119
1,53496,6
1,53552,11353
1,53553,39
1,53556,1439
1,53560,454
1,53568,34
1,53569,3
1,53571,7
1,53572,1
1,53573,31
1,53580,4180
1,53581,275
1,53584,479
1,53588,857
1,53596,876
1,53597,46
1,53599,8
1,53601,10
1,53608,5
1,53628,5
1,53636,3
1,53640,26
1,53664,8462
1,53665,47
1,53668,641
1,53672,915
1,53680,268
1,53681,128
1,53683,1
1,53685,12409
1,53720,2
1,53748,1100
1,53767,1
1,53776,1
1,53804,4173
1,53805,5
1,53808,75
1,53812,152
1,53820,45
1,53821,2
1,53825,51
1,53832,1
1,53852,2
1,53888,526
1,53892,1
1,53896,5
1,53909,7
1,53916,526
1,53920,9
1,53924,1
1,53932,92
1,53944,18393
1,53945,4200
1,53948,307
1,53951,12
1,53952,1072
1,53960,90
1,53972,6
1,54000,5006
1,54001,133
1,54004,830
1,54008,221
1,54016,653
1,54017,10
1,54021,532
1,54028,8650
1,54029,35
1,54030,18
1,54032,4359
1,54036,814
1,54044,203
1,54045,94
1,54047,19
1,54048,4
1,54049,78
1,54053,13
1,54056,2088
1,54057,124
1,54060,189
1,54064,21
1,54072,15
1,54073,3
1,54075,15
1,54076,2
1,54077,221
1,54084,1
1,54088,4
1,54092,1
1,54112,1
1,54140,2063
1,54141,30
1,54144,60
1,54148,76
1,54156,48
1,54160,2
1,54161,87
1,54168,4220
1,54169,92
1,54172,427
1,54176,325
1,54184,9
1,54185,75
1,54187,45
1,54189,17
1,54196,124
1,54197,1
1,54200,3997
1,54204,176
1,54212,8
1,54216,10
1,54217,4689
1,54224,1241
1,54228,1
1,54252,8160
1,54253,1413
1,54256,648
1,54260,1680
1,54268,343
1,54271,6
1,54273,56
1,54336,22
1,54340,1
1,54344,6
1,54357,1
1,54364,8117
1,54365,1
1,54383,2
1,54392,786
1,54393,11
1,54396,27
1,54400,408
1,54408,2666
1,54411,38
1,54413,1209
1,54476,27
1,54484,1
1,54504,1249
1,54512,16
1,54520,4
1,54532,15401
1,54536,398
1,54540,3061
1,54548,32
1,54588,5443
1,54589,1233
1,54592,956
1,54596,2445
1,54604,12
1,54605,43
1,54607,36
1,54609,315
1,54616,77326
1,54617,23450
1,54620,81509
1,54623,1
1,54624,7756
1,54629,2
1,54632,6827
1,54633,6812
1,54635,40
1,54637,3780
1,54643,2
1,54644,25789
1,54645,1556
1,54648,97
1,54651,3
1,54652,23
1,54660,92
1,54661,5
1,54663,96
1,54664,16264
1,54665,8407
1,54671,54
1,54672,6
1,54691,1
1,54692,1
1,54693,3949
1,54728,1616
1,54729,17
1,54732,2208
1,54736,45
1,54744,1850
1,54747,26
1,54749,754
1,54756,1829
1,54757,57
1,54760,960
1,54764,559
1,54772,16
1,54773,12
1,54775,9
1,54777,3
1,54783,2
1,54784,721
1,54785,1946
1,54788,9242
1,54792,895
1,54800,237
1,54801,2176
1,54804,517
1,54805,7137
1,54812,861
1,54840,8771
1,54841,833
1,54844,1531
1,54848,525
1,54856,389
1,54857,64
1,54859,27
1,54861,1311
1,54865,9
1,54868,23329
1,54869,2851
1,54872,3831
1,54876,3001
1,54887,4
1,54889,4733
1,54915,7
1,54924,13506
1,54925,1088
1,54932,5
1,54943,29
1,54945,89
1,54952,1541
1,54980,11831
1,54981,21
1,54984,1459
1,54988,90
1,54993,6
1,54996,56
1,54997,1
1,54999,135
1,55001,22
1,55008,2
1,55012,21
1,55016,170
1,55036,69
1,55064,832
1,55068,2
1,55072,35
1,55080,2
1,55081,38
1,55083,1
1,55092,852
1,55100,19
1,55108,13
1,55113,117
1,55120,902
1,55121,443
1,55124,410
1,55128,209
1,55129,60
1,55136,38
1,55137,377
1,55141,974
1,55145,50
1,55147,2
1,55148,3314
1,55152,123
1,55165,1
1,55176,6948
1,55177,20
1,55180,364
1,55184,317
1,55192,931
1,55193,74
1,55195,1
1,55197,11
1,58960,1
1,65283,1
1,65285,4
1,65286,1
1,65288,7
1,65289,18
1,65291,4
1,65292,22
1,65293,36
1,65294,2
1,65295,11
1,65297,2
1,65298,1
1,65299,1
1,65306,42
1,65307,5
1,65308,30
1,65309,1
1,65310,29
1,65311,1
1,65312,2
1,65315,1
1,65331,1
1,65345,21
1,65346,1
1,65347,7
1,65348,4
1,65349,19
1,65350,3
1,65351,2
1,65352,10
1,65353,7
1,65355,1
1,65356,5
1,65357,32
1,65358,7
1,65359,9
1,65360,8
1,65361,1
1,65362,14
1,65363,7
1,65364,12
1,65365,6
1,65366,1
1,65367,1
1,65368,2
1,65369,3
1,65372,5
1,65374,11
1,65533,1
1,1114113,200000
2,32,98135
2,33,32
2,34,90
2,35,6
2,36,1
2,38,1
2,39,51
2,40,70
2,42,12
2,43,7
2,44,12
2,45,71
2,46,36
2,47,1
2,48,8
2,49,3775
2,50,1714
2,51,226
2,52,174
2,53,210
2,54,170
2,55,123
2,56,133
2,57,118
2,58,6
2,60,63
2,61,9
2,62,40
2,64,1
2,65,46
2,66,22
2,67,112
2,68,76
2,69,31
2,70,16
2,71,73
2,72,66
2,73,51
2,74,15
2,75,41
2,76,19
2,77,57
2,78,34
2,79,30
2,80,49
2,81,14
2,82,47
2,83,70
2,84,31
2,85,16
2,86,19
2,87,20
2,88,16
2,89,2
2,90,1
2,91,14
2,92,7
2,93,2
2,94,1
2,97,11
2,98,1
2,99,11
2,100,5
2,101,15
2,102,5
2,103,8
2,104,6
2,105,15
2,106,2
2,107,3
2,108,1
2,109,24
2,110,9
2,112,4
2,113,3
2,114,4
2,115,6
2,116,6
2,117,3
2,118,6
2,120,3
2,121,2
2,122,2
2,123,24
2,124,388
2,125,11
2,160,2
2,183,3
2,916,5
2,946,1
2,952,1
2,8212,2
2,8216,23
2,8217,1
2,8220,33
2,8224,1
2,8226,15
2,8251,7
2,9312,2
2,9313,2
2,9314,2
2,9315,2
2,9316,2
2,9317,1
2,9318,1
2,9319,1
2,9670,9
2,9679,2
2,9734,2
2,12296,8
2,12298,230
2,12300,3
2,12302,3
2,12303,1
2,12593,3
2,12596,3
2,12599,3
2,12601,3
2,12609,3
2,12610,3
2,12613,3
2,12615,3
2,12616,3
2,12618,3
2,12619,3
2,12620,3
2,12621,3
2,12622,3
2,19968,1
2,19976,1
2,20870,1
2,21069,2
2,21516,1
2,24996,1
2,26178,1
2,26412,1
2,26481,1
2,26611,1
2,33836,2
2,35264,1
2,35912,1
2,37325,1
2,38596,1
2,38738,1
2,38750,1
2,40736,1
2,44032,308
2,44033,846
2,44036,27
2,44040,51
2,44048,46
2,44049,2
2,44050,1
2,44053,38
2,44057,1091
2,44060,189
2,44061,2
2,44068,9
2,44079,1
2,44144,37
2,44148,59
2,44152,2
2,44160,15
2,44169,3
2,44172,63
2,44176,4
2,44200,6
2,44201,5
2,44204,3
2,44208,79
2,44217,1
2,44221,249
2,44225,1
2,44228,88
2,44256,498
2,44257,6
2,44260,1
2,44263,2
2,44264,12
2,44273,14
2,44277,244
2,44284,128
2,44285,1
2,44288,152
2,44292,2
2,44305,83
2,44340,18
2,44361,2
2,44368,178
2,44396,160
2,44397,351
2,44400,98
2,44404,12
2,44405,2
2,44417,10
2,44428,14
2,44452,4
2,44480,19
2,44484,1
2,44508,11
2,44512,1
2,44536,1082
2,44537,41
2,44540,69
2,44544,24
2,44552,56
2,44553,11
2,44557,11
2,44592,1773
2,44596,6
2,44600,8
2,44608,132
2,44618,1
2,44620,1
2,44628,1
2,44844,2
2,44852,1
2,44867,1
2,45000,1
2,45208,142
2,45209,2
2,45210,1
2,45212,9
2,45216,6
2,45224,71
2,45225,4
2,45227,1
2,45229,16
2,45230,6
2,45233,1
2,45236,74
2,45253,2
2,45257,23
2,45320,2
2,45328,3
2,45331,7
2,45348,60
2,45349,2
2,45367,5
2,45380,19
2,45432,257
2,45433,9
2,45436,43
2,45440,10
2,45453,46
2,45458,8
2,45516,24
2,45572,19
2,45576,4
2,45656,2
2,45684,71
2,45716,49
2,45733,6
2,45768,39
2,45772,4
2,45776,2
2,45784,2
2,45787,2
2,45796,316
2,45800,113
2,45803,1
2,45804,69
2,45812,4
2,45817,103
2,45823,2
2,45824,1340
2,45843,6
2,45908,34
2,45909,5
2,45912,2
2,45916,1
2,45927,9
2,45929,14
2,45936,66
2,45940,15
2,45944,4
2,46020,216
2,46021,300
2,46024,1
2,46028,13
2,46039,1
2,46041,220
2,46076,3
2,46104,2
2,46160,91
2,46168,7
2,46181,2
2,46244,8
2,46272,2
2,46300,31
2,46301,2
2,46307,5
2,46308,2
2,46321,24
2,46356,70
2,46384,65
2,46392,1
2,46412,8
2,46496,1
2,46497,9
2,46608,298
2,46748,2
2,46832,1
2,46848,1
2,46907,1
2,46972,129
2,46973,2
2,46976,2
2,47000,2
2,47004,1
2,47016,1
2,47017,1
2,47021,1
2,47084,99
2,47085,2
2,47088,6
2,47112,82
2,47116,1
2,47128,2
2,47129,1
2,47196,266
2,47197,5
2,47204,2
2,47212,1
2,47217,3
2,47329,3
2,47336,43
2,47337,4
2,47340,4
2,47420,2
2,47448,3
2,47476,41
2,47484,36
2,47532,133
2,47536,42
2,47540,2
2,47553,3
2,47560,203
2,47561,17
2,47564,109
2,47566,30
2,47568,42
2,47579,1
2,47581,32
2,47582,1
2,47588,65
2,47589,51
2,47592,8
2,47673,5
2,47676,8
2,47680,18
2,47688,1
2,47700,91
2,47701,2
2,47704,22
2,47708,2
2,47721,1
2,47728,3
2,47729,2
2,47732,13
2,47736,3
2,47749,91
2,47751,23
2,47784,164
2,47785,24
2,47787,2
2,47788,5
2,47792,5
2,47800,3
2,47805,15
2,47896,4
2,47924,129
2,47928,1344
2,47932,189
2,48012,6
2,48016,2
2,48036,1
2,48120,603
2,48124,121
2,48127,1
2,48128,16
2,48136,1
2,48143,1
2,48145,1
2,48148,147
2,48149,95
2,48152,106
2,48156,110
2,48157,3
2,48165,5
2,48169,59
2,48176,32
2,48177,64
2,48180,1
2,48192,3
2,48197,1
2,48260,42
2,48264,16
2,48268,1
2,48276,24
2,48277,33
2,48288,133
2,48289,24
2,48292,2
2,48296,38
2,48317,3
2,48320,27
2,48324,9
2,48337,25
2,48372,127
2,48373,42
2,48374,1
2,48376,36
2,48380,20
2,48388,5
2,48393,5
2,48464,1
2,48512,151
2,48513,77
2,48516,122
2,48520,68
2,48521,1
2,48531,1
2,48533,2
2,48596,4
2,48652,85
2,48660,40
2,48708,194
2,48709,5
2,48712,32
2,48716,18
2,48729,4
2,48730,1
2,48731,9
2,48744,2
2,48764,1
2,48772,1
2,48785,1
2,48904,1
2,49104,7
2,49296,1
2,49324,2809
2,49328,76
2,49332,49
2,49334,6
2,49340,85
2,49345,139
2,49352,59
2,49353,12
2,49356,2
2,49373,284
2,49380,7
2,49401,1
2,49408,1
2,49436,291
2,49437,6
2,49440,126
2,49444,18
2,49452,14
2,49453,3
2,49457,156
2,49464,192
2,49465,2
2,49468,6
2,49472,9
2,49483,1
2,49492,1
2,49528,1
2,49548,275
2,49549,16
2,49552,4
2,49556,3
2,49564,1
2,49569,14
2,49632,3
2,49660,17
2,49688,319
2,49689,4
2,49692,29
2,49696,12
2,49707,1
2,49709,5
2,49714,2
2,49772,2
2,49776,1
2,49780,1
2,49800,19
2,49819,3
2,49828,302
2,49836,26
2,49845,3
2,49849,11
2,49884,180
2,49885,58
2,49888,179
2,49892,142
2,49900,65
2,49901,4
2,49903,1
2,49905,11
2,49920,2
2,49933,12
2,50028,4
2,50056,1
2,50136,34
2,50280,11
2,50297,6
2,50416,7
2,50472,1
2,50473,1
2,50500,634
2,50501,37
2,50504,92
2,50508,94
2,50516,46
2,50517,6
2,50521,32
2,50526,11
2,50528,48
2,50529,7
2,50532,14
2,50536,19
2,50549,3
2,50556,59
2,50557,29
2,50567,1
2,50577,133
2,50612,165
2,50613,2
2,50616,96
2,50620,12
2,50628,8
2,50629,20
2,50630,1
2,50640,166
2,50641,4
2,50644,26
2,50648,7
2,50656,2
2,50657,2
2,50661,1
2,50668,234
2,50669,469
2,50672,923
2,50676,95
2,50684,6
2,50685,1
2,50689,330
2,50694,1
2,50696,168
2,50704,1
2,50715,18
2,50724,381
2,50725,22
2,50728,61
2,50732,45
2,50740,8
2,50741,2
2,50745,1
2,50752,28
2,50756,15
2,50773,54
2,50780,7
2,50808,755
2,50812,4
2,50816,1
2,50836,50
2,50857,37
2,50864,112
2,50868,57
2,50872,36
2,50880,2
2,50881,4
2,50885,2
2,50892,46
2,50896,181
2,50900,21
2,50920,6
2,50928,1
2,50937,30
2,50948,223
2,50952,61
2,50956,10
2,50967,1
2,50969,1
2,50976,557
2,50977,39
2,50980,64
2,50984,17
2,50997,1
2,51004,13
2,51008,40
2,51012,27
2,51020,251
2,51025,38
2,51032,94
2,51060,1685
2,51061,2
2,51064,370
2,51068,696
2,51069,21
2,51076,74
2,51077,36
2,51080,1
2,51081,87
2,51082,5
2,51088,310
2,51089,94
2,51092,5
2,51096,13
2,51104,8
2,51105,3
2,51109,120
2,51116,50
2,51117,4
2,51200,83
2,51201,49
2,51204,389
2,51208,24
2,51210,7
2,51216,16
2,51217,2
2,51219,1
2,51221,403
2,51228,378
2,51312,348
2,51313,3
2,51316,17
2,51320,7
2,51328,4
2,51329,2
2,51333,179
2,51339,2
2,51340,19
2,51452,306
2,51453,21
2,51456,6
2,51460,9
2,51473,468
2,51544,6
2,51564,1
2,51593,49
2,51600,1
2,51613,12
2,51648,383
2,51649,33
2,51652,73
2,51656,33
2,51664,1
2,51665,74
2,51667,1
2,51669,2
2,51676,8
2,51677,4
2,51687,2
2,51901,2
2,52264,25
2,52265,2
2,52268,1
2,52272,9
2,52280,491
2,52281,2
2,52285,44
2,52292,10
2,52293,10
2,52376,32
2,52377,6
2,52380,69
2,52384,77
2,52392,1
2,52395,41
2,52397,65
2,52404,50
2,52412,4
2,52488,147
2,52489,2
2,52507,4
2,52509,27
2,52572,96
2,52628,29
2,52629,49
2,52632,23
2,52636,81
2,52649,26
2,52684,1
2,52712,36
2,52769,16
2,52824,19
2,52828,24
2,52832,6
2,52840,6
2,52841,1
2,52845,22
2,52852,114
2,52856,33
2,52860,18
2,52868,4
2,52880,71
2,52888,25
2,52896,7
2,52964,18
2,52968,5
2,52972,6
2,52980,83
2,52981,2
2,52983,1
2,52992,100
2,52996,2
2,53000,3
2,53011,3
2,53076,86
2,53080,28
2,53084,20
2,53092,2
2,53097,4
2,53160,12
2,53168,2
2,53216,56
2,53220,1
2,53224,5
2,53244,9
2,53300,5
2,53301,1
2,53304,4
2,53328,4
2,53356,57
2,53360,3
2,53364,40
2,53412,22
2,53413,1
2,53420,11
2,53440,58
2,53441,5
2,53444,1202
2,53448,13
2,53456,3
2,53457,1
2,53461,2
2,53468,98
2,53469,6
2,53552,11
2,53553,3
2,53560,1
2,53573,12
2,53580,49
2,53581,7
2,53584,5
2,53588,7
2,53664,35
2,53672,38
2,53680,3
2,53685,75
2,53748,17
2,53804,27
2,53808,1
2,53812,4
2,53888,53
2,53916,26
2,53944,60
2,53945,153
2,53960,1
2,54000,9
2,54016,4
2,54028,131
2,54032,8
2,54036,23
2,54044,45
2,54045,2
2,54047,1
2,54056,16
2,54060,5
2,54077,2
2,54140,14
2,54156,2
2,54168,59
2,54172,6
2,54176,5
2,54185,1
2,54200,15
2,54217,87
2,54224,16
2,54252,73
2,54253,5
2,54256,4
2,54260,45
2,54268,4
2,54364,89
2,54392,18
2,54408,2
2,54411,2
2,54413,14
2,54512,1
2,54532,355
2,54540,63
2,54588,59
2,54589,2
2,54592,43
2,54596,14
2,54604,1
2,54609,5
2,54616,234
2,54617,86
2,54620,906
2,54624,8
2,54632,50
2,54633,20
2,54637,41
2,54644,144
2,54645,34
2,54648,1
2,54660,3
2,54663,3
2,54665,138
2,54671,3
2,54693,13
2,54728,27
2,54732,20
2,54736,1
2,54749,58
2,54756,93
2,54757,1
2,54760,24
2,54764,19
2,54777,1
2,54785,16
2,54788,302
2,54792,30
2,54800,1
2,54801,17
2,54805,57
2,54812,1
2,54840,58
2,54841,3
2,54844,11
2,54848,14
2,54856,2
2,54861,37
2,54865,1
2,54868,121
2,54869,16
2,54872,34
2,54876,17
2,54889,33
2,54924,43
2,54945,1
2,54952,5
2,54980,78
2,54981,1
2,54984,30
2,54988,1
2,54999,2
2,55036,1
2,55092,10
2,55113,1
2,55120,1
2,55121,12
2,55124,10
2,55137,4
2,55141,7
2,55148,10
2,55152,2
2,55176,33
2,55180,1
2,55184,6
2,55192,13
2,55193,1
2,65372,1
2,1114113,44003
3,32,98135
3,33,32
3,34,90
3,35,6
3,36,1
3,38,1
3,39,51
3,40,70
3,42,12
3,43,7
3,44,12
3,45,71
3,46,36
3,47,1
3,48,8
3,49,3775
3,50,1714
3,51,226
3,52,174
3,53,210
3,54,170
3,55,123
3,56,133
3,57,118
3,58,6
3,60,63
3,61,9
3,62,40
3,64,1
3,65,46
3,66,22
3,67,112
3,68,76
3,69,31
3,70,16
3,71,73
3,72,66
3,73,51
3,74,15
3,75,41
3,76,19
3,77,57
3,78,34
3,79,30
3,80,49
3,81,14
3,82,47
3,83,70
3,84,31
3,85,16
3,86,19
3,87,20
3,88,16
3,89,2
3,90,1
3,91,14
3,92,7
3,93,2
3,94,1
3,97,11
3,98,1
3,99,11
3,100,5
3,101,15
3,102,5
3,103,8
3,104,6
3,105,15
3,106,2
3,107,3
3,108,1
3,109,24
3,110,9
3,112,4
3,113,3
3,114,4
3,115,6
3,116,6
3,117,3
3,118,6
3,120,3
3,121,2
3,122,2
3,123,24
3,124,388
3,125,11
3,160,2
3,183,3
3,916,5
3,946,1
3,952,1
3,8212,2
3,8216,23
3,8217,1
3,8220,33
3,8224,1
3,8226,15
3,8251,7
3,9312,2
3,9313,2
3,9314,2
3,9315,2
3,9316,2
3,9317,1
3,9318,1
3,9319,1
3,9670,9
3,9679,2
3,9734,2
3,12296,8
3,12298,230
3,12300,3
3,12302,3
3,12303,1
3,12593,3
3,12596,3
3,12599,3
3,12601,3
3,12609,3
3,12610,3
3,12613,3
3,12615,3
3,12616,3
3,12618,3
3,12619,3
3,12620,3
3,12621,3
3,12622,3
3,19968,1
3,19976,1
3,20870,1
3,21069,2
3,21516,1
3,24996,1
3,26178,1
3,26412,1
3,26481,1
3,26611,1
3,33836,2
3,35264,1
3,35912,1
3,37325,1
3,38596,1
3,38738,1
3,38750,1
3,40736,1
3,44032,308
3,44033,846
3,44036,27
3,44040,51
3,44048,46
3,44049,2
3,44050,1
3,44053,38
3,44057,1091
3,44060,189
3,44061,2
3,44068,9
3,44079,1
3,44144,37
3,44148,59
3,44152,2
3,44160,15
3,44169,3
3,44172,63
3,44176,4
3,44200,6
3,44201,5
3,44204,3
3,44208,79
3,44217,1
3,44221,249
3,44225,1
3,44228,88
3,44256,498
3,44257,6
3,44260,1
3,44263,2
3,44264,12
3,44273,14
3,44277,244
3,44284,128
3,44285,1
3,44288,152
3,44292,2
3,44305,83
3,44340,18
3,44361,2
3,44368,178
3,44396,160
3,44397,351
3,44400,98
3,44404,12
3,44405,2
3,44417,10
3,44428,14
3,44452,4
3,44480,19
3,44484,1
3,44508,11
3,44512,1
3,44536,1082
3,44537,41
3,44540,69
3,44544,24
3,44552,56
3,44553,11
3,44557,11
3,44592,1773
3,44596,6
3,44600,8
3,44608,132
3,44618,1
3,44620,1
3,44628,1
3,44844,2
3,44852,1
3,44867,1
3,45000,1
3,45208,142
3,45209,2
3,45210,1
3,45212,9
3,45216,6
3,45224,71
3,45225,4
3,45227,1
3,45229,16
3,45230,6
3,45233,1
3,45236,74
3,45253,2
3,45257,23
3,45320,2
3,45328,3
3,45331,7
3,45348,60
3,45349,2
3,45367,5
3,45380,19
3,45432,257
3,45433,9
3,45436,43
3,45440,10
3,45453,46
3,45458,8
3,45516,24
3,45572,19
3,45576,4
3,45656,2
3,45684,71
3,45716,49
3,45733,6
3,45768,39
3,45772,4
3,45776,2
3,45784,2
3,45787,2
3,45796,316
3,45800,113
3,45803,1
3,45804,69
3,45812,4
3,45817,103
3,45823,2
3,45824,1340
3,45843,6
3,45908,34
3,45909,5
3,45912,2
3,45916,1
3,45927,9
3,45929,14
3,45936,66
3,45940,15
3,45944,4
3,46020,216
3,46021,300
3,46024,1
3,46028,13
3,46039,1
3,46041,220
3,46076,3
3,46104,2
3,46160,91
3,46168,7
3,46181,2
3,46244,8
3,46272,2
3,46300,31
3,46301,2
3,46307,5
3,46308,2
3,46321,24
3,46356,70
3,46384,65
3,46392,1
3,46412,8
3,46496,1
3,46497,9
3,46608,298
3,46748,2
3,46832,1
3,46848,1
3,46907,1
3,46972,129
3,46973,2
3,46976,2
3,47000,2
3,47004,1
3,47016,1
3,47017,1
3,47021,1
3,47084,99
3,47085,2
3,47088,6
3,47112,82
3,47116,1
3,47128,2
3,47129,1
3,47196,266
3,47197,5
3,47204,2
3,47212,1
3,47217,3
3,47329,3
3,47336,43
3,47337,4
3,47340,4
3,47420,2
3,47448,3
3,47476,41
3,47484,36
3,47532,133
3,47536,42
3,47540,2
3,47553,3
3,47560,203
3,47561,17
3,47564,109
3,47566,30
3,47568,42
3,47579,1
3,47581,32
3,47582,1
3,47588,65
3,47589,51
3,47592,8
3,47673,5
3,47676,8
3,47680,18
3,47688,1
3,47700,91
3,47701,2
3,47704,22
3,47708,2
3,47721,1
3,47728,3
3,47729,2
3,47732,13
3,47736,3
3,47749,91
3,47751,23
3,47784,164
3,47785,24
3,47787,2
3,47788,5
3,47792,5
3,47800,3
3,47805,15
3,47896,4
3,47924,129
3,47928,1344
3,47932,189
3,48012,6
3,48016,2
3,48036,1
3,48120,603
3,48124,121
3,48127,1
3,48128,16
3,48136,1
3,48143,1
3,48145,1
3,48148,147
3,48149,95
3,48152,106
3,48156,110
3,48157,3
3,48165,5
3,48169,59
3,48176,32
3,48177,64
3,48180,1
3,48192,3
3,48197,1
3,48260,42
3,48264,16
3,48268,1
3,48276,24
3,48277,33
3,48288,133
3,48289,24
3,48292,2
3,48296,38
3,48317,3
3,48320,27
3,48324,9
3,48337,25
3,48372,127
3,48373,42
3,48374,1
3,48376,36
3,48380,20
3,48388,5
3,48393,5
3,48464,1
3,48512,151
3,48513,77
3,48516,122
3,48520,68
3,48521,1
3,48531,1
3,48533,2
3,48596,4
3,48652,85
3,48660,40
3,48708,194
3,48709,5
3,48712,32
3,48716,18
3,48729,4
3,48730,1
3,48731,9
3,48744,2
3,48764,1
3,48772,1
3,48785,1
3,48904,1
3,49104,7
3,49296,1
3,49324,2809
3,49328,76
3,49332,49
3,49334,6
3,49340,85
3,49345,139
3,49352,59
3,49353,12
3,49356,2
3,49373,284
3,49380,7
3,49401,1
3,49408,1
3,49436,291
3,49437,6
3,49440,126
3,49444,18
3,49452,14
3,49453,3
3,49457,156
3,49464,192
3,49465,2
3,49468,6
3,49472,9
3,49483,1
3,49492,1
3,49528,1
3,49548,275
3,49549,16
3,49552,4
3,49556,3
3,49564,1
3,49569,14
3,49632,3
3,49660,17
3,49688,319
3,49689,4
3,49692,29
3,49696,12
3,49707,1
3,49709,5
3,49714,2
3,49772,2
3,49776,1
3,49780,1
3,49800,19
3,49819,3
3,49828,302
3,49836,26
3,49845,3
3,49849,11
3,49884,180
3,49885,58
3,49888,179
3,49892,142
3,49900,65
3,49901,4
3,49903,1
3,49905,11
3,49920,2
3,49933,12
3,50028,4
3,50056,1
3,50136,34
3,50280,11
3,50297,6
3,50416,7
3,50472,1
3,50473,1
3,50500,634
3,50501,37
3,50504,92
3,50508,94
3,50516,46
3,50517,6
3,50521,32
3,50526,11
3,50528,48
3,50529,7
3,50532,14
3,50536,19
3,50549,3
3,50556,59
3,50557,29
3,50567,1
3,50577,133
3,50612,165
3,50613,2
3,50616,96
3,50620,12
3,50628,8
3,50629,20
3,50630,1
3,50640,166
3,50641,4
3,50644,26
3,50648,7
3,50656,2
3,50657,2
3,50661,1
3,50668,234
3,50669,469
3,50672,923
3,50676,95
3,50684,6
3,50685,1
3,50689,330
3,50694,1
3,50696,168
3,50704,1
3,50715,18
3,50724,381
3,50725,22
3,50728,61
3,50732,45
3,50740,8
3,50741,2
3,50745,1
3,50752,28
3,50756,15
3,50773,54
3,50780,7
3,50808,755
3,50812,4
3,50816,1
3,50836,50
3,50857,37
3,50864,112
3,50868,57
3,50872,36
3,50880,2
3,50881,4
3,50885,2
3,50892,46
3,50896,181
3,50900,21
3,50920,6
3,50928,1
3,50937,30
3,50948,223
3,50952,61
3,50956,10
3,50967,1
3,50969,1
3,50976,557
3,50977,39
3,50980,64
3,50984,17
3,50997,1
3,51004,13
3,51008,40
3,51012,27
3,51020,251
3,51025,38
3,51032,94
3,51060,1685
3,51061,2
3,51064,370
3,51068,696
3,51069,21
3,51076,74
3,51077,36
3,51080,1
3,51081,87
3,51082,5
3,51088,310
3,51089,94
3,51092,5
3,51096,13
3,51104,8
3,51105,3
3,51109,120
3,51116,50
3,51117,4
3,51200,83
3,51201,49
3,51204,389
3,51208,24
3,51210,7
3,51216,16
3,51217,2
3,51219,1
3,51221,403
3,51228,378
3,51312,348
3,51313,3
3,51316,17
3,51320,7
3,51328,4
3,51329,2
3,51333,179
3,51339,2
3,51340,19
3,51452,306
3,51453,21
3,51456,6
3,51460,9
3,51473,468
3,51544,6
3,51564,1
3,51593,49
3,51600,1
3,51613,12
3,51648,383
3,51649,33
3,51652,73
3,51656,33
3,51664,1
3,51665,74
3,51667,1
3,51669,2
3,51676,8
3,51677,4
3,51687,2
3,51901,2
3,52264,25
3,52265,2
3,52268,1
3,52272,9
3,52280,491
3,52281,2
3,52285,44
3,52292,10
3,52293,10
3,52376,32
3,52377,6
3,52380,69
3,52384,77
3,52392,1
3,52395,41
3,52397,65
3,52404,50
3,52412,4
3,52488,147
3,52489,2
3,52507,4
3,52509,27
3,52572,96
3,52628,29
3,52629,49
3,52632,23
3,52636,81
3,52649,26
3,52684,1
3,52712,36
3,52769,16
3,52824,19
3,52828,24
3,52832,6
3,52840,6
3,52841,1
3,52845,22
3,52852,114
3,52856,33
3,52860,18
3,52868,4
3,52880,71
3,52888,25
3,52896,7
3,52964,18
3,52968,5
3,52972,6
3,52980,83
3,52981,2
3,52983,1
3,52992,100
3,52996,2
3,53000,3
3,53011,3
3,53076,86
3,53080,28
3,53084,20
3,53092,2
3,53097,4
3,53160,12
3,53168,2
3,53216,56
3,53220,1
3,53224,5
3,53244,9
3,53300,5
3,53301,1
3,53304,4
3,53328,4
3,53356,57
3,53360,3
3,53364,40
3,53412,22
3,53413,1
3,53420,11
3,53440,58
3,53441,5
3,53444,1202
3,53448,13
3,53456,3
3,53457,1
3,53461,2
3,53468,98
3,53469,6
3,53552,11
3,53553,3
3,53560,1
3,53573,12
3,53580,49
3,53581,7
3,53584,5
3,53588,7
3,53664,35
3,53672,38
3,53680,3
3,53685,75
3,53748,17
3,53804,27
3,53808,1
3,53812,4
3,53888,53
3,53916,26
3,53944,60
3,53945,153
3,53960,1
3,54000,9
3,54016,4
3,54028,131
3,54032,8
3,54036,23
3,54044,45
3,54045,2
3,54047,1
3,54056,16
3,54060,5
3,54077,2
3,54140,14
3,54156,2
3,54168,59
3,54172,6
3,54176,5
3,54185,1
3,54200,15
3,54217,87
3,54224,16
3,54252,73
3,54253,5
3,54256,4
3,54260,45
3,54268,4
3,54364,89
3,54392,18
3,54408,2
3,54411,2
3,54413,14
3,54512,1
3,54532,355
3,54540,63
3,54588,59
3,54589,2
3,54592,43
3,54596,14
3,54604,1
3,54609,5
3,54616,234
3,54617,86
3,54620,906
3,54624,8
3,54632,50
3,54633,20
3,54637,41
3,54644,144
3,54645,34
3,54648,1
3,54660,3
3,54663,3
3,54665,138
3,54671,3
3,54693,13
3,54728,27
3,54732,20
3,54736,1
3,54749,58
3,54756,93
3,54757,1
3,54760,24
3,54764,19
3,54777,1
3,54785,16
3,54788,302
3,54792,30
3,54800,1
3,54801,17
3,54805,57
3,54812,1
3,54840,58
3,54841,3
3,54844,11
3,54848,14
3,54856,2
3,54861,37
3,54865,1
3,54868,121
3,54869,16
3,54872,34
3,54876,17
3,54889,33
3,54924,43
3,54945,1
3,54952,5
3,54980,78
3,54981,1
3,54984,30
3,54988,1
3,54999,2
3,55036,1
3,55092,10
3,55113,1
3,55120,1
3,55121,12
3,55124,10
3,55137,4
3,55141,7
3,55148,10
3,55152,2
3,55176,33
3,55180,1
3,55184,6
3,55192,13
3,55193,1
3,65372,1
3,1114113,44003
4,32,98135
4,33,32
4,34,90
4,35,6
4,36,1
4,38,1
4,39,51
4,40,70
4,42,12
4,43,7
4,44,12
4,45,71
4,46,36
4,47,1
4,48,8
4,49,3775
4,50,1714
4,51,226
4,52,174
4,53,210
4,54,170
4,55,123
4,56,133
4,57,118
4,58,6
4,60,63
4,61,9
4,62,40
4,64,1
4,65,46
4,66,22
4,67,112
4,68,76
4,69,31
4,70,16
4,71,73
4,72,66
4,73,51
4,74,15
4,75,41
4,76,19
4,77,57
4,78,34
4,79,30
4,80,49
4,81,14
4,82,47
4,83,70
4,84,31
4,85,16
4,86,19
4,87,20
4,88,16
4,89,2
4,90,1
4,91,14
4,92,7
4,93,2
4,94,1
4,97,11
4,98,1
4,99,11
4,100,5
4,101,15
4,102,5
4,103,8
4,104,6
4,105,15
4,106,2
4,107,3
4,108,1
4,109,24
4,110,9
4,112,4
4,113,3
4,114,4
4,115,6
4,116,6
4,117,3
4,118,6
4,120,3
4,121,2
4,122,2
4,123,24
4,124,388
4,125,11
4,160,2
4,183,3
4,916,5
4,946,1
4,952,1
4,8212,2
4,8216,23
4,8217,1
4,8220,33
4,8224,1
4,8226,15
4,8251,7
4,9312,2
4,9313,2
4,9314,2
4,9315,2
4,9316,2
4,9317,1
4,9318,1
4,9319,1
4,9670,9
4,9679,2
4,9734,2
4,12296,8
4,12298,230
4,12300,3
4,12302,3
4,12303,1
4,12593,3
4,12596,3
4,12599,3
4,12601,3
4,12609,3
4,12610,3
4,12613,3
4,12615,3
4,12616,3
4,12618,3
4,12619,3
4,12620,3
4,12621,3
4,12622,3
4,19968,1
4,19976,1
4,20870,1
4,21069,2
4,21516,1
4,24996,1
4,26178,1
4,26412,1
4,26481,1
4,26611,1
4,33836,2
4,35264,1
4,35912,1
4,37325,1
4,38596,1
4,38738,1
4,38750,1
4,40736,1
4,44032,308
4,44033,846
4,44036,27
4,44040,51
4,44048,46
4,44049,2
4,44050,1
4,44053,38
4,44057,1091
4,44060,189
4,44061,2
4,44068,9
4,44079,1
4,44144,37
4,44148,59
4,44152,2
4,44160,15
4,44169,3
4,44172,63
4,44176,4
4,44200,6
4,44201,5
4,44204,3
4,44208,79
4,44217,1
4,44221,249
4,44225,1
4,44228,88
4,44256,498
4,44257,6
4,44260,1
4,44263,2
4,44264,12
4,44273,14
4,44277,244
4,44284,128
4,44285,1
4,44288,152
4,44292,2
4,44305,83
4,44340,18
4,44361,2
4,44368,178
4,44396,160
4,44397,351
4,44400,98
4,44404,12
4,44405,2
4,44417,10
4,44428,14
4,44452,4
4,44480,19
4,44484,1
4,44508,11
4,44512,1
4,44536,1082
4,44537,41
4,44540,69
4,44544,24
4,44552,56
4,44553,11
4,44557,11
4,44592,1773
4,44596,6
4,44600,8
4,44608,132
4,44618,1
4,44620,1
4,44628,1
4,44844,2
4,44852,1
4,44867,1
4,45000,1
4,45208,142
4,45209,2
4,45210,1
4,45212,9
4,45216,6
4,45224,71
4,45225,4
4,45227,1
4,45229,16
4,45230,6
4,45233,1
4,45236,74
4,45253,2
4,45257,23
4,45320,2
4,45328,3
4,45331,7
4,45348,60
4,45349,2
4,45367,5
4,45380,19
4,45432,257
4,45433,9
4,45436,43
4,45440,10
4,45453,46
4,45458,8
4,45516,24
4,45572,19
4,45576,4
4,45656,2
4,45684,71
4,45716,49
4,45733,6
4,45768,39
4,45772,4
4,45776,2
4,45784,2
4,45787,2
4,45796,316
4,45800,113
4,45803,1
4,45804,69
4,45812,4
4,45817,103
4,45823,2
4,45824,1340
4,45843,6
4,45908,34
4,45909,5
4,45912,2
4,45916,1
4,45927,9
4,45929,14
4,45936,66
4,45940,15
4,45944,4
4,46020,216
4,46021,300
4,46024,1
4,46028,13
4,46039,1
4,46041,220
4,46076,3
4,46104,2
4,46160,91
4,46168,7
4,46181,2
4,46244,8
4,46272,2
4,46300,31
4,46301,2
4,46307,5
4,46308,2
4,46321,24
4,46356,70
4,46384,65
4,46392,1
4,46412,8
4,46496,1
4,46497,9
4,46608,298
4,46748,2
4,46832,1
4,46848,1
4,46907,1
4,46972,129
4,46973,2
4,46976,2
4,47000,2
4,47004,1
4,47016,1
4,47017,1
4,47021,1
4,47084,99
4,47085,2
4,47088,6
4,47112,82
4,47116,1
4,47128,2
4,47129,1
4,47196,266
4,47197,5
4,47204,2
4,47212,1
4,47217,3
4,47329,3
4,47336,43
4,47337,4
4,47340,4
4,47420,2
4,47448,3
4,47476,41
4,47484,36
4,47532,133
4,47536,42
4,47540,2
4,47553,3
4,47560,203
4,47561,17
4,47564,109
4,47566,30
4,47568,42
4,47579,1
4,47581,32
4,47582,1
4,47588,65
4,47589,51
4,47592,8
4,47673,5
4,47676,8
4,47680,18
4,47688,1
4,47700,91
4,47701,2
4,47704,22
4,47708,2
4,47721,1
4,47728,3
4,47729,2
4,47732,13
4,47736,3
4,47749,91
4,47751,23
4,47784,164
4,47785,24
4,47787,2
4,47788,5
4,47792,5
4,47800,3
4,47805,15
4,47896,4
4,47924,129
4,47928,1344
4,47932,189
4,48012,6
4,48016,2
4,48036,1
4,48120,603
4,48124,121
4,48127,1
4,48128,16
4,48136,1
4,48143,1
4,48145,1
4,48148,147
4,48149,95
4,48152,106
4,48156,110
4,48157,3
4,48165,5
4,48169,59
4,48176,32
4,48177,64
4,48180,1
4,48192,3
4,48197,1
4,48260,42
4,48264,16
4,48268,1
4,48276,24
4,48277,33
4,48288,133
4,48289,24
4,48292,2
4,48296,38
4,48317,3
4,48320,27
4,48324,9
4,48337,25
4,48372,127
4,48373,42
4,48374,1
4,48376,36
4,48380,20
4,48388,5
4,48393,5
4,48464,1
4,48512,151
4,48513,77
4,48516,122
4,48520,68
4,48521,1
4,48531,1
4,48533,2
4,48596,4
4,48652,85
4,48660,40
4,48708,194
4,48709,5
4,48712,32
4,48716,18
4,48729,4
4,48730,1
4,48731,9
4,48744,2
4,48764,1
4,48772,1
4,48785,1
4,48904,1
4,49104,7
4,49296,1
4,49324,2809
4,49328,76
4,49332,49
4,49334,6
4,49340,85
4,49345,139
4,49352,59
4,49353,12
4,49356,2
4,49373,284
4,49380,7
4,49401,1
4,49408,1
4,49436,291
4,49437,6
4,49440,126
4,49444,18
4,49452,14
4,49453,3
4,49457,156
4,49464,192
4,49465,2
4,49468,6
4,49472,9
4,49483,1
4,49492,1
4,49528,1
4,49548,275
4,49549,16
4,49552,4
4,49556,3
4,49564,1
4,49569,14
4,49632,3
4,49660,17
4,49688,319
4,49689,4
4,49692,29
4,49696,12
4,49707,1
4,49709,5
4,49714,2
4,49772,2
4,49776,1
4,49780,1
4,49800,19
4,49819,3
4,49828,302
4,49836,26
4,49845,3
4,49849,11
4,49884,180
4,49885,58
4,49888,179
4,49892,142
4,49900,65
4,49901,4
4,49903,1
4,49905,11
4,49920,2
4,49933,12
4,50028,4
4,50056,1
4,50136,34
4,50280,11
4,50297,6
4,50416,7
4,50472,1
4,50473,1
4,50500,634
4,50501,37
4,50504,92
4,50508,94
4,50516,46
4,50517,6
4,50521,32
4,50526,11
4,50528,48
4,50529,7
4,50532,14
4,50536,19
4,50549,3
4,50556,59
4,50557,29
4,50567,1
4,50577,133
4,50612,165
4,50613,2
4,50616,96
4,50620,12
4,50628,8
4,50629,20
4,50630,1
4,50640,166
4,50641,4
4,50644,26
4,50648,7
4,50656,2
4,50657,2
4,50661,1
4,50668,234
4,50669,469
4,50672,923
4,50676,95
4,50684,6
4,50685,1
4,50689,330
4,50694,1
4,50696,168
4,50704,1
4,50715,18
4,50724,381
4,50725,22
4,50728,61
4,50732,45
4,50740,8
4,50741,2
4,50745,1
4,50752,28
4,50756,15
4,50773,54
4,50780,7
4,50808,755
4,50812,4
4,50816,1
4,50836,50
4,50857,37
4,50864,112
4,50868,57
4,50872,36
4,50880,2
4,50881,4
4,50885,2
4,50892,46
4,50896,181
4,50900,21
4,50920,6
4,50928,1
4,50937,30
4,50948,223
4,50952,61
4,50956,10
4,50967,1
4,50969,1
4,50976,557
4,50977,39
4,50980,64
4,50984,17
4,50997,1
4,51004,13
4,51008,40
4,51012,27
4,51020,251
4,51025,38
4,51032,94
4,51060,1685
4,51061,2
4,51064,370
4,51068,696
4,51069,21
4,51076,74
4,51077,36
4,51080,1
4,51081,87
4,51082,5
4,51088,310
4,51089,94
4,51092,5
4,51096,13
4,51104,8
4,51105,3
4,51109,120
4,51116,50
4,51117,4
4,51200,83
4,51201,49
4,51204,389
4,51208,24
4,51210,7
4,51216,16
4,51217,2
4,51219,1
4,51221,403
4,51228,378
4,51312,348
4,51313,3
4,51316,17
4,51320,7
4,51328,4
4,51329,2
4,51333,179
4,51339,2
4,51340,19
4,51452,306
4,51453,21
4,51456,6
4,51460,9
4,51473,468
4,51544,6
4,51564,1
4,51593,49
4,51600,1
4,51613,12
4,51648,383
4,51649,33
4,51652,73
4,51656,33
4,51664,1
4,51665,74
4,51667,1
4,51669,2
4,51676,8
4,51677,4
4,51687,2
4,51901,2
4,52264,25
4,52265,2
4,52268,1
4,52272,9
4,52280,491
4,52281,2
4,52285,44
4,52292,10
4,52293,10
4,52376,32
4,52377,6
4,52380,69
4,52384,77
4,52392,1
4,52395,41
4,52397,65
4,52404,50
4,52412,4
4,52488,147
4,52489,2
4,52507,4
4,52509,27
4,52572,96
4,52628,29
4,52629,49
4,52632,23
4,52636,81
4,52649,26
4,52684,1
4,52712,36
4,52769,16
4,52824,19
4,52828,24
4,52832,6
4,52840,6
4,52841,1
4,52845,22
4,52852,114
4,52856,33
4,52860,18
4,52868,4
4,52880,71
4,52888,25
4,52896,7
4,52964,18
4,52968,5
4,52972,6
4,52980,83
4,52981,2
4,52983,1
4,52992,100
4,52996,2
4,53000,3
4,53011,3
4,53076,86
4,53080,28
4,53084,20
4,53092,2
4,53097,4
4,53160,12
4,53168,2
4,53216,56
4,53220,1
4,53224,5
4,53244,9
4,53300,5
4,53301,1
4,53304,4
4,53328,4
4,53356,57
4,53360,3
4,53364,40
4,53412,22
4,53413,1
4,53420,11
4,53440,58
4,53441,5
4,53444,1202
4,53448,13
4,53456,3
4,53457,1
4,53461,2
4,53468,98
4,53469,6
4,53552,11
4,53553,3
4,53560,1
4,53573,12
4,53580,49
4,53581,7
4,53584,5
4,53588,7
4,53664,35
4,53672,38
4,53680,3
4,53685,75
4,53748,17
4,53804,27
4,53808,1
4,53812,4
4,53888,53
4,53916,26
4,53944,60
4,53945,153
4,53960,1
4,54000,9
4,54016,4
4,54028,131
4,54032,8
4,54036,23
4,54044,45
4,54045,2
4,54047,1
4,54056,16
4,54060,5
4,54077,2
4,54140,14
4,54156,2
4,54168,59
4,54172,6
4,54176,5
4,54185,1
4,54200,15
4,54217,87
4,54224,16
4,54252,73
4,54253,5
4,54256,4
4,54260,45
4,54268,4
4,54364,89
4,54392,18
4,54408,2
4,54411,2
4,54413,14
4,54512,1
4,54532,355
4,54540,63
4,54588,59
4,54589,2
4,54592,43
4,54596,14
4,54604,1
4,54609,5
4,54616,234
4,54617,86
4,54620,906
4,54624,8
4,54632,50
4,54633,20
4,54637,41
4,54644,144
4,54645,34
4,54648,1
4,54660,3
4,54663,3
4,54665,138
4,54671,3
4,54693,13
4,54728,27
4,54732,20
4,54736,1
4,54749,58
4,54756,93
4,54757,1
4,54760,24
4,54764,19
4,54777,1
4,54785,16
4,54788,302
4,54792,30
4,54800,1
4,54801,17
4,54805,57
4,54812,1
4,54840,58
4,54841,3
4,54844,11
4,54848,14
4,54856,2
4,54861,37
4,54865,1
4,54868,121
4,54869,16
4,54872,34
4,54876,17
4,54889,33
4,54924,43
4,54945,1
4,54952,5
4,54980,78
4,54981,1
4,54984,30
4,54988,1
4,54999,2
4,55036,1
4,55092,10
4,55113,1
4,55120,1
4,55121,12
4,55124,10
4,55137,4
4,55141,7
4,55148,10
4,55152,2
4,55176,33
4,55180,1
4,55184,6
4,55192,13
4,55193,1
4,65372,1
4,1114113,44003
5,32,98135
5,33,32
5,34,90
5,35,6
5,36,1
5,38,1
5,39,51
5,40,70
5,42,12
5,43,7
5,44,12
5,45,71
5,46,36
5,47,1
5,48,8
5,49,3775
5,50,1714
5,51,226
5,52,174
5,53,210
5,54,170
5,55,123
5,56,133
5,57,118
5,58,6
5,60,63
5,61,9
5,62,40
5,64,1
5,65,46
5,66,22
5,67,112
5,68,76
5,69,31
5,70,16
5,71,73
5,72,66
5,73,51
5,74,15
5,75,41
5,76,19
5,77,57
5,78,34
5,79,30
5,80,49
5,81,14
5,82,47
5,83,70
5,84,31
5,85,16
5,86,19
5,87,20
5,88,16
5,89,2
5,90,1
5,91,14
5,92,7
5,93,2
5,94,1
5,97,11
5,98,1
5,99,11
5,100,5
5,101,15
5,102,5
5,103,8
5,104,6
5,105,15
5,106,2
5,107,3
5,108,1
5,109,24
5,110,9
5,112,4
5,113,3
5,114,4
5,115,6
5,116,6
5,117,3
5,118,6
5,120,3
5,121,2
5,122,2
5,123,24
5,124,388
5,125,11
5,160,2
5,183,3
5,916,5
5,946,1
5,952,1
5,8212,2
5,8216,23
5,8217,1
5,8220,33
5,8224,1
5,8226,15
5,8251,7
5,9312,2
5,9313,2
5,9314,2
5,9315,2
5,9316,2
5,9317,1
5,9318,1
5,9319,1
5,9670,9
5,9679,2
5,9734,2
5,12296,8
5,12298,230
5,12300,3
5,12302,3
5,12303,1
5,12593,3
5,12596,3
5,12599,3
5,12601,3
5,12609,3
5,12610,3
5,12613,3
5,12615,3
5,12616,3
5,12618,3
5,12619,3
5,12620,3
5,12621,3
5,12622,3
5,19968,1
5,19976,1
5,20870,1
5,21069,2
5,21516,1
5,24996,1
5,26178,1
5,26412,1
5,26481,1
5,26611,1
5,33836,2
5,35264,1
5,35912,1
5,37325,1
5,38596,1
5,38738,1
5,38750,1
5,40736,1
5,44032,308
5,44033,846
5,44036,27
5,44040,51
5,44048,46
5,44049,2
5,44050,1
5,44053,38
5,44057,1091
5,44060,189
5,44061,2
5,44068,9
5,44079,1
5,44144,37
5,44148,59
5,44152,2
5,44160,15
5,44169,3
5,44172,63
5,44176,4
5,44200,6
5,44201,5
5,44204,3
5,44208,79
5,44217,1
5,44221,249
5,44225,1
5,44228,88
5,44256,498
5,44257,6
5,44260,1
5,44263,2
5,44264,12
5,44273,14
5,44277,244
5,44284,128
5,44285,1
5,44288,152
5,44292,2
5,44305,83
5,44340,18
5,44361,2
5,44368,178
5,44396,160
5,44397,351
5,44400,98
5,44404,12
5,44405,2
5,44417,10
5,44428,14
5,44452,4
5,44480,19
5,44484,1
5,44508,11
5,44512,1
5,44536,1082
5,44537,41
5,44540,69
5,44544,24
5,44552,56
5,44553,11
5,44557,11
5,44592,1773
5,44596,6
5,44600,8
5,44608,132
5,44618,1
5,44620,1
5,44628,1
5,44844,2
5,44852,1
5,44867,1
5,45000,1
5,45208,142
5,45209,2
5,45210,1
5,45212,9
5,45216,6
5,45224,71
5,45225,4
5,45227,1
5,45229,16
5,45230,6
5,45233,1
5,45236,74
5,45253,2
5,45257,23
5,45320,2
5,45328,3
5,45331,7
5,45348,60
5,45349,2
5,45367,5
5,45380,19
5,45432,257
5,45433,9
5,45436,43
5,45440,10
5,45453,46
5,45458,8
5,45516,24
5,45572,19
5,45576,4
5,45656,2
5,45684,71
5,45716,49
5,45733,6
5,45768,39
5,45772,4
5,45776,2
5,45784,2
5,45787,2
5,45796,316
5,45800,113
5,45803,1
5,45804,69
5,45812,4
5,45817,103
5,45823,2
5,45824,1340
5,45843,6
5,45908,34
5,45909,5
5,45912,2
5,45916,1
5,45927,9
5,45929,14
5,45936,66
5,45940,15
5,45944,4
5,46020,216
5,46021,300
5,46024,1
5,46028,13
5,46039,1
5,46041,220
5,46076,3
5,46104,2
5,46160,91
5,46168,7
5,46181,2
5,46244,8
5,46272,2
5,46300,31
5,46301,2
5,46307,5
5,46308,2
5,46321,24
5,46356,70
5,46384,65
5,46392,1
5,46412,8
5,46496,1
5,46497,9
5,46608,298
5,46748,2
5,46832,1
5,46848,1
5,46907,1
5,46972,129
5,46973,2
5,46976,2
5,47000,2
5,47004,1
5,47016,1
5,47017,1
5,47021,1
5,47084,99
5,47085,2
5,47088,6
5,47112,82
5,47116,1
5,47128,2
5,47129,1
5,47196,266
5,47197,5
5,47204,2
5,47212,1
5,47217,3
5,47329,3
5,47336,43
5,47337,4
5,47340,4
5,47420,2
5,47448,3
5,47476,41
5,47484,36
5,47532,133
5,47536,42
5,47540,2
5,47553,3
5,47560,203
5,47561,17
5,47564,109
5,47566,30
5,47568,42
5,47579,1
5,47581,32
5,47582,1
5,47588,65
5,47589,51
5,47592,8
5,47673,5
5,47676,8
5,47680,18
5,47688,1
5,47700,91
5,47701,2
5,47704,22
5,47708,2
5,47721,1
5,47728,3
5,47729,2
5,47732,13
5,47736,3
5,47749,91
5,47751,23
5,47784,164
5,47785,24
5,47787,2
5,47788,5
5,47792,5
5,47800,3
5,47805,15
5,47896,4
5,47924,129
5,47928,1344
5,47932,189
5,48012,6
5,48016,2
5,48036,1
5,48120,603
5,48124,121
5,48127,1
5,48128,16
5,48136,1
5,48143,1
5,48145,1
5,48148,147
5,48149,95
5,48152,106
5,48156,110
5,48157,3
5,48165,5
5,48169,59
5,48176,32
5,48177,64
5,48180,1
5,48192,3
5,48197,1
5,48260,42
5,48264,16
5,48268,1
5,48276,24
5,48277,33
5,48288,133
5,48289,24
5,48292,2
5,48296,38
5,48317,3
5,48320,27
5,48324,9
5,48337,25
5,48372,127
5,48373,42
5,48374,1
5,48376,36
5,48380,20
5,48388,5
5,48393,5
5,48464,1
5,48512,151
5,48513,77
5,48516,122
5,48520,68
5,48521,1
5,48531,1
5,48533,2
5,48596,4
5,48652,85
5,48660,40
5,48708,194
5,48709,5
5,48712,32
5,48716,18
5,48729,4
5,48730,1
5,48731,9
5,48744,2
5,48764,1
5,48772,1
5,48785,1
5,48904,1
5,49104,7
5,49296,1
5,49324,2809
5,49328,76
5,49332,49
5,49334,6
5,49340,85
5,49345,139
5,49352,59
5,49353,12
5,49356,2
5,49373,284
5,49380,7
5,49401,1
5,49408,1
5,49436,291
5,49437,6
5,49440,126
5,49444,18
5,49452,14
5,49453,3
5,49457,156
5,49464,192
5,49465,2
5,49468,6
5,49472,9
5,49483,1
5,49492,1
5,49528,1
5,49548,275
5,49549,16
5,49552,4
5,49556,3
5,49564,1
5,49569,14
5,49632,3
5,49660,17
5,49688,319
5,49689,4
5,49692,29
5,49696,12
5,49707,1
5,49709,5
5,49714,2
5,49772,2
5,49776,1
5,49780,1
5,49800,19
5,49819,3
5,49828,302
5,49836,26
5,49845,3
5,49849,11
5,49884,180
5,49885,58
5,49888,179
5,49892,142
5,49900,65
5,49901,4
5,49903,1
5,49905,11
5,49920,2
5,49933,12
5,50028,4
5,50056,1
5,50136,34
5,50280,11
5,50297,6
5,50416,7
5,50472,1
5,50473,1
5,50500,634
5,50501,37
5,50504,92
5,50508,94
5,50516,46
5,50517,6
5,50521,32
5,50526,11
5,50528,48
5,50529,7
5,50532,14
5,50536,19
5,50549,3
5,50556,59
5,50557,29
5,50567,1
5,50577,133
5,50612,165
5,50613,2
5,50616,96
5,50620,12
5,50628,8
5,50629,20
5,50630,1
5,50640,166
5,50641,4
5,50644,26
5,50648,7
5,50656,2
5,50657,2
5,50661,1
5,50668,234
5,50669,469
5,50672,923
5,50676,95
5,50684,6
5,50685,1
5,50689,330
5,50694,1
5,50696,168
5,50704,1
5,50715,18
5,50724,381
5,50725,22
5,50728,61
5,50732,45
5,50740,8
5,50741,2
5,50745,1
5,50752,28
5,50756,15
5,50773,54
5,50780,7
5,50808,755
5,50812,4
5,50816,1
5,50836,50
5,50857,37
5,50864,112
5,50868,57
5,50872,36
5,50880,2
5,50881,4
5,50885,2
5,50892,46
5,50896,181
5,50900,21
5,50920,6
5,50928,1
5,50937,30
5,50948,223
5,50952,61
5,50956,10
5,50967,1
5,50969,1
5,50976,557
5,50977,39
5,50980,64
5,50984,17
5,50997,1
5,51004,13
5,51008,40
5,51012,27
5,51020,251
5,51025,38
5,51032,94
5,51060,1685
5,51061,2
5,51064,370
5,51068,696
5,51069,21
5,51076,74
5,51077,36
5,51080,1
5,51081,87
5,51082,5
5,51088,310
5,51089,94
5,51092,5
5,51096,13
5,51104,8
5,51105,3
5,51109,120
5,51116,50
5,51117,4
5,51200,83
5,51201,49
5,51204,389
5,51208,24
5,51210,7
5,51216,16
5,51217,2
5,51219,1
5,51221,403
5,51228,378
5,51312,348
5,51313,3
5,51316,17
5,51320,7
5,51328,4
5,51329,2
5,51333,179
5,51339,2
5,51340,19
5,51452,306
5,51453,21
5,51456,6
5,51460,9
5,51473,468
5,51544,6
5,51564,1
5,51593,49
5,51600,1
5,51613,12
5,51648,383
5,51649,33
5,51652,73
5,51656,33
5,51664,1
5,51665,74
5,51667,1
5,51669,2
5,51676,8
5,51677,4
5,51687,2
5,51901,2
5,52264,25
5,52265,2
5,52268,1
5,52272,9
5,52280,491
5,52281,2
5,52285,44
5,52292,10
5,52293,10
5,52376,32
5,52377,6
5,52380,69
5,52384,77
5,52392,1
5,52395,41
5,52397,65
5,52404,50
5,52412,4
5,52488,147
5,52489,2
5,52507,4
5,52509,27
5,52572,96
5,52628,29
5,52629,49
5,52632,23
5,52636,81
5,52649,26
5,52684,1
5,52712,36
5,52769,16
5,52824,19
5,52828,24
5,52832,6
5,52840,6
5,52841,1
5,52845,22
5,52852,114
5,52856,33
5,52860,18
5,52868,4
5,52880,71
5,52888,25
5,52896,7
5,52964,18
5,52968,5
5,52972,6
5,52980,83
5,52981,2
5,52983,1
5,52992,100
5,52996,2
5,53000,3
5,53011,3
5,53076,86
5,53080,28
5,53084,20
5,53092,2
5,53097,4
5,53160,12
5,53168,2
5,53216,56
5,53220,1
5,53224,5
5,53244,9
5,53300,5
5,53301,1
5,53304,4
5,53328,4
5,53356,57
5,53360,3
5,53364,40
5,53412,22
5,53413,1
5,53420,11
5,53440,58
5,53441,5
5,53444,1202
5,53448,13
5,53456,3
5,53457,1
5,53461,2
5,53468,98
5,53469,6
5,53552,11
5,53553,3
5,53560,1
5,53573,12
5,53580,49
5,53581,7
5,53584,5
5,53588,7
5,53664,35
5,53672,38
5,53680,3
5,53685,75
5,53748,17
5,53804,27
5,53808,1
5,53812,4
5,53888,53
5,53916,26
5,53944,60
5,53945,153
5,53960,1
5,54000,9
5,54016,4
5,54028,131
5,54032,8
5,54036,23
5,54044,45
5,54045,2
5,54047,1
5,54056,16
5,54060,5
5,54077,2
5,54140,14
5,54156,2
5,54168,59
5,54172,6
5,54176,5
5,54185,1
5,54200,15
5,54217,87
5,54224,16
5,54252,73
5,54253,5
5,54256,4
5,54260,45
5,54268,4
5,54364,89
5,54392,18
5,54408,2
5,54411,2
5,54413,14
5,54512,1
5,54532,355
5,54540,63
5,54588,59
5,54589,2
5,54592,43
5,54596,14
5,54604,1
5,54609,5
5,54616,234
5,54617,86
5,54620,906
5,54624,8
5,54632,50
5,54633,20
5,54637,41
5,54644,144
5,54645,34
5,54648,1
5,54660,3
5,54663,3
5,54665,138
5,54671,3
5,54693,13
5,54728,27
5,54732,20
5,54736,1
5,54749,58
5,54756,93
5,54757,1
5,54760,24
5,54764,19
5,54777,1
5,54785,16
5,54788,302
5,54792,30
5,54800,1
5,54801,17
5,54805,57
5,54812,1
5,54840,58
5,54841,3
5,54844,11
5,54848,14
5,54856,2
5,54861,37
5,54865,1
5,54868,121
5,54869,16
5,54872,34
5,54876,17
5,54889,33
5,54924,43
5,54945,1
5,54952,5
5,54980,78
5,54981,1
5,54984,30
5,54988,1
5,54999,2
5,55036,1
5,55092,10
5,55113,1
5,55120,1
5,55121,12
5,55124,10
5,55137,4
5,55141,7
5,55148,10
5,55152,2
5,55176,33
5,55180,1
5,55184,6
5,55192,13
5,55193,1
5,65372,1
5,1114113,44003
6,32,98135
6,33,32
6,34,90
6,35,6
6,36,1
6,38,1
6,39,51
6,40,70
6,42,12
6,43,7
6,44,12
6,45,71
6,46,36
6,47,1
6,48,8
6,49,3775
6,50,1714
6,51,226
6,52,174
6,53,210
6,54,170
6,55,123
6,56,133
6,57,118
6,58,6
6,60,63
6,61,9
6,62,40
6,64,1
6,65,46
6,66,22
6,67,112
6,68,76
6,69,31
6,70,16
6,71,73
6,72,66
6,73,51
6,74,15
6,75,41
6,76,19
6,77,57
6,78,34
6,79,30
6,80,49
6,81,14
6,82,47
6,83,70
6,84,31
6,85,16
6,86,19
6,87,20
6,88,16
6,89,2
6,90,1
6,91,14
6,92,7
6,93,2
6,94,1
6,97,11
6,98,1
6,99,11
6,100,5
6,101,15
6,102,5
6,103,8
6,104,6
6,105,15
6,106,2
6,107,3
6,108,1
6,109,24
6,110,9
6,112,4
6,113,3
6,114,4
6,115,6
6,116,6
6,117,3
6,118,6
6,120,3
6,121,2
6,122,2
6,123,24
6,124,388
6,125,11
6,160,2
6,183,3
6,916,5
6,946,1
6,952,1
6,8212,2
6,8216,23
6,8217,1
6,8220,33
6,8224,1
6,8226,15
6,8251,7
6,9312,2
6,9313,2
6,9314,2
6,9315,2
6,9316,2
6,9317,1
6,9318,1
6,9319,1
6,9670,9
6,9679,2
6,9734,2
6,12296,8
6,12298,230
6,12300,3
6,12302,3
6,12303,1
6,12593,3
6,12596,3
6,12599,3
6,12601,3
6,12609,3
6,12610,3
6,12613,3
6,12615,3
6,12616,3
6,12618,3
6,12619,3
6,12620,3
6,12621,3
6,12622,3
6,19968,1
6,19976,1
6,20870,1
6,21069,2
6,21516,1
6,24996,1
6,26178,1
6,26412,1
6,26481,1
6,26611,1
6,33836,2
6,35264,1
6,35912,1
6,37325,1
6,38596,1
6,38738,1
6,38750,1
6,40736,1
6,44032,308
6,44033,846
6,44036,27
6,44040,51
6,44048,46
6,44049,2
6,44050,1
6,44053,38
6,44057,1091
6,44060,189
6,44061,2
6,44068,9
6,44079,1
6,44144,37
6,44148,59
6,44152,2
6,44160,15
6,44169,3
6,44172,63
6,44176,4
6,44200,6
6,44201,5
6,44204,3
6,44208,79
6,44217,1
6,44221,249
6,44225,1
6,44228,88
6,44256,498
6,44257,6
6,44260,1
6,44263,2
6,44264,12
6,44273,14
6,44277,244
6,44284,128
6,44285,1
6,44288,152
6,44292,2
6,44305,83
6,44340,18
6,44361,2
6,44368,178
6,44396,160
6,44397,351
6,44400,98
6,44404,12
6,44405,2
6,44417,10
6,44428,14
6,44452,4
6,44480,19
6,44484,1
6,44508,11
6,44512,1
6,44536,1082
6,44537,41
6,44540,69
6,44544,24
6,44552,56
6,44553,11
6,44557,11
6,44592,1773
6,44596,6
6,44600,8
6,44608,132
6,44618,1
6,44620,1
6,44628,1
6,44844,2
6,44852,1
6,44867,1
6,45000,1
6,45208,142
6,45209,2
6,45210,1
6,45212,9
6,45216,6
6,45224,71
6,45225,4
6,45227,1
6,45229,16
6,45230,6
6,45233,1
6,45236,74
6,45253,2
6,45257,23
6,45320,2
6,45328,3
6,45331,7
6,45348,60
6,45349,2
6,45367,5
6,45380,19
6,45432,257
6,45433,9
6,45436,43
6,45440,10
6,45453,46
6,45458,8
6,45516,24
6,45572,19
6,45576,4
6,45656,2
6,45684,71
6,45716,49
6,45733,6
6,45768,39
6,45772,4
6,45776,2
6,45784,2
6,45787,2
6,45796,316
6,45800,113
6,45803,1
6,45804,69
6,45812,4
6,45817,103
6,45823,2
6,45824,1340
6,45843,6
6,45908,34
6,45909,5
6,45912,2
6,45916,1
6,45927,9
6,45929,14
6,45936,66
6,45940,15
6,45944,4
6,46020,216
6,46021,300
6,46024,1
6,46028,13
6,46039,1
6,46041,220
6,46076,3
6,46104,2
6,46160,91
6,46168,7
6,46181,2
6,46244,8
6,46272,2
6,46300,31
6,46301,2
6,46307,5
6,46308,2
6,46321,24
6,46356,70
6,46384,65
6,46392,1
6,46412,8
6,46496,1
6,46497,9
6,46608,298
6,46748,2
6,46832,1
6,46848,1
6,46907,1
6,46972,129
6,46973,2
6,46976,2
6,47000,2
6,47004,1
6,47016,1
6,47017,1
6,47021,1
6,47084,99
6,47085,2
6,47088,6
6,47112,82
6,47116,1
6,47128,2
6,47129,1
6,47196,266
6,47197,5
6,47204,2
6,47212,1
6,47217,3
6,47329,3
6,47336,43
6,47337,4
6,47340,4
6,47420,2
6,47448,3
6,47476,41
6,47484,36
6,47532,133
6,47536,42
6,47540,2
6,47553,3
6,47560,203
6,47561,17
6,47564,109
6,47566,30
6,47568,42
6,47579,1
6,47581,32
6,47582,1
6,47588,65
6,47589,51
6,47592,8
6,47673,5
6,47676,8
6,47680,18
6,47688,1
6,47700,91
6,47701,2
6,47704,22
6,47708,2
6,47721,1
6,47728,3
6,47729,2
6,47732,13
6,47736,3
6,47749,91
6,47751,23
6,47784,164
6,47785,24
6,47787,2
6,47788,5
6,47792,5
6,47800,3
6,47805,15
6,47896,4
6,47924,129
6,47928,1344
6,47932,189
6,48012,6
6,48016,2
6,48036,1
6,48120,603
6,48124,121
6,48127,1
6,48128,16
6,48136,1
6,48143,1
6,48145,1
6,48148,147
6,48149,95
6,48152,106
6,48156,110
6,48157,3
6,48165,5
6,48169,59
6,48176,32
6,48177,64
6,48180,1
6,48192,3
6,48197,1
6,48260,42
6,48264,16
6,48268,1
6,48276,24
6,48277,33
6,48288,133
6,48289,24
6,48292,2
6,48296,38
6,48317,3
6,48320,27
6,48324,9
6,48337,25
6,48372,127
6,48373,42
6,48374,1
6,48376,36
6,48380,20
6,48388,5
6,48393,5
6,48464,1
6,48512,151
6,48513,77
6,48516,122
6,48520,68
6,48521,1
6,48531,1
6,48533,2
6,48596,4
6,48652,85
6,48660,40
6,48708,194
6,48709,5
6,48712,32
6,48716,18
6,48729,4
6,48730,1
6,48731,9
6,48744,2
6,48764,1
6,48772,1
6,48785,1
6,48904,1
6,49104,7
6,49296,1
6,49324,2809
6,49328,76
6,49332,49
6,49334,6
6,49340,85
6,49345,139
6,49352,59
6,49353,12
6,49356,2
6,49373,284
6,49380,7
6,49401,1
6,49408,1
6,49436,291
6,49437,6
6,49440,126
6,49444,18
6,49452,14
6,49453,3
6,49457,156
6,49464,192
6,49465,2
6,49468,6
6,49472,9
6,49483,1
6,49492,1
6,49528,1
6,49548,275
6,49549,16
6,49552,4
6,49556,3
6,49564,1
6,49569,14
6,49632,3
6,49660,17
6,49688,319
6,49689,4
6,49692,29
6,49696,12
6,49707,1
6,49709,5
6,49714,2
6,49772,2
6,49776,1
6,49780,1
6,49800,19
6,49819,3
6,49828,302
6,49836,26
6,49845,3
6,49849,11
6,49884,180
6,49885,58
6,49888,179
6,49892,142
6,49900,65
6,49901,4
6,49903,1
6,49905,11
6,49920,2
6,49933,12
6,50028,4
6,50056,1
6,50136,34
6,50280,11
6,50297,6
6,50416,7
6,50472,1
6,50473,1
6,50500,634
6,50501,37
6,50504,92
6,50508,94
6,50516,46
6,50517,6
6,50521,32
6,50526,11
6,50528,48
6,50529,7
6,50532,14
6,50536,19
6,50549,3
6,50556,59
6,50557,29
6,50567,1
6,50577,133
6,50612,165
6,50613,2
6,50616,96
6,50620,12
6,50628,8
6,50629,20
6,50630,1
6,50640,166
6,50641,4
6,50644,26
6,50648,7
6,50656,2
6,50657,2
6,50661,1
6,50668,234
6,50669,469
6,50672,923
6,50676,95
6,50684,6
6,50685,1
6,50689,330
6,50694,1
6,50696,168
6,50704,1
6,50715,18
6,50724,381
6,50725,22
6,50728,61
6,50732,45
6,50740,8
6,50741,2
6,50745,1
6,50752,28
6,50756,15
6,50773,54
6,50780,7
6,50808,755
6,50812,4
6,50816,1
6,50836,50
6,50857,37
6,50864,112
6,50868,57
6,50872,36
6,50880,2
6,50881,4
6,50885,2
6,50892,46
6,50896,181
6,50900,21
6,50920,6
6,50928,1
6,50937,30
6,50948,223
6,50952,61
6,50956,10
6,50967,1
6,50969,1
6,50976,557
6,50977,39
6,50980,64
6,50984,17
6,50997,1
6,51004,13
6,51008,40
6,51012,27
6,51020,251
6,51025,38
6,51032,94
6,51060,1685
6,51061,2
6,51064,370
6,51068,696
6,51069,21
6,51076,74
6,51077,36
6,51080,1
6,51081,87
6,51082,5
6,51088,310
6,51089,94
6,51092,5
6,51096,13
6,51104,8
6,51105,3
6,51109,120
6,51116,50
6,51117,4
6,51200,83
6,51201,49
6,51204,389
6,51208,24
6,51210,7
6,51216,16
6,51217,2
6,51219,1
6,51221,403
6,51228,378
6,51312,348
6,51313,3
6,51316,17
6,51320,7
6,51328,4
6,51329,2
6,51333,179
6,51339,2
6,51340,19
6,51452,306
6,51453,21
6,51456,6
6,51460,9
6,51473,468
6,51544,6
6,51564,1
6,51593,49
6,51600,1
6,51613,12
6,51648,383
6,51649,33
6,51652,73
6,51656,33
6,51664,1
6,51665,74
6,51667,1
6,51669,2
6,51676,8
6,51677,4
6,51687,2
6,51901,2
6,52264,25
6,52265,2
6,52268,1
6,52272,9
6,52280,491
6,52281,2
6,52285,44
6,52292,10
6,52293,10
6,52376,32
6,52377,6
6,52380,69
6,52384,77
6,52392,1
6,52395,41
6,52397,65
6,52404,50
6,52412,4
6,52488,147
6,52489,2
6,52507,4
6,52509,27
6,52572,96
6,52628,29
6,52629,49
6,52632,23
6,52636,81
6,52649,26
6,52684,1
6,52712,36
6,52769,16
6,52824,19
6,52828,24
6,52832,6
6,52840,6
6,52841,1
6,52845,22
6,52852,114
6,52856,33
6,52860,18
6,52868,4
6,52880,71
6,52888,25
6,52896,7
6,52964,18
6,52968,5
6,52972,6
6,52980,83
6,52981,2
6,52983,1
6,52992,100
6,52996,2
6,53000,3
6,53011,3
6,53076,86
6,53080,28
6,53084,20
6,53092,2
6,53097,4
6,53160,12
6,53168,2
6,53216,56
6,53220,1
6,53224,5
6,53244,9
6,53300,5
6,53301,1
6,53304,4
6,53328,4
6,53356,57
6,53360,3
6,53364,40
6,53412,22
6,53413,1
6,53420,11
6,53440,58
6,53441,5
6,53444,1202
6,53448,13
6,53456,3
6,53457,1
6,53461,2
6,53468,98
6,53469,6
6,53552,11
6,53553,3
6,53560,1
6,53573,12
6,53580,49
6,53581,7
6,53584,5
6,53588,7
6,53664,35
6,53672,38
6,53680,3
6,53685,75
6,53748,17
6,53804,27
6,53808,1
6,53812,4
6,53888,53
6,53916,26
6,53944,60
6,53945,153
6,53960,1
6,54000,9
6,54016,4
6,54028,131
6,54032,8
6,54036,23
6,54044,45
6,54045,2
6,54047,1
6,54056,16
6,54060,5
6,54077,2
6,54140,14
6,54156,2
6,54168,59
6,54172,6
6,54176,5
6,54185,1
6,54200,15
6,54217,87
6,54224,16
6,54252,73
6,54253,5
6,54256,4
6,54260,45
6,54268,4
6,54364,89
6,54392,18
6,54408,2
6,54411,2
6,54413,14
6,54512,1
6,54532,355
6,54540,63
6,54588,59
6,54589,2
6,54592,43
6,54596,14
6,54604,1
6,54609,5
6,54616,234
6,54617,86
6,54620,906
6,54624,8
6,54632,50
6,54633,20
6,54637,41
6,54644,144
6,54645,34
6,54648,1
6,54660,3
6,54663,3
6,54665,138
6,54671,3
6,54693,13
6,54728,27
6,54732,20
6,54736,1
6,54749,58
6,54756,93
6,54757,1
6,54760,24
6,54764,19
6,54777,1
6,54785,16
6,54788,302
6,54792,30
6,54800,1
6,54801,17
6,54805,57
6,54812,1
6,54840,58
6,54841,3
6,54844,11
6,54848,14
6,54856,2
6,54861,37
6,54865,1
6,54868,121
6,54869,16
6,54872,34
6,54876,17
6,54889,33
6,54924,43
6,54945,1
6,54952,5
6,54980,78
6,54981,1
6,54984,30
6,54988,1
6,54999,2
6,55036,1
6,55092,10
6,55113,1
6,55120,1
6,55121,12
6,55124,10
6,55137,4
6,55141,7
6,55148,10
6,55152,2
6,55176,33
6,55180,1
6,55184,6
6,55192,13
6,55193,1
6,65372,1
6,1114113,44003
